-- phpMyAdmin SQL Dump
-- version 4.9.0.1
-- https://www.phpmyadmin.net/
--
-- Host: 127.0.0.1
-- Generation Time: Nov 07, 2019 at 04:22 PM
-- Server version: 10.4.6-MariaDB
-- PHP Version: 7.3.9

SET SQL_MODE = "NO_AUTO_VALUE_ON_ZERO";
SET AUTOCOMMIT = 0;
START TRANSACTION;
SET time_zone = "+00:00";


/*!40101 SET @OLD_CHARACTER_SET_CLIENT=@@CHARACTER_SET_CLIENT */;
/*!40101 SET @OLD_CHARACTER_SET_RESULTS=@@CHARACTER_SET_RESULTS */;
/*!40101 SET @OLD_COLLATION_CONNECTION=@@COLLATION_CONNECTION */;
/*!40101 SET NAMES utf8mb4 */;

--
-- Database: `db_mulia`
--

-- --------------------------------------------------------

--
-- Table structure for table `activity_log`
--

CREATE TABLE `activity_log` (
  `id` int(11) NOT NULL,
  `timestamp` timestamp NOT NULL DEFAULT current_timestamp() ON UPDATE current_timestamp(),
  `username` varchar(20) NOT NULL,
  `activity` varchar(80) NOT NULL,
  `query` varchar(200) DEFAULT NULL
) ENGINE=InnoDB DEFAULT CHARSET=utf32;

-- --------------------------------------------------------

--
-- Table structure for table `items_check`
--

CREATE TABLE `items_check` (
  `id` int(11) NOT NULL,
  `timestamp` timestamp NOT NULL DEFAULT current_timestamp(),
  `user` varchar(20) NOT NULL,
  `in_out` int(11) NOT NULL DEFAULT 1,
  `status` int(11) NOT NULL DEFAULT 0
) ENGINE=InnoDB DEFAULT CHARSET=utf32;

--
-- Dumping data for table `items_check`
--

INSERT INTO `items_check` (`id`, `timestamp`, `user`, `in_out`, `status`) VALUES
(0, '2019-11-04 02:05:42', 'admin', 1, 0);

-- --------------------------------------------------------

--
-- Table structure for table `items_check_detail`
--

CREATE TABLE `items_check_detail` (
  `id_stock_check` int(11) NOT NULL,
  `id_items` char(5) NOT NULL,
  `check_status` int(11) NOT NULL DEFAULT 0
) ENGINE=InnoDB DEFAULT CHARSET=utf32;

-- --------------------------------------------------------

--
-- Table structure for table `master_carat`
--

CREATE TABLE `master_carat` (
  `id` int(11) NOT NULL,
  `carat` varchar(10) NOT NULL
) ENGINE=InnoDB DEFAULT CHARSET=utf32;

--
-- Dumping data for table `master_carat`
--

INSERT INTO `master_carat` (`id`, `carat`) VALUES
(1, '42%'),
(2, '37.5%'),
(3, '30%');

-- --------------------------------------------------------

--
-- Table structure for table `master_category`
--

CREATE TABLE `master_category` (
  `id` char(1) NOT NULL,
  `nama` varchar(20) NOT NULL
) ENGINE=InnoDB DEFAULT CHARSET=utf32;

--
-- Dumping data for table `master_category`
--

INSERT INTO `master_category` (`id`, `nama`) VALUES
('A', 'AT'),
('B', 'AA'),
('C', 'CC'),
('D', 'CA'),
('G', 'GL'),
('H', 'GLA'),
('I', 'GLB'),
('K', 'KL'),
('L', 'KLP'),
('M', 'KLS'),
('N', 'KLA'),
('T', 'LT');

-- --------------------------------------------------------

--
-- Table structure for table `master_items`
--

CREATE TABLE `master_items` (
  `id` char(5) NOT NULL,
  `category` char(1) NOT NULL,
  `subcategory` char(1) NOT NULL,
  `nama` varchar(25) DEFAULT NULL,
  `supplier` int(11) NOT NULL DEFAULT 0,
  `karat` int(11) NOT NULL,
  `berat` float NOT NULL,
  `stocks` int(11) NOT NULL DEFAULT 1
) ENGINE=InnoDB DEFAULT CHARSET=utf32;

--
-- Dumping data for table `master_items`
--

INSERT INTO `master_items` (`id`, `category`, `subcategory`, `nama`, `supplier`, `karat`, `berat`, `stocks`) VALUES
('GB001', 'G', 'B', 'VAR PUTIH', 3, 2, 5.05, 1),
('GB002', 'G', 'B', 'VAR PUTIH', 3, 2, 5.04, 1),
('GB003', 'G', 'B', 'VAR PUTIH', 0, 2, 5.11, 1),
('GB004', 'G', 'B', 'VAR PUTIH', 0, 2, 5.05, 1),
('KF001', 'K', 'F', NULL, 0, 2, 4.96, 1),
('KF002', 'K', 'F', NULL, 0, 2, 5.1, 1),
('KF003', 'K', 'F', NULL, 0, 2, 10.14, 1),
('KF004', 'K', 'F', NULL, 0, 2, 6.94, 1),
('KF005', 'K', 'F', NULL, 0, 2, 7.92, 1),
('KF006', 'K', 'F', NULL, 0, 2, 4.98, 1),
('KF007', 'K', 'F', NULL, 0, 2, 4.08, 1),
('KF008', 'K', 'F', NULL, 0, 2, 3, 1),
('KF009', 'K', 'F', NULL, 0, 2, 4.08, 1),
('KF010', 'K', 'F', NULL, 0, 2, 4.05, 1),
('KF011', 'K', 'F', NULL, 0, 2, 2, 1),
('KF012', 'K', 'F', NULL, 0, 2, 7.15, 1),
('KF013', 'K', 'F', NULL, 0, 2, 3.02, 1),
('KF014', 'K', 'F', NULL, 0, 2, 8.13, 1),
('KF015', 'K', 'F', NULL, 0, 2, 2, 1),
('KF016', 'K', 'F', NULL, 0, 2, 4.11, 1),
('KF017', 'K', 'F', NULL, 0, 2, 3.12, 1),
('KF018', 'K', 'F', NULL, 0, 2, 6.09, 1),
('KF019', 'K', 'F', NULL, 0, 2, 3.12, 1),
('KF020', 'K', 'F', NULL, 0, 2, 3.05, 1),
('KF021', 'K', 'F', NULL, 0, 2, 1.59, 1),
('KF022', 'K', 'F', NULL, 0, 2, 3.05, 1),
('KF023', 'K', 'F', NULL, 0, 2, 3.09, 1),
('KF024', 'K', 'F', NULL, 0, 2, 1.59, 1),
('KF025', 'K', 'F', NULL, 0, 2, 3.12, 1),
('KF026', 'K', 'F', NULL, 0, 2, 1.57, 1),
('KH001', 'K', 'H', NULL, 0, 1, 6.11, 1),
('KH002', 'K', 'H', NULL, 0, 1, 7.06, 1),
('KH003', 'K', 'H', NULL, 0, 1, 7.05, 1),
('KH004', 'K', 'H', NULL, 0, 1, 6.11, 1),
('KH005', 'K', 'H', NULL, 0, 1, 2.06, 1),
('KH006', 'K', 'H', NULL, 0, 1, 6.16, 1),
('KH007', 'K', 'H', NULL, 0, 1, 2.11, 1),
('KM001', 'K', 'M', NULL, 0, 1, 3.09, 1),
('KM002', 'K', 'M', NULL, 0, 1, 3.1, 1),
('KM003', 'K', 'M', NULL, 0, 1, 5.12, 1),
('KM004', 'K', 'M', NULL, 0, 1, 6.24, 1),
('KM005', 'K', 'M', NULL, 0, 1, 5.05, 1),
('KM006', 'K', 'M', NULL, 0, 1, 6.12, 1),
('KM007', 'K', 'M', NULL, 0, 1, 5.08, 1),
('KM008', 'K', 'M', NULL, 0, 1, 3.03, 1),
('KM009', 'K', 'M', NULL, 0, 1, 5.06, 1),
('KM010', 'K', 'M', NULL, 0, 1, 4, 1),
('KM011', 'K', 'M', NULL, 0, 1, 5.06, 1),
('KM012', 'K', 'M', NULL, 0, 1, 4.08, 1),
('KM013', 'K', 'M', NULL, 0, 1, 4.11, 1),
('KM014', 'K', 'M', NULL, 0, 1, 4, 1),
('KM015', 'K', 'M', NULL, 0, 1, 8.17, 1),
('KM016', 'K', 'M', NULL, 0, 1, 5.05, 1),
('KM017', 'K', 'M', NULL, 0, 1, 2.97, 1),
('KM018', 'K', 'M', NULL, 0, 1, 7.04, 1),
('KM019', 'K', 'M', NULL, 0, 1, 8.12, 1),
('KM020', 'K', 'M', NULL, 0, 1, 10.06, 1),
('KM021', 'K', 'M', NULL, 0, 1, 4.15, 1),
('KM022', 'K', 'M', NULL, 0, 1, 3.07, 1),
('KM023', 'K', 'M', NULL, 0, 1, 2.05, 1),
('KM024', 'K', 'M', NULL, 0, 1, 3.05, 1),
('KM025', 'K', 'M', NULL, 0, 1, 2.07, 1),
('KM026', 'K', 'M', NULL, 0, 1, 9.84, 1),
('KR001', 'K', 'R', NULL, 0, 1, 2.06, 1),
('KR002', 'K', 'R', NULL, 0, 1, 2.02, 1),
('KR003', 'K', 'R', NULL, 0, 1, 3.11, 1),
('KR004', 'K', 'R', NULL, 0, 1, 7.12, 1),
('KR005', 'K', 'R', NULL, 0, 1, 5.05, 1),
('KR006', 'K', 'R', NULL, 0, 1, 3.08, 1),
('KR007', 'K', 'R', NULL, 0, 1, 9.98, 1),
('KR008', 'K', 'R', NULL, 0, 1, 7.98, 1),
('KR009', 'K', 'R', NULL, 0, 1, 10.07, 1),
('KR010', 'K', 'R', NULL, 0, 1, 7.04, 1),
('KR011', 'K', 'R', NULL, 0, 1, 5.97, 1),
('KR012', 'K', 'R', NULL, 0, 1, 4.07, 1),
('KR013', 'K', 'R', NULL, 0, 1, 5.9, 1),
('KR014', 'K', 'R', NULL, 0, 1, 3.14, 1),
('KR015', 'K', 'R', NULL, 0, 1, 4.13, 1),
('KR016', 'K', 'R', NULL, 0, 1, 3.14, 1),
('KS001', 'K', 'S', NULL, 0, 1, 3.96, 1),
('KS002', 'K', 'S', NULL, 0, 1, 5.03, 1),
('KS003', 'K', 'S', NULL, 0, 1, 2.9, 1),
('KS004', 'K', 'S', NULL, 0, 1, 5.02, 1),
('KS005', 'K', 'S', NULL, 0, 1, 2.07, 1),
('KS006', 'K', 'S', NULL, 0, 1, 4.18, 1),
('KS007', 'K', 'S', NULL, 0, 1, 3.08, 1),
('KS008', 'K', 'S', NULL, 0, 1, 8.03, 1),
('KS009', 'K', 'S', 'SDG', 0, 1, 9.93, 1),
('KS010', 'K', 'S', NULL, 0, 1, 4.94, 1),
('KS011', 'K', 'S', NULL, 0, 1, 4.92, 1),
('KS012', 'K', 'S', NULL, 0, 1, 2.05, 1),
('KS013', 'K', 'S', NULL, 0, 1, 2.9, 1),
('KS014', 'K', 'S', 'SDG', 0, 1, 6.04, 1),
('KS015', 'K', 'S', NULL, 0, 1, 2.88, 1),
('KS016', 'K', 'S', NULL, 0, 1, 8, 1),
('KS017', 'K', 'S', NULL, 0, 1, 11.9, 1),
('KS018', 'K', 'S', NULL, 0, 1, 2.03, 1),
('KS019', 'K', 'S', 'SDG', 0, 1, 7.1, 1),
('KS020', 'K', 'S', 'SDG', 0, 1, 5.06, 1),
('KS021', 'K', 'S', 'SDG', 0, 1, 4.84, 1),
('KS022', 'K', 'S', 'SDG', 0, 1, 6.05, 1),
('KS023', 'K', 'S', NULL, 0, 1, 2.05, 1),
('KS024', 'K', 'S', NULL, 0, 1, 4.96, 1),
('KS025', 'K', 'S', NULL, 0, 1, 5.09, 1),
('KS026', 'K', 'S', NULL, 0, 1, 6.87, 1),
('KS027', 'K', 'S', NULL, 0, 1, 2.91, 1),
('KS028', 'K', 'S', NULL, 0, 1, 5.11, 1),
('KS029', 'K', 'S', NULL, 0, 1, 2.99, 1),
('KS030', 'K', 'S', NULL, 0, 1, 2.04, 1),
('KS031', 'K', 'S', NULL, 0, 1, 4.96, 1),
('KS032', 'K', 'S', NULL, 0, 1, 2, 1),
('KS033', 'K', 'S', NULL, 0, 1, 7.08, 1),
('KS034', 'K', 'S', 'SDG', 0, 1, 6.08, 1),
('KS035', 'K', 'S', 'SDG', 0, 1, 9.89, 1),
('GB005', 'G', 'B', 'VAR KOTAK', 1, 2, 4.43, 1),
('GB006', 'G', 'B', 'VAR KOTAK', 1, 2, 4.64, 1),
('GB007', 'G', 'B', 'VAR KOTAK', 1, 2, 4.52, 1),
('GB008', 'G', 'B', 'VAR PITA', 0, 2, 7.12, 1),
('GB009', 'G', 'B', 'VAR BAMBU PTH', 0, 2, 3.33, 1),
('GB010', 'G', 'B', 'VAR BAMBU PTH', 0, 2, 3.36, 1),
('GB011', 'G', 'B', 'VAR BAMBU PTH', 0, 2, 3.2, 1),
('GB012', 'G', 'B', 'VAR PUTIH', 0, 2, 5.25, 1),
('GB013', 'G', 'B', 'VAR PUTIH', 0, 2, 5.23, 1),
('GB014', 'G', 'B', 'VAR BTG', 0, 2, 5.08, 1),
('GB015', 'G', 'B', 'VAR BUNGA', 0, 2, 10.06, 1),
('IB001', 'I', 'B', 'VAR CAT HK', 3, 2, 2.08, 1),
('IB002', 'I', 'B', 'VAR CAT HK', 3, 2, 2.12, 1),
('IB003', 'I', 'B', 'VAR CAT HK', 3, 2, 2.12, 1),
('IB004', 'I', 'B', 'VAR CAT HK', 3, 2, 1.45, 1),
('IB005', 'I', 'B', 'VAR CAT DORA', 3, 2, 1.51, 1),
('IB006', 'I', 'B', 'VAR CAT HK', 3, 2, 1.54, 1),
('IB007', 'I', 'B', 'VAR CAT HK', 3, 2, 1.6, 1),
('IB008', 'I', 'B', 'VAR CAT DORA', 3, 2, 2.07, 1),
('IB009', 'I', 'B', 'VAR CAT BONEKA', 3, 2, 1.52, 1),
('IB010', 'I', 'B', 'VAR CAT STROBERI', 3, 2, 1.54, 1),
('IB011', 'I', 'B', 'VAR CAT 2AD', 3, 2, 2.19, 1),
('IB012', 'I', 'B', 'VAR CAT AD BLT', 3, 2, 2.05, 1),
('IB013', 'I', 'B', 'VAR CAT 2AD BTG', 3, 2, 2.07, 1),
('IB014', 'I', 'B', 'VAR CAT 2AD BTG', 3, 2, 2.1, 1),
('IB015', 'I', 'B', 'VAR CAT AD BLT', 3, 2, 2.11, 1),
('IB016', 'I', 'B', 'VAR PTH+AD PTH PINK', 3, 2, 2.04, 1),
('IB017', 'I', 'B', 'VAR PTH+AD BUNGA', 3, 2, 2.06, 1),
('IB018', 'I', 'B', 'VAR PTH+AD BUNGA', 3, 2, 2.13, 1),
('IB019', 'I', 'B', 'VAR MAHKOTA 5AD', 3, 2, 2.07, 1),
('IB020', 'I', 'B', 'VAR 5BOLA', 0, 2, 2.63, 1),
('IB021', 'I', 'B', 'VAR 5BOLA', 0, 2, 2.43, 1),
('IB022', 'I', 'B', 'VAR 5BOLA', 0, 2, 2.55, 1),
('IB023', 'I', 'B', 'VAR 5BOLA', 0, 2, 2.44, 1),
('IB024', 'I', 'B', 'VAR PTH', 0, 2, 2.81, 1),
('IB025', 'I', 'B', 'VAR PTH', 0, 2, 2.82, 1),
('IB026', 'I', 'B', 'VAR PTH', 0, 2, 2.27, 1),
('IB027', 'I', 'B', 'VAR PTH', 0, 2, 1.97, 1),
('IB028', 'I', 'B', 'VAR PTH', 0, 2, 2, 1),
('IB029', 'I', 'B', 'VAR PTH', 0, 2, 2.22, 1),
('IB030', 'I', 'B', 'VAR PTH', 0, 2, 2.82, 1),
('IB031', 'I', 'B', 'VAR PTH', 0, 2, 2.25, 1),
('IB032', 'I', 'B', 'VAR PTH', 0, 2, 1.98, 1),
('IB033', 'I', 'B', 'VAR AD WAJIK', 0, 2, 2.2, 1),
('IB034', 'I', 'B', 'VAR AD WAJIK', 0, 2, 2.18, 1),
('IB035', 'I', 'B', 'ULIR VAR AD HATI', 0, 2, 2.08, 1),
('IB036', 'I', 'B', 'ULIR VAR AD HATI', 0, 2, 2.12, 1),
('IB037', 'I', 'B', 'ULIR VAR AD OVAL', 0, 2, 2, 1),
('IB038', 'I', 'B', 'VAR BTG+AD', 4, 2, 2.08, 1),
('IB039', 'I', 'B', 'VAR MOZAIK', 1, 2, 1.76, 1),
('IB040', 'I', 'B', 'VAR MOZAIK', 1, 2, 1.76, 1),
('IB041', 'I', 'B', 'STGH PIPA', 3, 2, 3.03, 1),
('IB042', 'I', 'B', 'STGH PIPA', 3, 2, 3.03, 1),
('IB043', 'I', 'B', 'STGH PIPA', 3, 2, 2.92, 1),
('IB044', 'I', 'B', 'STGH PIPA', 3, 2, 2.12, 1),
('IB045', 'I', 'B', 'STGH PIPA', 3, 2, 2.2, 1),
('GB016', 'G', 'B', 'C VAR PTH MRH', 0, 2, 7.1, 1),
('GB017', 'G', 'B', 'C VAR PTH MRH', 0, 2, 8, 1),
('GB018', 'G', 'B', 'C VAR PTH MRH BTG', 0, 2, 3.14, 1),
('GB019', 'G', 'B', 'C VAR MRH PTH BTG', 0, 2, 3.12, 1),
('GB020', 'G', 'B', 'C VAR MRH PTH BTG', 0, 2, 3.18, 1),
('CV001', 'C', 'V', 'AD HATI', 0, 2, 2.18, 1),
('CV002', 'C', 'V', 'KOTAK AD', 0, 2, 1.58, 1),
('CV003', 'C', 'V', 'AD BULAT', 0, 2, 1.6, 1),
('CV004', 'C', 'V', 'BTG AD HATI', 0, 2, 1.12, 1),
('CV005', 'C', 'V', 'BTG AD HATI', 0, 2, 1.1, 1),
('CV006', 'C', 'V', 'HATI AD PINK', 0, 2, 1.62, 1),
('CV007', 'C', 'V', '2PITA AD', 0, 2, 1.25, 1),
('CV008', 'C', 'V', 'KOTAK AD', 0, 2, 1.52, 1),
('CV009', 'C', 'V', '2PITA AD', 0, 2, 1.1, 1),
('CV010', 'C', 'V', 'AD C', 1, 2, 1.71, 1),
('CV011', 'C', 'V', 'PER HATI PTH', 0, 2, 1.9, 1),
('CV012', 'C', 'V', 'AD HATI PINK', 0, 2, 1.55, 1),
('CV013', 'C', 'V', 'AD HATI', 0, 2, 1.36, 1),
('CV014', 'C', 'V', 'AD KUPU', 0, 2, 1.63, 1),
('CV015', 'C', 'V', 'PTH 1AD', 0, 2, 2.28, 1),
('CV016', 'C', 'V', 'RANTAI', 0, 2, 2.16, 1),
('CV017', 'C', 'V', 'BLT LBNG', 0, 2, 0.55, 1),
('CV018', 'C', 'V', 'KUPU STGH AD', 0, 2, 1.42, 1),
('CV019', 'C', 'V', '1 AD ORANGE', 0, 2, 1.61, 1),
('CV020', 'C', 'V', 'ANGSA RAINBOW', 0, 2, 2.34, 1),
('CV021', 'C', 'V', 'HATI 5AD', 0, 2, 1.07, 1),
('CV022', 'C', 'V', 'PER 2BLT AD', 0, 2, 1.37, 1),
('CV023', 'C', 'V', 'KUPU 2AD BULAT', 0, 2, 1.5, 1),
('CV024', 'C', 'V', 'HATI AD', 0, 2, 1.31, 1),
('CV025', 'C', 'V', 'BOLA AD RAINBOW', 0, 2, 1.88, 1),
('CV026', 'C', 'V', '3HATI AD', 0, 2, 1.07, 1),
('CV027', 'C', 'V', 'KUPU STGH AD', 0, 2, 1.48, 1),
('CV028', 'C', 'V', 'CAT AD KOTAK', 0, 2, 2.06, 1),
('CV029', 'C', 'V', 'CARTIER', 0, 2, 2.13, 1),
('CV030', 'C', 'V', 'BTG AD PINK', 0, 2, 1.23, 1),
('CV031', 'C', 'V', 'BTG AD', 0, 2, 1.54, 1),
('CV032', 'C', 'V', '9 AD', 0, 2, 0.9, 1),
('CV033', 'C', 'V', 'HATI LBG', 0, 2, 0.85, 1),
('CV034', 'C', 'V', 'DOLPHIN RAINBOW', 0, 2, 2.32, 1),
('CV035', 'C', 'V', '1AD BSR+4AD KCL', 0, 2, 1.92, 1),
('CV036', 'C', 'V', '9AD', 0, 2, 0.93, 1),
('CV037', 'C', 'V', '3HATI AD', 0, 2, 1.03, 1),
('CV038', 'C', 'V', 'AD HATI', 0, 2, 1.22, 1),
('CV039', 'C', 'V', 'PER RAINBOW', 0, 2, 2.23, 1),
('CV040', 'C', 'V', '1AD MERAH', 0, 2, 2.1, 1),
('CV041', 'C', 'V', '1AD PUTIH', 0, 2, 2.22, 1),
('CV042', 'C', 'V', '2AD', 0, 2, 0.93, 1),
('CV043', 'C', 'V', 'KOTAK AD', 0, 2, 1.64, 1),
('CV044', 'C', 'V', 'HATI AD', 0, 2, 0.88, 1),
('CV045', 'C', 'V', 'PTH +AD', 0, 2, 1.12, 1),
('CV046', 'C', 'V', 'AD HATI', 0, 2, 1.32, 1),
('CV047', 'C', 'V', 'AD BULAT', 0, 2, 2.5, 1),
('CV048', 'C', 'V', '2HATI AD', 0, 2, 1.22, 1),
('CV049', 'C', 'V', 'BULAT 1AD', 0, 2, 1.43, 1),
('CV050', 'C', 'V', '1AD', 0, 2, 0.92, 1),
('CV051', 'C', 'V', 'CAT RANTAI AD', 0, 2, 4.09, 1),
('CV052', 'C', 'V', 'CAT AD', 0, 2, 2.18, 1),
('CV053', 'C', 'V', 'ANGSA AD PINK', 0, 2, 1.63, 1),
('CV054', 'C', 'V', 'PETIR AD', 0, 2, 1.32, 1),
('CV055', 'C', 'V', 'PER 3KUPU AD', 0, 2, 2.42, 1),
('CV056', 'C', 'V', '2 PITA AD', 0, 2, 1.19, 1),
('CV057', 'C', 'V', 'HATI MAHKOTA AD', 0, 2, 1.12, 1),
('CV058', 'C', 'V', '1AD', 0, 2, 1.95, 1),
('CV059', 'C', 'V', 'KUPU', 0, 2, 0.8, 1),
('CV060', 'C', 'V', 'CAT AD', 0, 2, 2.17, 1),
('CV061', 'C', 'V', 'HATI AD PINK', 0, 2, 0.76, 1),
('CV062', 'C', 'V', 'CARTIER', 0, 2, 2.03, 1),
('CV063', 'C', 'V', 'PTH AD', 0, 2, 1.23, 1),
('CV064', 'C', 'V', 'CARTIER', 0, 2, 2.04, 1),
('CV065', 'C', 'V', '2AD', 0, 2, 0.92, 1),
('CV066', 'C', 'V', 'BSR AD', 0, 2, 3.28, 1),
('CV067', 'C', 'V', '3AD', 0, 2, 0.8, 1),
('CV068', 'C', 'V', 'BSR PTH +AD', 0, 2, 4.07, 1),
('CV069', 'C', 'V', 'BSR AD', 0, 2, 3.83, 1),
('CV070', 'C', 'V', 'CAT AD', 0, 2, 2.34, 1),
('CV071', 'C', 'V', 'PITA AD PINK', 0, 2, 1.06, 1),
('CV072', 'C', 'V', '1AD BSR', 0, 2, 1.74, 1),
('CV073', 'C', 'V', 'AD', 0, 2, 1.4, 1),
('CV074', 'C', 'V', 'PER AD KUPU', 0, 2, 1.79, 1),
('CV075', 'C', 'V', 'AD HTM', 0, 2, 2.9, 1),
('CV076', 'C', 'V', 'RANTAI', 0, 2, 2, 1),
('CV077', 'C', 'V', 'VAR PUTIH AD', 0, 2, 1.6, 1),
('CV078', 'C', 'V', '1 AD BSR', 0, 2, 2.2, 1),
('CV079', 'C', 'V', '3HARI AD', 0, 2, 1.06, 1),
('CV080', 'C', 'V', 'PTH AD', 0, 2, 1.06, 1),
('CV081', 'C', 'V', 'HATI AD', 0, 2, 0.88, 1),
('CV082', 'C', 'V', 'BSR AD', 0, 2, 2.5, 1),
('CV083', 'C', 'V', '2 HATI LBG', 0, 2, 0.8, 1),
('CV084', 'C', 'V', 'BSR AD', 0, 2, 2.67, 1),
('CV085', 'C', 'V', 'HATI AD', 0, 2, 0.82, 1),
('CV086', 'C', 'V', 'PTH AD', 0, 2, 1.52, 1),
('CV087', 'C', 'V', 'CAT AD', 0, 2, 2.2, 1),
('CV088', 'C', 'V', 'PETIR AD', 0, 2, 1.3, 1),
('CV089', 'C', 'V', 'AD BLT', 0, 2, 1.12, 1),
('CV090', 'C', 'V', 'CAT AD', 0, 2, 2.22, 1),
('CV091', 'C', 'V', 'BUNGA BLT AD', 0, 2, 1.9, 1),
('CV092', 'C', 'V', '2AD', 0, 2, 0.93, 1),
('CV093', 'C', 'V', '2BLT AD PINK', 0, 2, 1.5, 1),
('CV094', 'C', 'V', '2AD', 0, 2, 0.95, 1),
('CV095', 'C', 'V', '2BLT AD', 0, 2, 1.42, 1),
('CV096', 'C', 'V', '2BLT AD', 0, 2, 1.41, 1),
('CV097', 'C', 'V', 'PER 2AD', 0, 2, 2.04, 1),
('CV098', 'C', 'V', 'PER 2HATI PTH', 0, 2, 1.63, 1),
('CV099', 'C', 'V', 'HATI 5AD', 0, 2, 1.03, 1),
('CV100', 'C', 'V', 'PTH AD', 0, 2, 1.2, 1),
('CV101', 'C', 'V', 'AD PINK', 0, 2, 1.54, 1),
('CV102', 'C', 'V', 'PER PTH', 0, 2, 3, 1),
('CV103', 'C', 'V', 'BSR BOLA +AD', 0, 2, 3.16, 1),
('CV104', 'C', 'V', 'BSR SILANG AD', 0, 2, 2.37, 1),
('CV105', 'C', 'V', 'BTG AD PINK', 0, 2, 1.22, 1),
('CV106', 'C', 'V', 'BSR LBG AD', 0, 2, 3, 1),
('CV107', 'C', 'V', 'BSR 3BOLA AD', 0, 2, 3.65, 1),
('CV108', 'C', 'V', 'SABUK AD', 0, 2, 1.87, 1),
('CV109', 'C', 'V', 'AD BLT', 0, 2, 1.29, 1),
('CV110', 'C', 'V', 'CHANEL AD', 0, 2, 1.53, 1),
('CV111', 'C', 'V', 'KUPU STGH AD', 0, 2, 1.52, 1),
('CV112', 'C', 'V', '1AD BIRU', 0, 2, 2.3, 1),
('CV113', 'C', 'V', '3AD', 0, 2, 0.83, 1),
('CV114', 'C', 'V', 'SABUK CAT AD', 0, 2, 2.06, 1),
('CV115', 'C', 'V', '2AD', 0, 2, 0.93, 1),
('CV116', 'C', 'V', '1AD BSR', 0, 2, 2.04, 1),
('CV117', 'C', 'V', 'HATI LBG', 0, 2, 0.82, 1),
('CV118', 'C', 'V', 'KUPU', 0, 2, 0.86, 1),
('CV119', 'C', 'V', '2AD', 0, 2, 0.94, 1),
('CV120', 'C', 'V', 'HATI LBG', 0, 2, 0.8, 1),
('CV121', 'C', 'V', '3AD', 0, 2, 0.9, 1),
('CV122', 'C', 'V', '3HATI AD', 0, 2, 0.9, 1),
('CV123', 'C', 'V', 'CAT HATI AD', 0, 2, 1.36, 1),
('CV124', 'C', 'V', '2AD PINK', 0, 2, 1.44, 1),
('CV125', 'C', 'V', '2AD BLT', 0, 2, 1.38, 1),
('CV126', 'C', 'V', 'PER 3HATI PTH', 0, 2, 2, 1),
('CV127', 'C', 'V', 'PTH AD', 0, 2, 1.5, 1),
('CV128', 'C', 'V', '2BLT AD PINK', 0, 2, 1.5, 1),
('CV129', 'C', 'V', 'KUPU STGH AD', 0, 2, 1.38, 1),
('CV130', 'C', 'V', 'PER 4BLT AD PINK', 0, 2, 1.47, 1),
('CV131', 'C', 'V', 'HATI LBG', 0, 2, 0.86, 1),
('CV132', 'C', 'V', 'BSR CAT + PTH', 1, 2, 2.78, 1),
('CV133', 'C', 'V', 'BSR CAT + PTH', 1, 2, 2.8, 1),
('CV134', 'C', 'V', 'AD C', 1, 2, 1.69, 1),
('CV135', 'C', 'V', 'BSR LBG', 3, 2, 3.45, 1),
('CV136', 'C', 'V', 'WAJIK PTH AD', 3, 2, 1.55, 1),
('CV137', 'C', 'V', 'WAJIK PTH AD', 3, 2, 1.48, 1),
('CV138', 'C', 'V', 'WAJIK PTH AD', 3, 2, 1.5, 1),
('CV139', 'C', 'V', 'WAJIK PTH AD PINK', 3, 2, 1.43, 1),
('CV140', 'C', 'V', 'OVAL AD PINK', 3, 2, 1.39, 1),
('CV141', 'C', 'V', 'AD PINK BIRU', 3, 2, 1.54, 1),
('CV142', 'C', 'V', 'WAJIK PTH AD', 3, 2, 1.6, 1),
('CV143', 'C', 'V', 'PTH 1AD', 0, 2, 1.7, 1),
('CV144', 'C', 'V', 'PTH 1AD ', 0, 2, 1.75, 1),
('CV145', 'C', 'V', 'PTH 1AD', 0, 2, 1.95, 1),
('CV146', 'C', 'V', 'PTH 1AD', 0, 2, 1.86, 1),
('CV147', 'C', 'V', 'PTH 1AD', 0, 2, 1.95, 1),
('CV148', 'C', 'V', 'PTH 1AD', 0, 2, 2.24, 1),
('CV149', 'C', 'V', 'PTH 1AD', 0, 2, 1.58, 1),
('CV150', 'C', 'V', 'PTH 1AD', 0, 2, 1.66, 1),
('CV151', 'C', 'V', 'PTH 1AD', 0, 2, 2.58, 1),
('CV152', 'C', 'V', 'PTH 1AD', 0, 2, 1.76, 1),
('CV153', 'C', 'V', 'PTH 1AD', 0, 2, 1.75, 1),
('CV154', 'C', 'V', 'BUNGA LBG', 0, 2, 0.9, 1),
('CV155', 'C', 'V', 'WAJIK LBG', 0, 2, 0.9, 1),
('CV156', 'C', 'V', 'WAJIK LBG', 0, 2, 0.98, 1),
('CV157', 'C', 'V', 'BUNGA LBG', 0, 2, 0.88, 1),
('CV158', 'C', 'V', 'WAJIK AD', 0, 2, 1.6, 1),
('DV001', 'D', 'V', 'CAT MIKI', 3, 2, 0.95, 1),
('DV002', 'D', 'V', 'CAT PONI 2AD', 3, 2, 0.98, 1),
('DV003', 'D', 'V', 'CAT PONI 2AD', 3, 2, 0.97, 1),
('DV004', 'D', 'V', 'CAT HK 2AD', 3, 2, 1.17, 1),
('DV005', 'D', 'V', 'HK FULL AD', 3, 2, 0.95, 1),
('DV006', 'D', 'V', 'CAT HK', 3, 2, 0.94, 1),
('DV007', 'D', 'V', 'CAT HK', 3, 2, 0.98, 1),
('DV008', 'D', 'V', 'CAT HK 2AD', 3, 2, 1.14, 1),
('DV009', 'D', 'V', 'CAT HK 2AD', 3, 2, 1.07, 1),
('DV010', 'D', 'V', 'CAT STROBERI 1AD', 3, 2, 1.1, 1),
('DV011', 'D', 'V', 'HK FULL AD', 3, 2, 1.07, 1),
('DV012', 'D', 'V', 'CAT TSUM 2AD', 3, 2, 1.18, 1),
('DV013', 'D', 'V', 'CAT TSUM 2AD', 3, 2, 1.13, 1),
('DV014', 'D', 'V', 'CAT STROBERI 1AD', 3, 2, 1.04, 1),
('DV015', 'D', 'V', 'CAT TIMBUL DORA', 3, 2, 0.55, 1),
('DV016', 'D', 'V', 'CAT TIMBUL DORA', 3, 2, 0.54, 1),
('DV017', 'D', 'V', 'CAT TIMBUL HK', 3, 2, 0.5, 1),
('DV018', 'D', 'V', 'CAT TIMBUL HK', 3, 2, 0.51, 1),
('DV019', 'D', 'V', 'CAT TIMBUL HK', 3, 2, 0.55, 1),
('DV020', 'D', 'V', 'CAT TIMBUL HK', 3, 2, 0.56, 1),
('DV021', 'D', 'V', 'CAT TIMBUL STROBERI', 3, 2, 0.52, 1),
('DV022', 'D', 'V', 'CAT TIMBUL STROBERI', 3, 2, 0.54, 1),
('DV023', 'D', 'V', 'STAMP HK', 3, 2, 0.53, 1),
('DV024', 'D', 'V', 'STAMP HK', 3, 2, 0.53, 1),
('DV025', 'D', 'V', 'CAT MIKI 2AD', 3, 2, 1.1, 1),
('DV026', 'D', 'V', 'CAT MIKI 2AD', 3, 2, 1.1, 1),
('DV027', 'D', 'V', 'CAT STRO 2AD', 3, 2, 1.15, 1),
('DV028', 'D', 'V', 'CAT STRO 2AD', 3, 2, 1.07, 1),
('DV029', 'D', 'V', 'STAMP MIKI', 3, 2, 0.51, 1),
('DV030', 'D', 'V', 'STAMP MIKI', 3, 2, 0.53, 1),
('DV031', 'D', 'V', 'HATI 1AD', 0, 2, 0.6, 1),
('DV032', 'D', 'V', 'KUPU 1AD', 0, 2, 0.61, 1),
('DV033', 'D', 'V', 'BULAT 1AD', 0, 2, 0.82, 1),
('DV034', 'D', 'V', 'BULAT 1AD', 0, 2, 0.81, 1),
('DV035', 'D', 'V', 'KUPU 1AD', 0, 2, 0.62, 1),
('DV036', 'D', 'V', 'KUPU 1AD', 0, 2, 0.6, 1),
('BJ001', 'B', 'J', 'ULIR', 3, 2, 0.51, 1),
('BJ002', 'B', 'J', 'ULIR', 3, 2, 0.52, 1),
('BJ003', 'B', 'J', 'ULIR', 3, 2, 0.52, 1),
('BJ004', 'B', 'J', 'ULIR', 3, 2, 0.53, 1),
('BJ005', 'B', 'J', 'ULIR', 3, 2, 0.53, 1),
('BM001', 'B', 'M', 'CAT OWL PINK', 1, 2, 0.85, 1),
('BM002', 'B', 'M', 'CAT OWL PINK', 1, 2, 0.87, 1),
('BM003', 'B', 'M', 'CAT OWL PINK', 1, 2, 0.86, 1),
('BM004', 'B', 'M', 'CAT OWL BIRU', 1, 2, 0.9, 1),
('BM005', 'B', 'M', 'CAT OWL BIRU', 1, 2, 0.9, 1),
('BM006', 'B', 'M', 'CAT OWL BIRU', 1, 2, 0.9, 1),
('BM007', 'B', 'M', 'CAT KELINCI', 1, 2, 0.8, 1),
('BM008', 'B', 'M', 'CAT KELINCI', 1, 2, 0.82, 1),
('BM009', 'B', 'M', 'CAT KELINCI', 1, 2, 0.78, 1),
('BM010', 'B', 'M', 'CAT STROBERI 1AD', 3, 2, 1.07, 1),
('BM011', 'B', 'M', 'CAT STROBERI 1AD', 3, 2, 0.95, 1),
('BM012', 'B', 'M', 'CAT HK 1AD', 3, 2, 1.28, 1),
('BM013', 'B', 'M', 'CAT HK 1AD', 3, 2, 1.22, 1),
('BM014', 'B', 'M', 'CAT FROZEN 1AD', 3, 2, 1.23, 1),
('BM015', 'B', 'M', 'CAT FROZEN 1AD', 3, 2, 1.22, 1),
('BM016', 'B', 'M', 'CAT TIMBUL MELODY 1AD', 1, 2, 1.07, 1),
('BM017', 'B', 'M', 'CAT TIMBUL MELODY 1AD', 1, 2, 1.07, 1),
('BJ006', 'B', 'J', 'MN 1BTG', 3, 2, 0.6, 1),
('BJ007', 'B', 'J', 'MN 1BTG', 3, 2, 0.55, 1),
('BJ008', 'B', 'J', 'MN 1BTG', 3, 2, 0.57, 1),
('BJ009', 'B', 'J', 'MN 1BTG', 3, 2, 0.56, 1),
('BJ010', 'B', 'J', 'MN 1BTG', 3, 2, 0.57, 1),
('AJ001', 'A', 'J', 'VAR PTH', 3, 2, 1.06, 1),
('AJ002', 'A', 'J', 'VAR PTH', 3, 2, 1.05, 1),
('AJ003', 'A', 'J', 'VAR PTH', 3, 2, 1.07, 1),
('AJ004', 'A', 'J', 'VAR PTH', 3, 2, 1.03, 1),
('AJ005', 'A', 'J', 'VAR PTH', 3, 2, 1, 1),
('AJ006', 'A', 'J', 'ULIR', 3, 2, 1.1, 1),
('AJ007', 'A', 'J', 'ULIR', 3, 2, 1.09, 1),
('AJ008', 'A', 'J', 'ULIR', 3, 2, 1.09, 1),
('AJ009', 'A', 'J', 'ULIR', 3, 2, 1.12, 1),
('AJ010', 'A', 'J', 'ULIR', 3, 2, 1.05, 1),
('AJ011', 'A', 'J', 'ULIR', 3, 2, 1.1, 1),
('AJ012', 'A', 'J', 'ULIR', 3, 2, 1.12, 1),
('AJ013', 'A', 'J', 'ULIR', 3, 2, 1.1, 1),
('AJ014', 'A', 'J', '2MN BLT', 3, 2, 1.03, 1),
('AJ015', 'A', 'J', '2MN BLT', 3, 2, 1, 1),
('AJ016', 'A', 'J', '2MN BLT', 3, 2, 0.98, 1),
('AJ017', 'A', 'J', '2MN BLT', 3, 2, 1.05, 1),
('AJ018', 'A', 'J', '2MN BLT', 3, 2, 1, 1),
('AJ019', 'A', 'J', '2MN BLT', 3, 2, 1.05, 1),
('AJ020', 'A', 'J', '1MN HATI', 3, 2, 1, 1),
('AJ021', 'A', 'J', '1MN HATI', 3, 2, 1, 1),
('AJ022', 'A', 'J', '1MN HATI', 3, 2, 1.02, 1),
('AJ023', 'A', 'J', '1MN HATI', 3, 2, 1, 1),
('AJ024', 'A', 'J', '1MN HATI', 3, 2, 1, 1),
('AJ025', 'A', 'J', '2MN BLT', 3, 2, 1.06, 1),
('AJ026', 'A', 'J', '2MN BLT', 3, 2, 1.03, 1),
('AJ027', 'A', 'J', '2MN BLT', 3, 2, 1.07, 1),
('AJ028', 'A', 'J', '2MN BLT', 3, 2, 1.05, 1),
('AJ029', 'A', 'J', '3MN BLT', 3, 2, 1.1, 1),
('AJ030', 'A', 'J', '3MN BLT', 3, 2, 1.05, 1),
('AJ031', 'A', 'J', '3MN BLT', 3, 2, 1.08, 1),
('AJ032', 'A', 'J', '3MN BLT', 3, 2, 1.09, 1),
('AJ033', 'A', 'J', '3MN BLT', 3, 2, 1.08, 1),
('AD001', 'A', 'D', '', 3, 2, 1.49, 1),
('AD002', 'A', 'D', '', 3, 2, 1.06, 1),
('AD003', 'A', 'D', '', 3, 2, 1.48, 1),
('AD004', 'A', 'D', '', 3, 2, 1.49, 1),
('AD005', 'A', 'D', '', 3, 2, 1.02, 1),
('AD006', 'A', 'D', '', 3, 2, 0.58, 1),
('AD007', 'A', 'D', '', 3, 2, 1.04, 1),
('AD008', 'A', 'D', '', 3, 2, 0.56, 1),
('AD009', 'A', 'D', '', 3, 2, 0.58, 1),
('AD010', 'A', 'D', '', 3, 2, 0.56, 1),
('AD011', 'A', 'D', '', 3, 2, 0.59, 1),
('AD012', 'A', 'D', '', 3, 2, 1.04, 1),
('AD013', 'A', 'D', '', 3, 2, 1.03, 1),
('AD014', 'A', 'D', '', 3, 2, 1.03, 1),
('AG001', 'A', 'G', '1AD', 3, 2, 0.65, 1),
('AG002', 'A', 'G', '1AD', 3, 2, 0.63, 1),
('AG003', 'A', 'G', '1AD', 3, 2, 0.62, 1),
('AG004', 'A', 'G', '1AD', 3, 2, 0.63, 1),
('AG005', 'A', 'G', '1AD', 3, 2, 0.65, 1),
('AG006', 'A', 'G', '1AD', 3, 2, 0.62, 1),
('AG007', 'A', 'G', '1AD', 3, 2, 0.65, 1),
('AG008', 'A', 'G', '1AD', 3, 2, 0.6, 1),
('AG009', 'A', 'G', '1AD', 3, 2, 0.64, 1),
('AG010', 'A', 'G', '1AD', 3, 2, 0.62, 1),
('AG011', 'A', 'G', 'BOLA PASIR', 0, 2, 1.43, 1),
('AG012', 'A', 'G', 'BOLA PASIR', 0, 2, 1.4, 1),
('AG013', 'A', 'G', 'BOLA PASIR', 0, 2, 1.38, 1),
('AG014', 'A', 'G', 'BOLA PASIR', 0, 2, 1.4, 1),
('AG015', 'A', 'G', 'BOLA PASIR', 0, 2, 1.41, 1),
('AG016', 'A', 'G', 'STGH BOLA MOZAIK', 0, 2, 1.13, 1),
('AG017', 'A', 'G', 'STGH BOLA MOZAIK', 0, 2, 1.08, 1),
('AG018', 'A', 'G', 'STGH BOLA MOZAIK', 0, 2, 1.08, 1),
('AG019', 'A', 'G', 'STGH BOLA MOZAIK', 0, 2, 1.13, 1),
('AG020', 'A', 'G', 'STGH BOLA MOZAIK', 0, 2, 1.12, 1),
('AG021', 'A', 'G', 'STGH BOLA MOZAIK', 0, 2, 0.83, 1),
('AG022', 'A', 'G', 'STGH BOLA MOZAIK', 0, 2, 0.82, 1),
('AG023', 'A', 'G', 'HATI MOZAIK', 0, 2, 0.8, 1),
('AG024', 'A', 'G', 'HATI MOZAIK', 0, 2, 0.83, 1),
('AG025', 'A', 'G', 'HATI MOZAIK', 0, 2, 0.82, 1),
('AG026', 'A', 'G', 'HATI MOZAIK', 0, 2, 0.8, 1),
('AG027', 'A', 'G', 'HATI MOZAIK', 0, 2, 0.78, 1),
('AG028', 'A', 'G', 'HATI MOZAIK', 0, 2, 0.83, 1),
('AG029', 'A', 'G', 'HATI MOZAIK', 0, 2, 0.76, 1),
('AG030', 'A', 'G', 'HATI MOZAIK', 0, 2, 0.81, 1),
('AG031', 'A', 'G', 'HATI MOZAIK', 0, 2, 0.8, 1),
('AK032', 'A', 'K', 'BSR MOZAIK VAR PTH', 0, 2, 1.68, 1),
('AK033', 'A', 'K', 'BSR MOZAIK VAR PTH', 0, 2, 1.68, 1),
('AK034', 'A', 'K', 'BSR MOZAIK VAR PTH', 0, 2, 1.67, 1),
('AK035', 'A', 'K', 'BSR MOZAIK VAR PTH', 0, 2, 1.68, 1),
('AK036', 'A', 'K', 'BSR MOZAIK VAR PTH', 0, 2, 1.66, 1),
('AK037', 'A', 'K', 'KCL MOZAIK VAR PTH', 3, 2, 1.05, 1),
('AK038', 'A', 'K', 'KCL MOZAIK VAR PTH', 3, 2, 1.04, 1),
('AK039', 'A', 'K', 'KCL MOZAIK VAR PTH', 3, 2, 1.04, 1),
('AK040', 'A', 'K', 'KCL MOZAIK VAR PTH', 3, 2, 1.03, 1),
('AK041', 'A', 'K', 'KCL MOZAIK VAR PTH', 3, 2, 1.63, 1),
('AK042', 'A', 'K', 'KCL MOZAIK VAR PTH', 3, 2, 1.03, 1),
('AK043', 'A', 'K', 'KCL MOZAIK VAR PTH', 3, 2, 1.03, 1),
('AK044', 'A', 'K', 'KCL MOZAIK VAR PTH', 3, 2, 1.03, 1),
('AK045', 'A', 'K', 'KCL MOZAIK VAR PTH', 3, 2, 1, 1),
('AK046', 'A', 'K', 'KCL MOZAIK VAR PTH', 3, 2, 1.05, 1),
('AK047', 'A', 'K', 'MOZAIK', 3, 2, 0.55, 1),
('AK048', 'A', 'K', 'MOZAIK', 3, 2, 0.6, 1),
('AK049', 'A', 'K', 'MOZAIK', 3, 2, 0.65, 1),
('AK050', 'A', 'K', 'MOZAIK', 3, 2, 0.56, 1),
('AK051', 'A', 'K', 'MOZAIK', 3, 2, 0.6, 1),
('AK052', 'A', 'K', '3AD', 3, 2, 1.2, 1),
('AK053', 'A', 'K', '5AD', 3, 2, 1.14, 1),
('AK054', 'A', 'K', '5AD', 3, 2, 1.11, 1),
('AK055', 'A', 'K', 'BUNGA 5AD', 3, 2, 1.08, 1),
('AK056', 'A', 'K', '5AD 1AD GYG', 3, 2, 1.46, 1),
('AK057', 'A', 'K', '5AD 1AD GYG', 3, 2, 1.49, 1),
('AK058', 'A', 'K', '16AD PTH PINK', 3, 2, 1.68, 1),
('AK059', 'A', 'K', '16 AD', 3, 2, 1.69, 1),
('AK060', 'A', 'K', 'BUNGA 6AD', 3, 2, 1.18, 1),
('AK061', 'A', 'K', 'BUNGA 5AD', 3, 2, 1.2, 1),
('AK062', 'A', 'K', 'BUNGA 4AD', 3, 2, 1.08, 1),
('AK063', 'A', 'K', 'BUNGA 4AD', 3, 2, 1.1, 1),
('AP001', 'A', 'P', '7AD', 3, 2, 1.13, 1),
('AP002', 'A', 'P', '7AD', 3, 2, 0.97, 1),
('AP003', 'A', 'P', '7AD', 3, 2, 1.08, 1),
('AP004', 'A', 'P', '7AD', 3, 2, 1.1, 1),
('AP005', 'A', 'P', '7AD', 3, 2, 1.11, 1),
('AP006', 'A', 'P', '7AD', 3, 2, 1.12, 1),
('AP007', 'A', 'P', '7AD', 3, 2, 1.2, 1),
('AP008', 'A', 'P', '7AD', 3, 2, 1, 1),
('AP009', 'A', 'P', '7AD', 3, 2, 1.1, 1),
('AP010', 'A', 'P', '7AD', 3, 2, 1.05, 1),
('AP011', 'A', 'P', '7AD', 3, 2, 1.62, 1),
('AP012', 'A', 'P', '7AD', 3, 2, 1.6, 1),
('AP013', 'A', 'P', 'CARTIER', 0, 2, 1.25, 1),
('AP014', 'A', 'P', 'CARTIER', 0, 2, 1.3, 1),
('AP015', 'A', 'P', 'CARTIER', 0, 2, 1.3, 1),
('AP016', 'A', 'P', 'CARTIER', 0, 2, 1.25, 1),
('AP017', 'A', 'P', 'CARTIER', 0, 2, 1.27, 1),
('AP018', 'A', 'P', 'MOZAIK', 0, 2, 0.7, 1),
('AP019', 'A', 'P', 'MOZAIK', 0, 2, 0.7, 1),
('AP020', 'A', 'P', 'TETES EMBUN', 0, 2, 1.41, 1),
('AP021', 'A', 'P', 'TETES EMBUN', 0, 2, 1.34, 1),
('AP022', 'A', 'P', 'TETES EMBUN', 0, 2, 1.4, 1),
('AP023', 'A', 'P', 'BOLA MOZAIK', 0, 2, 1.48, 1),
('AP024', 'A', 'P', 'BOLA MOZAIK', 0, 2, 1.5, 1),
('AP025', 'A', 'P', 'BOLA MOZAIK', 0, 2, 1.57, 1),
('AP026', 'A', 'P', 'HATI MOZAIK', 0, 2, 1.3, 1),
('AP027', 'A', 'P', 'HATI MOZAIK', 0, 2, 1.33, 1),
('AP028', 'A', 'P', 'BOLA AD', 0, 2, 1.84, 1),
('AP029', 'A', 'P', 'BOLA AD', 0, 2, 1.8, 1),
('AP030', 'A', 'P', 'BOLA AD', 0, 2, 1.82, 1),
('AP031', 'A', 'P', 'BOLA AD', 0, 2, 1.8, 1),
('AP032', 'A', 'P', 'BOLA AD', 0, 2, 1.83, 1),
('AP033', 'A', 'P', 'HATI LBG AD', 0, 2, 1.5, 1),
('AP034', 'A', 'P', '7AD', 1, 2, 0.95, 1),
('AM001', 'A', 'M', 'TETES EMBUN', 0, 2, 0.87, 1),
('AM002', 'A', 'M', 'TETES EMBUN', 0, 2, 0.85, 1),
('AM003', 'A', 'M', 'TETES EMBUN', 0, 2, 0.86, 1),
('AM004', 'A', 'M', 'TETES EMBUN', 0, 2, 0.88, 1),
('AM005', 'A', 'M', 'TETES EMBUN', 0, 2, 0.92, 1),
('AM006', 'A', 'M', 'BOLA MOZAIK', 0, 2, 0.75, 1),
('AM007', 'A', 'M', 'BOLA MOZAIK', 0, 2, 0.75, 1),
('AM008', 'A', 'M', 'BOLA MOZAIK', 0, 2, 0.9, 1),
('AM009', 'A', 'M', 'HATI MOZAIK', 0, 2, 0.95, 1),
('AM010', 'A', 'M', 'HATI MOZAIK', 0, 2, 0.79, 1),
('AM011', 'A', 'M', 'HATI MOZAIK', 0, 2, 0.75, 1),
('AM012', 'A', 'M', 'HATI MOZAIK', 0, 2, 0.83, 1),
('AM013', 'A', 'M', 'HATI MOZAIK', 0, 2, 0.95, 1),
('AM014', 'A', 'M', 'HATI MOZAIK', 0, 2, 0.9, 1),
('AM015', 'A', 'M', '5BOLA 3WARNA', 0, 2, 1.55, 1),
('AM016', 'A', 'M', '5BOLA 3WARNA', 0, 2, 1.55, 1),
('AM017', 'A', 'M', '5BOLA 3WARNA', 0, 2, 1.55, 1),
('AM018', 'A', 'M', 'KUPU AD PINK', 0, 2, 1.3, 1),
('AM019', 'A', 'M', 'KUPU VAR PTH 2AD', 0, 2, 1.02, 1),
('AM020', 'A', 'M', 'KUPU VAR PTH 2AD', 0, 2, 1, 1),
('AM021', 'A', 'M', 'KUPU VAR PTH 2AD', 0, 2, 1, 1),
('AM022', 'A', 'M', 'KUPU VAR PTH 2AD', 0, 2, 0.98, 1),
('AM023', 'A', 'M', 'KUPU VAR PTH 2AD', 0, 2, 1, 1),
('AM024', 'A', 'M', 'BUNGA VAR PTH 1AD', 0, 2, 0.98, 1),
('AM025', 'A', 'M', 'BUNGA VAR PTH 1AD', 0, 2, 0.96, 1),
('AM026', 'A', 'M', 'BUNGA VAR PTH 1AD', 0, 2, 0.97, 1),
('AM027', 'A', 'M', 'BUNGA VAR PTH 1AD', 0, 2, 1, 1),
('AM028', 'A', 'M', 'WAJIK 9AD PINK', 0, 2, 0.8, 1),
('AM029', 'A', 'M', 'BTG FULL AD PINK', 0, 2, 0.81, 1),
('AM030', 'A', 'M', 'BLT LBG FULL AD PINK', 0, 2, 0.76, 1),
('AM031', 'A', 'M', 'HATI LBG 1AD', 0, 2, 0.61, 1),
('AM032', 'A', 'M', 'TETES LBG 1AD', 0, 2, 0.6, 1),
('AM033', 'A', 'M', 'BTG 1AD', 0, 2, 0.61, 1),
('AM034', 'A', 'M', 'BTG 1AD', 0, 2, 0.6, 1),
('AM035', 'A', 'M', 'PJG HATI LBG', 0, 2, 1.5, 1),
('AM036', 'A', 'M', 'PJG HATI LBG', 0, 2, 1.45, 1),
('AM037', 'A', 'M', 'PJG HATI LBG + 2HT', 0, 2, 1.24, 1),
('AM038', 'A', 'M', 'PJG HATI LBG + 2HT', 0, 2, 1.25, 1),
('AM039', 'A', 'M', 'PJG HATI LBG + 2HT', 0, 2, 1.5, 1),
('AM040', 'A', 'M', 'PJG HATI LBG + 2HT', 0, 2, 1.22, 1),
('AM041', 'A', 'M', 'PJG HATI LBG + 2HT', 0, 2, 1.24, 1),
('AM042', 'A', 'M', 'PJG HATI LBG + 2HT', 0, 2, 1.22, 1),
('AM043', 'A', 'M', 'PJG BOLA DLM BLT', 0, 2, 1.4, 1),
('AM044', 'A', 'M', 'PJG BOLA DLM BLT', 0, 2, 1.4, 1),
('AM045', 'A', 'M', 'PJG BOLA DLM BLT', 0, 2, 1.35, 1),
('AM046', 'A', 'M', 'BUNGA LBG', 0, 2, 1, 1),
('AM047', 'A', 'M', 'PJG SABIT', 0, 2, 0.9, 1),
('AM048', 'A', 'M', 'PJG SABIT', 0, 2, 0.9, 1),
('AM049', 'A', 'M', 'PJG SABIT', 0, 2, 0.9, 1),
('AM050', 'A', 'M', 'PJG 2BTG', 0, 2, 1.2, 1),
('AM051', 'A', 'M', 'PJG 2BTG', 0, 2, 1.23, 1),
('AM052', 'A', 'M', 'PJG 2BTG', 0, 2, 1.23, 1),
('AM053', 'A', 'M', 'PJG 1BOLA', 1, 2, 1, 1),
('AM054', 'A', 'M', 'PJG 1BOLA', 1, 2, 1.05, 1),
('AM055', 'A', 'M', 'PJG 1BOLA', 1, 2, 1.05, 1),
('BM018', 'B', 'M', 'CAT MIKI AD PINK', 3, 2, 0.98, 1),
('BM019', 'B', 'M', 'CAT MIKI AD PINK', 3, 2, 1, 1),
('BM020', 'B', 'M', 'HK FULL AD', 3, 2, 1.12, 1),
('BM021', 'B', 'M', 'HK FULL AD', 3, 2, 1.08, 1),
('BM022', 'B', 'M', 'CAT HK PITA AD', 3, 2, 1.07, 1),
('BM023', 'B', 'M', 'CAT HK PITA AD', 3, 2, 1.07, 1),
('AM056', 'A', 'M', 'BLT 1AD', 3, 2, 1.17, 1),
('AM057', 'A', 'M', 'BLT 1AD', 3, 2, 1.12, 1),
('AM058', 'A', 'M', 'BLT 1AD', 3, 2, 1.1, 1),
('AM059', 'A', 'M', 'BLT 1AD', 3, 2, 1.02, 1),
('AM060', 'A', 'M', 'BLT 1AD', 3, 2, 1.03, 1),
('AM061', 'A', 'M', 'TETES 1AD', 3, 2, 0.93, 1),
('AM062', 'A', 'M', 'TETES 1AD', 3, 2, 0.97, 1),
('AM063', 'A', 'M', 'TETES 1AD', 3, 2, 0.95, 1),
('AM064', 'A', 'M', 'TETES 1AD', 3, 2, 0.94, 1),
('AM065', 'A', 'M', 'TETES 1AD', 3, 2, 0.96, 1),
('HP001', 'H', 'P', 'HLW PATAH', 0, 2, 2.05, 1),
('HP002', 'H', 'P', 'HLW PATAH', 0, 2, 2.05, 1),
('HP003', 'H', 'P', 'HLW PATAH', 0, 2, 3.03, 1),
('HP004', 'H', 'P', 'HLW PATAH', 0, 2, 3.05, 1),
('GP001', 'G', 'P', 'HLW PATAH VAR PTH', 3, 2, 3, 1),
('GP002', 'G', 'P', 'HLW PATAH VAR PTH', 0, 2, 4.11, 1),
('GP003', 'G', 'P', 'HLW PATAH VAR PTH', 0, 2, 7.05, 1),
('GP004', 'G', 'P', 'HLW PATAH VAR PTH', 0, 2, 4.05, 1),
('GP005', 'G', 'P', 'HLW PATAH VAR PTH', 0, 2, 6.02, 1),
('GP006', 'G', 'P', 'FNC PATAH VAR PTH', 1, 2, 4.1, 1),
('GP007', 'G', 'P', 'FNC PATAH VAR PTH', 1, 2, 4, 1),
('GP008', 'G', 'P', 'HLW', 0, 1, 8.16, 1),
('GP009', 'G', 'P', 'HLW', 0, 1, 8.06, 1),
('GP010', 'G', 'P', 'HLW', 0, 1, 12.14, 1),
('GP011', 'G', 'P', 'HLW', 0, 1, 8.06, 1),
('GP012', 'G', 'P', 'HLW', 0, 1, 8.03, 1),
('GP013', 'G', 'P', 'HLW', 0, 1, 15.1, 1),
('GP014', 'G', 'P', 'HLW', 0, 1, 8.07, 1),
('GP015', 'G', 'P', 'HLW', 0, 1, 12.18, 1),
('GP016', 'G', 'P', 'SQ DOUBLE', 0, 1, 4.14, 1),
('GP017', 'G', 'P', 'SQ DOUBLE', 0, 1, 3.13, 1),
('GP018', 'G', 'P', 'SQ DOUBLE', 0, 1, 1.94, 1),
('GP019', 'G', 'P', 'SQ DOUBLE', 0, 1, 3.05, 1),
('GP020', 'G', 'P', 'SQ DOUBLE', 0, 1, 2.09, 1),
('GP021', 'G', 'P', 'SQ DOUBLE', 0, 1, 2, 1),
('GP022', 'G', 'P', 'SQ DOUBLE', 0, 1, 4.2, 1),
('GP023', 'G', 'P', 'SQ DOUBLE', 1, 2, 5.1, 1),
('GP024', 'G', 'P', 'SQ DOUBLE', 1, 2, 7.06, 1),
('GP025', 'G', 'P', 'SQ DOUBLE', 0, 2, 15.15, 1),
('GP026', 'G', 'P', 'SQ DOUBLE', 1, 2, 5.08, 1),
('GP027', 'G', 'P', 'SQ DOUBLE', 1, 2, 5.1, 1),
('GP028', 'G', 'P', 'SQ DOUBLE', 0, 2, 10.12, 1),
('GP029', 'G', 'P', 'SQ DOUBLE', 0, 2, 10.09, 1),
('GP030', 'G', 'P', 'SQ DOUBLE', 0, 2, 10.09, 1),
('TD001', 'T', 'D', 'BOLA MOZAIK', 0, 2, 0.6, 1),
('TD002', 'T', 'D', 'BOLA MOZAIK', 0, 2, 0.65, 1),
('TD003', 'T', 'D', 'BOLA MOZAIK', 0, 2, 0.76, 1),
('TD004', 'T', 'D', 'BOLA MOZAIK PASIRAN', 0, 2, 0.9, 1),
('TD005', 'T', 'D', 'BOLA MOZAIK PASIRAN', 0, 2, 0.82, 1),
('TD006', 'T', 'D', 'TETES MOZAIK', 0, 2, 0.57, 1),
('TD007', 'T', 'D', 'HATI MOZAIK', 0, 2, 0.7, 1),
('TD008', 'T', 'D', 'HATI MOZAIK', 0, 2, 0.42, 1),
('TD009', 'T', 'D', 'HATI MOZAIK', 0, 2, 0.38, 1),
('TD010', 'T', 'D', 'HATI MOZAIK', 0, 2, 0.7, 1),
('TD011', 'T', 'D', 'BOLA MOZAIK', 0, 2, 0.55, 1),
('TD012', 'T', 'D', 'HATI AD PINK', 0, 2, 0.98, 1),
('TD013', 'T', 'D', 'HATI AD PINK', 0, 2, 1, 1),
('TD014', 'T', 'D', 'HATI AD PINK', 0, 2, 1.05, 1),
('TD015', 'T', 'D', 'HATI AD PINK', 0, 2, 0.98, 1),
('TD016', 'T', 'D', 'HATI AD PUTIH', 0, 2, 1, 1),
('TD017', 'T', 'D', 'HATI AD PUTIH', 0, 2, 1.04, 1),
('TD018', 'T', 'D', 'HATI AD PUTIH', 0, 2, 1, 1),
('TD019', 'T', 'D', 'MERAK AD PUTIH', 0, 2, 1.46, 1),
('TD020', 'T', 'D', 'MERAK AD PUTIH', 0, 2, 1.45, 1),
('TD021', 'T', 'D', 'MERAK AD PUTIH', 0, 2, 1.46, 1),
('TD022', 'T', 'D', 'DAUN VAR PTH AD', 0, 2, 1.3, 1),
('TD023', 'T', 'D', 'DAUN VAR PTH AD', 0, 2, 1.26, 1),
('TD024', 'T', 'D', 'DAUN VAR PTH AD PINK', 0, 2, 1.27, 1),
('TD025', 'T', 'D', 'DAUN VAR PTH AD PINK', 0, 2, 1.23, 1),
('TD026', 'T', 'D', 'HATI VAR PTH AD PINK', 0, 2, 1, 1),
('TD027', 'T', 'D', 'HATI VAR PTH AD PINK', 0, 2, 1, 1),
('TD028', 'T', 'D', 'HATI VAR PTH AD', 0, 2, 1.05, 1),
('TD029', 'T', 'D', 'HATI VAR PTH AD', 0, 2, 1.05, 1),
('TD030', 'T', 'D', 'HATI AD ', 0, 2, 1, 1),
('TD031', 'T', 'D', 'HATI AD ', 0, 2, 0.96, 1),
('TD032', 'T', 'D', 'HATI AD PINK', 0, 2, 1.05, 1),
('TD033', 'T', 'D', 'HATI AD PINK', 0, 2, 1.06, 1),
('TD034', 'T', 'D', 'HATI AD PINK', 0, 2, 0.96, 1),
('TD035', 'T', 'D', 'DOLPHIN RAINBOW', 0, 2, 1.23, 1),
('TD036', 'T', 'D', 'DOLPHIN RAINBOW', 0, 2, 1.32, 1),
('TD037', 'T', 'D', 'ANGSA RAINBOW', 0, 2, 1.3, 1),
('TD038', 'T', 'D', 'ANGSA RAINBOW', 0, 2, 1.35, 1),
('TD039', 'T', 'D', 'HATI VAR PTH AD PINK', 0, 2, 1.26, 1),
('TD040', 'T', 'D', 'DIAMOND LAYER PTH AD', 0, 2, 1.35, 1),
('TD041', 'T', 'D', 'DIAMOND LAYER PTH AD', 0, 2, 1.35, 1),
('TD042', 'T', 'D', 'DIAMOND LAYER PTH AD', 0, 2, 1.36, 1),
('TD043', 'T', 'D', 'DIAMOND LAYER PTH AD', 0, 2, 1.3, 1),
('TD044', 'T', 'D', 'TETES JARING VAR PTH AD', 0, 2, 1.27, 1),
('TD045', 'T', 'D', 'TETES JARING VAR PTH AD', 0, 2, 1.3, 1),
('TD046', 'T', 'D', 'OVAL VAR PTH AD', 0, 2, 1.75, 1),
('TD047', 'T', 'D', 'OVAL VAR PTH AD', 0, 2, 1.73, 1),
('TD048', 'T', 'D', 'NADA VAR PTH AD', 0, 2, 1.2, 1),
('TD049', 'T', 'D', 'NADA VAR PTH AD', 0, 2, 1.17, 1),
('TD050', 'T', 'D', 'WARU AD', 0, 2, 1.55, 1),
('TD051', 'T', 'D', 'WARU AD', 0, 2, 1.65, 1),
('TD052', 'T', 'D', 'WARU AD PINK', 0, 2, 1.55, 1),
('TD053', 'T', 'D', 'WARU AD PINK', 0, 2, 1.58, 1),
('TD054', 'T', 'D', 'HATI AD PINK', 0, 2, 1.02, 1),
('TD055', 'T', 'D', 'HATI AD PINK', 0, 2, 1.05, 1),
('TD056', 'T', 'D', 'KUPU AD PINK', 0, 2, 1.09, 1),
('TD057', 'T', 'D', 'KUPU AD PINK', 0, 2, 1.11, 1),
('TD058', 'T', 'D', 'DIAMOND VAR PTH AD', 0, 2, 0.97, 1),
('TD059', 'T', 'D', 'DIAMOND VAR PTH AD', 0, 2, 0.92, 1),
('TD060', 'T', 'D', 'DIAMOND VAR PTH AD', 0, 2, 0.95, 1),
('TD061', 'T', 'D', 'DIAMOND VAR PTH AD', 0, 2, 0.96, 1),
('TD062', 'T', 'D', 'DIAMOND VAR PTH AD', 0, 2, 0.92, 1),
('TD063', 'T', 'D', 'ANGGUR VAR PTH AD', 0, 2, 1.21, 1),
('TD064', 'T', 'D', 'ANGSA AD PINK', 0, 2, 1.68, 1),
('TD065', 'T', 'D', 'ANGSA AD ', 0, 2, 1.69, 1),
('TD066', 'T', 'D', 'ANGSA AD ', 0, 2, 1.64, 1),
('TD067', 'T', 'D', 'DIAMOND AD', 0, 2, 1.13, 1),
('TD068', 'T', 'D', 'DIAMOND AD', 0, 2, 1.13, 1),
('TD069', 'T', 'D', 'HATI VAR PTH AD', 0, 2, 1.07, 1),
('TD070', 'T', 'D', 'HATI VAR PTH AD', 0, 2, 1.03, 1),
('TD071', 'T', 'D', 'KG TETES CAT', 0, 2, 1.35, 1),
('TD072', 'T', 'D', 'KG TETES CAT', 0, 2, 1.32, 1),
('TD073', 'T', 'D', 'KG TETES CAT', 0, 2, 1.28, 1),
('TD074', 'T', 'D', 'KG TETES CAT', 0, 2, 1.31, 1),
('TD075', 'T', 'D', 'KG TETES TIMBUL', 0, 2, 1.52, 1),
('TD076', 'T', 'D', 'KG TETES TIMBUL', 0, 2, 1.43, 1),
('TD077', 'T', 'D', 'KG BLT TIMBUL', 0, 2, 1.42, 1),
('TD078', 'T', 'D', 'KG BLT TIMBUL', 0, 2, 1.54, 1),
('TD079', 'T', 'D', 'KG HATI TIMBUL', 0, 2, 1.6, 1),
('TD080', 'T', 'D', 'KG HATI TIMBUL', 0, 2, 1.45, 1),
('TD081', 'T', 'D', 'HATI VAR PTH AD', 1, 2, 1.11, 1),
('TD082', 'T', 'D', 'OWL AD', 1, 2, 1.75, 1),
('TD083', 'T', 'D', 'OWL AD', 1, 2, 1.73, 1),
('TD084', 'T', 'D', 'KG BUNGA ', 3, 2, 3.68, 1),
('TD085', 'T', 'D', 'KG BOLA VAR CAT', 0, 2, 2.21, 1),
('TD086', 'T', 'D', 'BUNGA AD PINK', 3, 2, 0.47, 1),
('TD087', 'T', 'D', 'BUNGA AD PINK', 3, 2, 0.56, 1),
('TD088', 'T', 'D', 'BUNGA AD PINK', 3, 2, 0.54, 1),
('TD089', 'T', 'D', 'RODA AD', 3, 2, 1.4, 1),
('TD090', 'T', 'D', 'RODA AD', 3, 2, 1.35, 1),
('TD091', 'T', 'D', 'RODA AD', 3, 2, 1.5, 1),
('TD092', 'T', 'D', 'BUNGA VAR PTH AD', 3, 2, 0.95, 1),
('TD093', 'T', 'D', 'BUNGA VAR PTH AD', 3, 2, 1.12, 1),
('TD094', 'T', 'D', 'STGH DIAMOND AD', 3, 2, 0.47, 1),
('TD095', 'T', 'D', 'NADA VAR PTH AD', 3, 2, 2.52, 1),
('TD096', 'T', 'D', 'JARING LABA VAR PTH AD', 3, 2, 1.09, 1),
('GP031', 'G', 'P', 'FNC 2BEL', 0, 2, 7.09, 1),
('GP032', 'G', 'P', 'FNC 2BEL', 0, 2, 4.12, 1),
('GP033', 'G', 'P', 'FNC 2BEL', 0, 2, 2.12, 1),
('GP034', 'G', 'P', 'FNC 2BEL', 0, 2, 5.12, 1),
('GP035', 'G', 'P', 'FNC 2BEL', 0, 2, 8.08, 1),
('GP036', 'G', 'P', 'FNC 2BEL', 0, 2, 7.15, 1),
('GP037', 'G', 'P', 'FNC 2BEL', 0, 2, 10.15, 1),
('GP038', 'G', 'P', 'FNC 2BEL', 0, 2, 3.12, 1),
('GM001', 'G', 'M', 'FNC 8MN', 0, 2, 7.81, 1),
('GM002', 'G', 'M', 'FNC 10MN', 0, 2, 6.05, 1),
('GM003', 'G', 'M', 'FNC 5MN', 0, 2, 3.23, 1),
('GM004', 'G', 'M', 'FNC 8MN', 0, 2, 4.92, 1),
('GM005', 'G', 'M', 'FNC 8MN', 0, 2, 5.24, 1),
('GM006', 'G', 'M', 'FNC 11MN', 0, 2, 7.26, 1),
('GM007', 'G', 'M', 'FNC 5MN', 0, 2, 3.14, 1),
('GM008', 'G', 'M', 'FNC 5MN', 0, 2, 3.26, 1),
('GM009', 'G', 'M', 'FNC 8MN', 0, 2, 5.2, 1),
('GM010', 'G', 'M', 'FNC 10MN', 0, 2, 3.35, 1),
('TD097', 'T', 'D', 'BLT LBG AD', 0, 2, 1.56, 1),
('TD098', 'T', 'D', 'ANGGUR VAR PTH AD', 0, 2, 1.15, 1),
('TD099', 'T', 'D', 'HATI AD ', 0, 2, 1.04, 1),
('TD100', 'T', 'D', 'BUNGA VAR PTH AD', 3, 2, 1.12, 1),
('TD101', 'T', 'D', 'HATI VAR PTH AD', 3, 2, 1.72, 1),
('TD102', 'T', 'D', 'HATI AD', 0, 2, 1, 1),
('TA001', 'T', 'A', 'OWL CAT', 1, 2, 0.53, 1),
('TA002', 'T', 'A', 'OWL CAT', 1, 2, 0.54, 1),
('TA003', 'T', 'A', 'OWL CAT', 1, 2, 0.53, 1),
('GP039', 'G', 'P', 'FNC BUNGA 1BEL 1MN', 0, 2, 2.09, 1),
('GP040', 'G', 'P', 'FNC BUNGA 1BEL 1MN', 0, 2, 2.07, 1),
('GP041', 'G', 'P', 'MEDAN 2BEL', 0, 2, 2.73, 1),
('GP042', 'G', 'P', 'MEDAN BUNGA 2 BEL', 0, 2, 4.15, 1),
('GP043', 'G', 'P', 'MEDAN BUNGA 2BEL', 0, 2, 4, 1),
('GB021', 'G', 'B', 'OVAL 2BOLA PASIRAN PISAH', 0, 2, 4.24, 1),
('GB022', 'G', 'B', 'OVAL 2BOLA PASIRAN PISAH', 0, 2, 4.14, 1),
('GB023', 'G', 'B', 'OVAL 2BOLA AD', 0, 2, 6.07, 1),
('GB024', 'G', 'B', 'OVAL ULIR 2BOLA AD', 0, 2, 8.83, 1),
('GB025', 'G', 'B', 'OVAL ULIR VAR PTH 2BOLA', 0, 2, 8.13, 1),
('GB026', 'G', 'B', 'OVAL 2BOLA PASIRAN SILANG', 0, 2, 3.6, 1),
('GB027', 'G', 'B', 'OVAL 2BOLA BOTORAN', 0, 2, 8.87, 1),
('GB028', 'G', 'B', 'OVAL 7BOLA 3 WNA', 0, 2, 3.89, 1),
('GB029', 'G', 'B', 'OVAL 2BOLA PASIRAN PISAH', 0, 2, 4.28, 1),
('GB030', 'G', 'B', 'OVAL 7BOLA 3WNA', 0, 2, 5.04, 1),
('GB031', 'G', 'B', 'OVAL 7BOLA 3WNA PASIRAN', 0, 2, 4.16, 1),
('GB032', 'G', 'B', 'OVAL BOTORAN 3WNA', 0, 2, 4.67, 1),
('GB033', 'G', 'B', 'OVAL CARTIER', 0, 2, 4.49, 1),
('GB034', 'G', 'B', 'OVAL CARTIER', 0, 2, 4.61, 1),
('GB035', 'G', 'B', 'OVAL CARTIER 3WNA', 0, 2, 14.2, 1),
('GB036', 'G', 'B', 'OVAL ROMAWI AD', 0, 2, 5.38, 1),
('GB037', 'G', 'B', 'OVAL ROMAWI AD', 0, 2, 5.51, 1),
('GB038', 'G', 'B', 'OVAL AD BIRU', 0, 2, 5.63, 1),
('GB039', 'G', 'B', 'OVAL VAR AD ', 0, 2, 7.31, 1),
('GB040', 'G', 'B', 'OVAL VAR CAT AD', 0, 2, 8.42, 1),
('GB041', 'G', 'B', 'OVAL RANTAI VAR AD', 0, 2, 5.42, 1),
('GB042', 'G', 'B', 'OVAL PAKU AD', 0, 2, 6.39, 1),
('GB043', 'G', 'B', 'OVAL CARTIER VAR PTH', 0, 2, 7.58, 1),
('GB044', 'G', 'B', 'OVAL KUPU AD GOYANG', 0, 2, 3.99, 1),
('GB045', 'G', 'B', 'OVAL 3 KUPU AD', 0, 2, 3.04, 1),
('GB046', 'G', 'B', 'OVAL PITA AD GOYANG', 0, 2, 4.27, 1),
('GB047', 'G', 'B', 'OVAL H PISAH', 0, 2, 4.09, 1),
('GB048', 'G', 'B', 'OVAL C AD', 0, 2, 3.63, 1),
('GB049', 'G', 'B', 'OVAL ULIR BESAR VAR PUTIH', 0, 2, 6.15, 1),
('GB050', 'G', 'B', 'OVAL SABUK RANTAI AD', 0, 2, 8.26, 1),
('GB051', 'G', 'B', 'OVAL DAUN VAR PTH AD', 0, 2, 8.12, 1),
('GB052', 'G', 'B', 'OVAL DAUN VAR PTH AD PINK', 0, 2, 5.55, 1),
('GB053', 'G', 'B', 'OVAL PITA LBG AD', 0, 2, 7.19, 1),
('GB054', 'G', 'B', 'BLT RANTAI VAR PTH', 0, 2, 9.29, 1),
('GC001', 'G', 'C', 'BLT 6 3WNA', 0, 2, 7.15, 1),
('GC002', 'G', 'C', 'BLT 6 3WNA', 0, 2, 5.52, 1),
('GM011', 'G', 'M', 'ALFABET R', 0, 2, 1.86, 1),
('GM012', 'G', 'M', 'ALFABET S', 0, 2, 1.52, 1),
('GM013', 'G', 'M', 'ALFABET G', 0, 2, 1.58, 1),
('GM014', 'G', 'M', 'ALFABET B', 0, 2, 1.66, 1),
('GM015', 'G', 'M', 'ALFABET O', 0, 2, 1.53, 1),
('GM016', 'G', 'M', 'ALFABET M', 0, 2, 1.96, 1),
('KN001', 'K', 'N', 'ALFABET F', 0, 2, 1.97, 1),
('KN002', 'K', 'N', 'ALFABET D', 0, 2, 2.09, 1),
('KN003', 'K', 'N', 'ALFABET R', 0, 2, 2.15, 1),
('KN004', 'K', 'N', 'ALFABET T', 0, 2, 2.31, 1),
('KN005', 'K', 'N', 'ALFABET M', 0, 2, 2.33, 1),
('KN006', 'K', 'N', 'ALFABET E', 0, 2, 2.04, 1),
('KN007', 'K', 'N', 'ALFABET B', 0, 2, 2.29, 1),
('KN008', 'K', 'N', 'ALFABET C', 0, 2, 2.28, 1),
('KN009', 'K', 'N', 'ALFABET G', 0, 2, 2.1, 1),
('KN010', 'K', 'N', 'ALFABET M', 0, 2, 2.23, 1),
('KN011', 'K', 'N', 'HATI LAYER AD', 0, 1, 2.47, 1),
('KN012', 'K', 'N', 'HATI LAYER AD', 0, 1, 2.46, 1),
('NN001', 'N', 'N', 'BNK CAT TIMBUL', 0, 2, 2.32, 1),
('NN002', 'N', 'N', 'BNK CAT', 0, 2, 2.4, 1),
('NN003', 'N', 'N', 'BNK CAT 1BTG', 0, 2, 2.38, 1),
('NN004', 'N', 'N', 'BNK CAT TIMBUL', 0, 2, 2.4, 1),
('NN005', 'N', 'N', 'BNK CAT 1HATI', 0, 2, 1.92, 1),
('NN006', 'N', 'N', 'BNK CAT 1HATI', 0, 2, 2.16, 1),
('HM001', 'H', 'M', '2MN CAT 2HATI', 4, 2, 1.73, 1),
('HM002', 'H', 'M', '2MN CAT 2HATI', 4, 2, 1.72, 1),
('NN007', 'N', 'N', 'CAT S', 1, 1, 1.88, 1),
('NN008', 'N', 'N', 'CAT M', 1, 1, 2.01, 1),
('MH001', 'M', 'H', 'SQ DOBEL', 0, 1, 7.12, 1),
('MH002', 'M', 'H', 'SQ DOBEL', 0, 1, 7.16, 1),
('MH003', 'M', 'H', 'SQ DOBEL', 0, 1, 5.23, 1),
('MH004', 'M', 'H', 'SQ DOBEL', 0, 1, 15.12, 1),
('MH005', 'M', 'H', 'SQ DOBEL', 0, 1, 8.16, 1),
('MH006', 'M', 'H', 'SQ DOBEL', 0, 1, 5.16, 1),
('MH007', 'M', 'H', 'SQ DOBEL', 0, 1, 12.19, 1),
('MH008', 'M', 'H', 'SQ DOBEL', 0, 1, 8.15, 1),
('CL001', 'C', 'L', 'VAR PASIR', 0, 2, 1.12, 1),
('CL002', 'C', 'L', 'VAR PASIR', 0, 2, 1.1, 1),
('CL003', 'C', 'L', 'VAR PASIR', 0, 2, 1.1, 1),
('CL004', 'C', 'L', 'PASIR MOZAIK', 0, 2, 1.19, 1),
('CL005', 'C', 'L', 'PASIR MOZAIK', 0, 2, 1.17, 1),
('CL006', 'C', 'L', 'MOZAIK', 0, 2, 0.69, 1),
('CL007', 'C', 'L', 'MOZAIK', 0, 2, 0.7, 1),
('CL008', 'C', 'L', 'MOZAIK', 0, 2, 0.7, 1),
('CL009', 'C', 'L', 'MOZAIK', 0, 2, 0.71, 1),
('CL010', 'C', 'L', 'MOZAIK', 0, 2, 0.68, 1),
('CL011', 'C', 'L', 'MOZAIK', 0, 2, 0.71, 1),
('CL012', 'C', 'L', 'TN VAR PTH 1AD', 5, 2, 2.16, 1),
('CL013', 'C', 'L', 'TN VAR PTH 1AD', 5, 2, 2.19, 1),
('CL014', 'C', 'L', 'TN VAR PTH 1AD', 5, 2, 2.25, 1),
('CL015', 'C', 'L', 'TN VAR PTH 1AD', 5, 2, 2.17, 1),
('CL016', 'C', 'L', 'TN VAR PTH 1AD', 5, 2, 2.06, 1),
('CL017', 'C', 'L', 'TN VAR PTH 1AD', 5, 2, 2.18, 1),
('CL018', 'C', 'L', 'MOZAIK', 0, 2, 1.65, 1),
('CL019', 'C', 'L', 'MOZAIK', 0, 2, 1.62, 1),
('CL020', 'C', 'L', 'MOZAIK', 0, 2, 1.61, 1),
('CL021', 'C', 'L', 'MOZAIK', 0, 2, 1.54, 1),
('CL022', 'C', 'L', 'MOZAIK', 0, 2, 1.66, 1),
('CL023', 'C', 'L', 'MOZAIK', 0, 2, 1.52, 1),
('CL024', 'C', 'L', 'MOZAIK', 0, 2, 1.6, 1),
('CL025', 'C', 'L', 'MOZAIK', 0, 2, 1.65, 1),
('CL026', 'C', 'L', 'MOZAIK', 0, 2, 1.58, 1),
('CL027', 'C', 'L', 'MOZAIK', 0, 2, 1.7, 1),
('CL028', 'C', 'L', 'MOZAIK VAR PUTIH', 0, 2, 1.45, 1),
('CL029', 'C', 'L', 'MOZAIK VAR PUTIH', 0, 2, 1.44, 1),
('CL030', 'C', 'L', 'MOZAIK VAR PUTIH', 0, 2, 1.46, 1),
('CL031', 'C', 'L', 'MOZAIK VAR PUTIH', 0, 2, 1.43, 1),
('CV159', 'C', 'V', 'CARTIER', 0, 2, 3.4, 1),
('GK001', 'G', 'K', 'SANTA 2BEL', 0, 1, 2.02, 1),
('GK002', 'G', 'K', 'SANTA 2BEL', 0, 1, 3, 1),
('GK003', 'G', 'K', 'SANTA 2BEL', 0, 1, 2.04, 1),
('GK004', 'G', 'K', 'SANTA 2BEL', 0, 1, 2.97, 1),
('GK005', 'G', 'K', 'SANTA 2BEL', 0, 1, 3.04, 1),
('GK006', 'G', 'K', 'SANTA 2BEL', 0, 1, 2.05, 1),
('GK007', 'G', 'K', 'SANTA 5MAINAN', 0, 1, 3.18, 1),
('GK008', 'G', 'K', 'SANTA 5MAINAN', 0, 1, 3.2, 1),
('GK009', 'G', 'K', 'FNC 6MAINAN', 0, 2, 4.33, 1),
('GK010', 'G', 'K', 'FNC 6MAINAN', 0, 2, 4.31, 1),
('GM017', 'G', 'M', 'FNC 14MAINAN', 0, 2, 3.75, 1),
('GM018', 'G', 'M', 'FNC 14MAINAN', 0, 2, 3.8, 1),
('GM019', 'G', 'M', 'COR VAR PTH', 3, 2, 9.54, 1),
('GM020', 'G', 'M', 'COR VAR PTH', 3, 2, 11.37, 1),
('GM021', 'G', 'M', 'COR VAR PTH', 3, 2, 7.51, 1),
('GM022', 'G', 'M', 'COR VAR PTH', 5, 2, 8.6, 1),
('GM023', 'G', 'M', 'COR MOZAIK', 5, 2, 7.34, 1),
('GM024', 'G', 'M', 'COR MOZAIK PASIR', 5, 2, 15.25, 1),
('GM025', 'G', 'M', 'COR VAR PTH MOZAIK', 5, 2, 6.04, 1),
('GM026', 'G', 'M', 'COR PLAT AD', 1, 2, 9.8, 1),
('NN009', 'N', 'N', 'CAT P', 1, 1, 1.88, 1),
('GM027', 'G', 'M', 'FNC VARIASI', 0, 2, 4.1, 1),
('GM028', 'G', 'M', 'FNC VARIASI', 0, 2, 4.1, 1),
('GP044', 'G', 'P', 'HLW PLAT', 1, 2, 2.43, 1),
('GP045', 'G', 'P', 'HLW PLAT', 1, 2, 2.37, 1),
('GP046', 'G', 'P', 'PLAKATO', 0, 2, 4.77, 1),
('GP047', 'G', 'P', 'HLW SQ PLAT AD', 6, 2, 7.07, 1),
('KN013', 'K', 'N', 'FNC LOVE 2MAINAN', 0, 2, 2.04, 1),
('GM029', 'G', 'M', 'HLW 5 MAINAN 3 WNA', 0, 2, 5.85, 1),
('KN014', 'K', 'N', 'SANTA GEMBOK HATI AD', 1, 1, 2.7, 1),
('GM030', 'G', 'M', 'FNC 3BAMBU', 6, 2, 7.9, 1),
('KN015', 'K', 'N', 'SANTA AD BLT', 1, 1, 2.8, 1),
('KN016', 'K', 'N', 'SANTA BLT AD LOVE', 1, 1, 4.59, 1),
('KN017', 'K', 'N', 'SANTA PITA AD 2MAINAN', 0, 1, 2.92, 1),
('KN018', 'K', 'N', 'FNC ALFABET J', 1, 2, 6.53, 1),
('KN019', 'K', 'N', 'SANTA PITA AD 2MAINAN', 0, 1, 6.3, 1),
('GM031', 'G', 'M', 'HLW 3BOLA AD', 0, 2, 5.56, 1),
('GM032', 'G', 'M', 'FNC PLAKATO 7MAINAN', 0, 2, 4.5, 1),
('GM033', 'G', 'M', 'PLAKATO GEMBOK HATI', 1, 2, 6.25, 1),
('GM034', 'G', 'M', 'SANTA 2BOLA PTH 1BOLA HTM', 0, 1, 4.63, 1),
('AM066', 'A', 'M', 'PJG 3HATI 3WNA', 0, 2, 2.15, 1),
('NG001', 'N', 'G', '', 0, 1, 3.15, 1),
('NG002', 'N', 'G', '', 0, 1, 3.05, 1),
('NG003', 'N', 'G', '', 0, 1, 2.04, 1),
('NG004', 'N', 'G', '', 0, 1, 3.1, 1),
('MM001', 'M', 'M', '', 0, 1, 8, 1),
('MM002', 'M', 'M', '', 0, 1, 8.05, 1),
('MM003', 'M', 'M', '', 0, 1, 12.21, 1),
('MM004', 'M', 'M', '', 0, 1, 7.13, 1),
('MM005', 'M', 'M', '', 0, 1, 10.03, 1),
('MM006', 'M', 'M', '', 0, 1, 6.1, 1),
('MM007', 'M', 'M', '', 0, 1, 6.08, 1),
('MM008', 'M', 'M', '', 0, 1, 7.06, 1),
('MR001', 'M', 'R', '', 0, 1, 6.9, 1),
('MR002', 'M', 'R', '', 0, 1, 10.09, 1),
('MR003', 'M', 'R', '', 0, 1, 7.01, 1),
('MI001', 'M', 'I', '', 0, 1, 6.03, 1),
('MI002', 'M', 'I', '', 0, 1, 7.96, 1),
('MI003', 'M', 'I', '', 0, 1, 4.07, 1),
('MI004', 'M', 'I', '', 0, 1, 7.01, 1),
('KC001', 'K', 'C', '', 0, 2, 10, 1),
('KC002', 'K', 'C', '', 0, 2, 9.82, 1),
('GB055', 'G', 'B', 'OVAL PANDA CAT', 6, 2, 4.72, 1),
('GB056', 'G', 'B', 'OVAL BOTORAN CAT', 6, 2, 7.77, 1),
('GC003', 'G', 'C', '6PCS', 0, 2, 6.32, 1),
('AG032', 'A', 'G', 'BUNGA', 7, 3, 1.07, 1),
('AG033', 'A', 'G', 'BUNGA', 7, 3, 1.07, 1),
('AG034', 'A', 'G', 'BUNGA', 7, 3, 1.22, 1),
('AG035', 'A', 'G', 'BUNGA', 7, 3, 1.08, 1),
('AG036', 'A', 'G', 'BUNGA', 7, 3, 1.06, 1),
('AG037', 'A', 'G', 'BUNGA BINTANG', 7, 3, 1, 1),
('AG038', 'A', 'G', 'BUNGA BINTANG', 7, 3, 1.3, 1),
('AG039', 'A', 'G', 'BUNGA BINTANG', 7, 3, 0.97, 1),
('AG040', 'A', 'G', 'BUNGA BINTANG', 7, 3, 1.03, 1),
('AG041', 'A', 'G', 'BUNGA BINTANG', 7, 3, 1.04, 1),
('AG042', 'A', 'G', 'STGH BLT', 7, 3, 1.07, 1),
('AG043', 'A', 'G', 'STGH BLT', 7, 3, 1.05, 1),
('AG044', 'A', 'G', 'STGH BLT', 7, 3, 1.05, 1),
('AG045', 'A', 'G', 'STGH BLT', 7, 3, 1.04, 1),
('AG046', 'A', 'G', 'STGH BLT', 7, 3, 1.08, 1),
('HB001', 'H', 'B', 'MOZAIK', 1, 1, 2.25, 1),
('HB002', 'H', 'B', 'MOZAIK', 1, 1, 2.21, 1),
('MS001', 'M', 'S', '', 0, 1, 3.91, 1),
('LS001', 'L', 'S', '', 0, 1, 5.04, 1),
('GB057', 'G', 'B', 'VAR PTH+AD PINK', 0, 2, 7.01, 1),
('GB058', 'G', 'B', 'VAR PTH+AD', 0, 2, 4.05, 1),
('GB059', 'G', 'B', 'VAR AD PINK', 0, 2, 4.04, 1),
('GB060', 'G', 'B', 'VAR PTH+AD PINK', 0, 2, 5.02, 1),
('GB061', 'G', 'B', 'VAR PTH+AD PINK GELOMBANG', 0, 2, 5.95, 1),
('GB062', 'G', 'B', 'VAR BUNGA AD', 0, 2, 3.1, 1),
('GB063', 'G', 'B', 'VAR PTH+AD PINK', 0, 2, 5, 1),
('GB064', 'G', 'B', 'VAR PTH DIAMOND AD PINK', 0, 2, 5.06, 1),
('GB065', 'G', 'B', 'VAR PTH AD PINK', 0, 2, 4.08, 1),
('GB066', 'G', 'B', 'VAR PTH AD PINK', 0, 2, 7.06, 1),
('GB067', 'G', 'B', 'VAR PTH AD PINK', 0, 2, 5.04, 1),
('GB068', 'G', 'B', 'VAR PTH AD PINK', 0, 2, 6.06, 1),
('GB069', 'G', 'B', 'VAR PTH PER AD HTM', 0, 2, 8.25, 1);

-- --------------------------------------------------------

--
-- Table structure for table `master_price`
--

CREATE TABLE `master_price` (
  `id` int(11) NOT NULL,
  `id_carat` int(11) NOT NULL,
  `date_time` datetime NOT NULL DEFAULT current_timestamp(),
  `sell_price` int(11) NOT NULL,
  `buyback_price` int(11) NOT NULL
) ENGINE=InnoDB DEFAULT CHARSET=utf32;

--
-- Dumping data for table `master_price`
--

INSERT INTO `master_price` (`id`, `id_carat`, `date_time`, `sell_price`, `buyback_price`) VALUES
(1, 1, '2019-09-24 11:02:57', 300000, 260000);

-- --------------------------------------------------------

--
-- Table structure for table `master_status`
--

CREATE TABLE `master_status` (
  `id` int(11) NOT NULL,
  `status` varchar(20) NOT NULL
) ENGINE=InnoDB DEFAULT CHARSET=utf32;

-- --------------------------------------------------------

--
-- Table structure for table `master_subcategory`
--

CREATE TABLE `master_subcategory` (
  `id` char(1) NOT NULL,
  `category` char(1) NOT NULL,
  `nama` varchar(30) NOT NULL
) ENGINE=InnoDB DEFAULT CHARSET=utf32;

--
-- Dumping data for table `master_subcategory`
--

INSERT INTO `master_subcategory` (`id`, `category`, `nama`) VALUES
('B', 'G', 'BK'),
('B', 'H', 'BK'),
('B', 'I', 'BK'),
('C', 'G', 'KRCG'),
('C', 'K', 'CY'),
('C', 'M', 'CY'),
('C', 'L', 'CY'),
('C', 'N', 'CY'),
('D', 'A', 'DS'),
('D', 'B', 'DS'),
('F', 'K', 'FY'),
('F', 'L', 'FY'),
('F', 'M', 'FY'),
('F', 'N', 'FY'),
('G', 'A', 'GW'),
('G', 'B', 'GW'),
('H', 'K', 'HL'),
('H', 'L', 'HL'),
('H', 'M', 'HL'),
('H', 'N', 'HL'),
('K', 'A', 'KL'),
('K', 'G', 'KAKI'),
('L', 'K', 'LL'),
('L', 'L', 'LL'),
('L', 'M', 'LL'),
('L', 'N', 'LL'),
('M', 'A', 'MN'),
('M', 'B', 'MN'),
('M', 'G', 'MN'),
('M', 'H', 'MN'),
('M', 'K', 'MIL'),
('M', 'L', 'MIL'),
('M', 'M', 'MIL'),
('M', 'N', 'MIL'),
('P', 'A', 'KPA'),
('P', 'G', 'PLS'),
('P', 'H', 'PLS'),
('R', 'K', 'RO'),
('R', 'L', 'RO'),
('R', 'M', 'RO'),
('R', 'N', 'RO'),
('J', 'B', 'JP'),
('S', 'K', 'SAN'),
('S', 'L', 'SAN'),
('S', 'M', 'SAN'),
('S', 'N', 'SAN'),
('V', 'C', 'VAR'),
('V', 'D', 'VAR'),
('V', 'E', 'VAR'),
('L', 'C', 'PLS'),
('L', 'E', 'PLS'),
('L', 'D', 'PLS'),
('J', 'A', 'JP'),
('D', 'T', 'DS'),
('A', 'T', 'AN'),
('N', 'K', 'MN'),
('N', 'N', 'MN'),
('G', 'N', 'GC'),
('I', 'M', 'ICE');

-- --------------------------------------------------------

--
-- Table structure for table `master_supplier`
--

CREATE TABLE `master_supplier` (
  `id` int(11) NOT NULL,
  `code` varchar(4) NOT NULL,
  `nama` varchar(20) NOT NULL
) ENGINE=InnoDB DEFAULT CHARSET=utf32;

--
-- Dumping data for table `master_supplier`
--

INSERT INTO `master_supplier` (`id`, `code`, `nama`) VALUES
(0, 'UBS', 'UBS'),
(1, 'HWT', 'HWT'),
(2, 'LT', 'LOTUS'),
(3, 'LG', 'LESTARI'),
(4, 'KING', 'KING'),
(5, 'MT', 'MATAHARI'),
(6, 'YT', 'YT'),
(7, 'NN', 'NN');

-- --------------------------------------------------------

--
-- Table structure for table `master_user`
--

CREATE TABLE `master_user` (
  `username` varchar(20) NOT NULL,
  `password` varchar(50) NOT NULL,
  `role` varchar(20) NOT NULL
) ENGINE=InnoDB DEFAULT CHARSET=utf32;

--
-- Indexes for dumped tables
--

--
-- Indexes for table `activity_log`
--
ALTER TABLE `activity_log`
  ADD PRIMARY KEY (`id`);

--
-- Indexes for table `items_check`
--
ALTER TABLE `items_check`
  ADD PRIMARY KEY (`id`);

--
-- Indexes for table `items_check_detail`
--
ALTER TABLE `items_check_detail`
  ADD PRIMARY KEY (`id_stock_check`,`id_items`);

--
-- Indexes for table `master_carat`
--
ALTER TABLE `master_carat`
  ADD PRIMARY KEY (`id`);

--
-- Indexes for table `master_category`
--
ALTER TABLE `master_category`
  ADD PRIMARY KEY (`id`);

--
-- Indexes for table `master_price`
--
ALTER TABLE `master_price`
  ADD PRIMARY KEY (`id`,`id_carat`) USING BTREE;

--
-- Indexes for table `master_status`
--
ALTER TABLE `master_status`
  ADD PRIMARY KEY (`id`);

--
-- Indexes for table `master_supplier`
--
ALTER TABLE `master_supplier`
  ADD PRIMARY KEY (`id`);

--
-- Indexes for table `master_user`
--
ALTER TABLE `master_user`
  ADD PRIMARY KEY (`username`);
COMMIT;

/*!40101 SET CHARACTER_SET_CLIENT=@OLD_CHARACTER_SET_CLIENT */;
/*!40101 SET CHARACTER_SET_RESULTS=@OLD_CHARACTER_SET_RESULTS */;
/*!40101 SET COLLATION_CONNECTION=@OLD_COLLATION_CONNECTION */;
