-- phpMyAdmin SQL Dump
-- version 4.9.0.1
-- https://www.phpmyadmin.net/
--
-- Host: 127.0.0.1
-- Generation Time: Jun 15, 2020 at 12:23 PM
-- Server version: 10.4.6-MariaDB
-- PHP Version: 7.3.9

SET SQL_MODE = "NO_AUTO_VALUE_ON_ZERO";
SET AUTOCOMMIT = 0;
START TRANSACTION;
SET time_zone = "+00:00";


/*!40101 SET @OLD_CHARACTER_SET_CLIENT=@@CHARACTER_SET_CLIENT */;
/*!40101 SET @OLD_CHARACTER_SET_RESULTS=@@CHARACTER_SET_RESULTS */;
/*!40101 SET @OLD_COLLATION_CONNECTION=@@COLLATION_CONNECTION */;
/*!40101 SET NAMES utf8mb4 */;

--
-- Database: `toko_emas_mulia`
--

-- --------------------------------------------------------

--
-- Table structure for table `activity_log`
--

CREATE TABLE `activity_log` (
  `id` int(11) NOT NULL,
  `timestamp` timestamp NOT NULL DEFAULT current_timestamp() ON UPDATE current_timestamp(),
  `username` varchar(20) NOT NULL,
  `activity` varchar(80) NOT NULL,
  `query` varchar(200) DEFAULT NULL
) ENGINE=InnoDB DEFAULT CHARSET=utf8;

-- --------------------------------------------------------

--
-- Table structure for table `items_check`
--

CREATE TABLE `items_check` (
  `id` int(11) NOT NULL,
  `timestamp` timestamp NOT NULL DEFAULT current_timestamp(),
  `user` varchar(20) NOT NULL,
  `in_out` int(11) NOT NULL DEFAULT 1,
  `status` int(11) NOT NULL DEFAULT 0
) ENGINE=InnoDB DEFAULT CHARSET=utf8;

--
-- Dumping data for table `items_check`
--

INSERT INTO `items_check` (`id`, `timestamp`, `user`, `in_out`, `status`) VALUES
(0, '2019-11-04 02:05:42', 'admin', 1, 0);

-- --------------------------------------------------------

--
-- Table structure for table `items_check_detail`
--

CREATE TABLE `items_check_detail` (
  `id_stock_check` int(11) NOT NULL,
  `id_items` varchar(6) NOT NULL,
  `check_status` int(11) NOT NULL DEFAULT 0
) ENGINE=InnoDB DEFAULT CHARSET=utf8;

-- --------------------------------------------------------

--
-- Table structure for table `master_carat`
--

CREATE TABLE `master_carat` (
  `id` int(11) NOT NULL,
  `carat` varchar(10) NOT NULL
) ENGINE=InnoDB DEFAULT CHARSET=utf8;

--
-- Dumping data for table `master_carat`
--

INSERT INTO `master_carat` (`id`, `carat`) VALUES
(1, '42%'),
(2, '37.5%'),
(3, '30%'),
(4, '40%');

-- --------------------------------------------------------

--
-- Table structure for table `master_category`
--

CREATE TABLE `master_category` (
  `id` char(1) NOT NULL,
  `nama` varchar(20) NOT NULL
) ENGINE=InnoDB DEFAULT CHARSET=utf8;

--
-- Dumping data for table `master_category`
--

INSERT INTO `master_category` (`id`, `nama`) VALUES
('A', 'AT'),
('B', 'AA'),
('C', 'CC'),
('D', 'CA'),
('G', 'GL'),
('H', 'GLA'),
('I', 'GLB'),
('K', 'KL'),
('L', 'KLP'),
('M', 'KLS'),
('N', 'KLA'),
('T', 'LT');

-- --------------------------------------------------------

--
-- Table structure for table `master_items`
--

CREATE TABLE `master_items` (
  `id` varchar(6) NOT NULL,
  `category` char(1) NOT NULL,
  `subcategory` char(1) NOT NULL,
  `nama` varchar(25) DEFAULT NULL,
  `supplier` int(11) NOT NULL DEFAULT 0,
  `karat` int(11) NOT NULL,
  `berat` float NOT NULL,
  `stocks` int(11) NOT NULL DEFAULT 1
) ENGINE=InnoDB DEFAULT CHARSET=utf8;

--
-- Dumping data for table `master_items`
--

INSERT INTO `master_items` (`id`, `category`, `subcategory`, `nama`, `supplier`, `karat`, `berat`, `stocks`) VALUES
('AD001', 'A', 'D', '', 3, 2, 1.49, 3),
('AD002', 'A', 'D', '', 3, 2, 1.06, 1),
('AD003', 'A', 'D', '', 3, 2, 1.48, 3),
('AD004', 'A', 'D', '', 1, 2, 1.49, 3),
('AD005', 'A', 'D', '', 3, 2, 1.02, 3),
('AD006', 'A', 'D', '', 3, 2, 0.58, 3),
('AD0063', 'A', 'D', 'TETES 1AD', 3, 2, 0.94, 2),
('AD0064', 'A', 'D', 'KUPU 1AD*', 3, 2, 0.54, 3),
('AD007', 'A', 'D', '', 3, 2, 1.04, 1),
('AD008', 'A', 'D', '', 3, 2, 0.56, 3),
('AD009', 'A', 'D', '', 3, 2, 0.58, 3),
('AD010', 'A', 'D', '', 3, 2, 0.56, 3),
('AD011', 'A', 'D', '', 3, 2, 0.59, 3),
('AD012', 'A', 'D', '', 3, 2, 1.04, 1),
('AD013', 'A', 'D', '', 3, 2, 1.03, 3),
('AD014', 'A', 'D', '', 3, 2, 1.03, 2),
('AD015', 'A', 'D', '1AD', 3, 2, 0.57, 3),
('AD016', 'A', 'D', '1AD', 3, 2, 1.5, 2),
('AD017', 'A', 'D', '1 AD', 3, 3, 0.55, 3),
('AD018', 'A', 'D', '1 AD', 3, 3, 0.55, 3),
('AD019', 'A', 'D', '1 AD', 3, 3, 1.1, 1),
('AD020', 'A', 'D', '1 AD', 3, 3, 1.1, 1),
('AD021', 'A', 'D', '1 AD', 3, 3, 0.55, 3),
('AD022', 'A', 'D', '1 AD', 3, 3, 1.05, 3),
('AD023', 'A', 'D', '', 3, 3, 0.53, 3),
('AD024', 'A', 'D', '', 3, 3, 0.55, 3),
('AD025', 'A', 'D', '', 3, 3, 0.52, 3),
('AD026', 'A', 'D', '', 3, 3, 0.53, 3),
('AD027', 'A', 'D', '', 3, 3, 0.52, 3),
('AD028', 'A', 'D', '', 3, 3, 0.51, 3),
('AD029', 'A', 'D', '', 3, 3, 0.52, 3),
('AD030', 'A', 'D', '1AD*', 3, 3, 0.53, 3),
('AD031', 'A', 'D', '1AD', 3, 2, 0.56, 3),
('AD032', 'A', 'D', 'BUNGA 1AD', 3, 2, 0.6, 3),
('AD033', 'A', 'D', 'BLT 1AD', 3, 2, 0.49, 3),
('AD034', 'A', 'D', '3AD', 3, 2, 0.43, 3),
('AD035', 'A', 'D', '*', 3, 2, 0.56, 2),
('AD036', 'A', 'D', '*', 3, 2, 0.56, 2),
('AD037', 'A', 'D', '1AD*', 3, 3, 0.5, 3),
('AD038', 'A', 'D', '1AD', 3, 2, 0.5, 3),
('AD039', 'A', 'D', '1AD', 3, 2, 0.5, 3),
('AD040', 'A', 'D', '1AD', 3, 2, 0.5, 3),
('AD041', 'A', 'D', '1AD', 3, 2, 0.5, 3),
('AD042', 'A', 'D', '1AD', 3, 2, 0.51, 3),
('AD043', 'A', 'D', '1AD', 3, 2, 0.57, 3),
('AD044', 'A', 'D', '1AD', 3, 2, 0.56, 3),
('AD045', 'A', 'D', '1AD', 3, 2, 0.55, 3),
('AD046', 'A', 'D', '1AD', 3, 2, 0.52, 3),
('AD047', 'A', 'D', 'BNGA 1AD*', 0, 2, 0.6, 3),
('AD048', 'A', 'D', '1AD', 3, 2, 0.96, 2),
('AD049', 'A', 'D', '1AD', 3, 2, 1.14, 2),
('AD050', 'A', 'D', '1AD', 3, 2, 1.48, 2),
('AD052', 'A', 'D', '*AD027', 3, 3, 0.5, 3),
('AD053', 'A', 'D', '*', 3, 2, 0.55, 2),
('AD054', 'A', 'D', '*', 3, 2, 1.02, 2),
('AD055', 'A', 'D', '1AD', 3, 2, 1.01, 3),
('AD056', 'A', 'D', '1AD*', 3, 2, 0.55, 3),
('AD057', 'A', 'D', '1AD', 3, 3, 0.5, 3),
('AD058', 'A', 'D', 'BUNGA 1AD*', 3, 2, 0.6, 3),
('AD059', 'A', 'D', '1AD (BERAT ASLI 0,500GR)', 3, 3, 0.96, 3),
('AD060', 'A', 'D', '1AD*', 3, 3, 1.01, 2),
('AD061', 'A', 'D', '1AD*', 3, 2, 0.53, 3),
('AD062', 'A', 'D', '1AD PENDEM*', 0, 2, 1.05, 2),
('AG001', 'A', 'G', '1AD', 3, 2, 0.65, 3),
('AG002', 'A', 'G', '1AD', 3, 2, 0.63, 3),
('AG003', 'A', 'G', '1AD', 3, 2, 0.62, 3),
('AG004', 'A', 'G', '1AD', 3, 2, 0.63, 3),
('AG005', 'A', 'G', '1AD', 3, 2, 0.65, 3),
('AG006', 'A', 'G', '1AD', 3, 2, 0.62, 1),
('AG007', 'A', 'G', '1AD', 3, 2, 0.65, 3),
('AG008', 'A', 'G', '1AD', 3, 2, 0.6, 3),
('AG009', 'A', 'G', '1AD', 3, 2, 0.64, 3),
('AG010', 'A', 'G', '1AD', 2, 2, 0.62, 3),
('AG0103', 'A', 'G', 'HATI FULL AD TNP ULIR*', 0, 3, 0.75, 3),
('AG0104', 'A', 'G', 'HATI FULL AD TNP ULIR*', 0, 3, 0.75, 3),
('AG0105', 'A', 'G', '1AD*', 3, 2, 0.52, 3),
('AG0106', 'A', 'G', '1AD PENDEM+ULIR*', 3, 2, 0.45, 2),
('AG011', 'A', 'G', 'BOLA PASIR', 0, 2, 1.43, 2),
('AG012', 'A', 'G', 'BOLA PASIR', 0, 2, 1.4, 1),
('AG013', 'A', 'G', 'BOLA PASIR', 0, 2, 1.38, 2),
('AG014', 'A', 'G', 'BOLA PASIR', 0, 2, 1.4, 1),
('AG015', 'A', 'G', 'BOLA PASIR', 0, 2, 1.41, 2),
('AG016', 'A', 'G', 'STGH BOLA MOZAIK', 0, 2, 1.13, 1),
('AG017', 'A', 'G', 'STGH BOLA MOZAIK', 0, 2, 1.08, 2),
('AG018', 'A', 'G', 'STGH BOLA MOZAIK', 0, 2, 1.08, 1),
('AG019', 'A', 'G', 'STGH BOLA MOZAIK', 0, 2, 1.13, 3),
('AG020', 'A', 'G', 'STGH BOLA MOZAIK', 0, 2, 1.12, 2),
('AG021', 'A', 'G', 'STGH BOLA MOZAIK', 0, 2, 0.83, 1),
('AG022', 'A', 'G', 'STGH BOLA MOZAIK', 0, 2, 0.82, 3),
('AG023', 'A', 'G', 'HATI MOZAIK', 0, 2, 0.8, 2),
('AG024', 'A', 'G', 'HATI MOZAIK', 0, 2, 0.83, 3),
('AG025', 'A', 'G', 'HATI MOZAIK', 0, 2, 0.82, 3),
('AG026', 'A', 'G', 'HATI MOZAIK', 0, 2, 0.8, 1),
('AG027', 'A', 'G', 'HATI MOZAIK', 0, 2, 0.78, 1),
('AG028', 'A', 'G', 'HATI MOZAIK', 0, 2, 0.83, 1),
('AG029', 'A', 'G', 'HATI MOZAIK', 0, 2, 0.76, 3),
('AG030', 'A', 'G', 'HATI MOZAIK', 0, 2, 0.81, 3),
('AG031', 'A', 'G', 'HATI MOZAIK', 0, 2, 0.8, 2),
('AG034', 'A', 'G', 'BUNGA', 7, 3, 1.22, 3),
('AG040', 'A', 'G', 'BUNGA BINTANG', 7, 3, 1.03, 3),
('AG042', 'A', 'G', 'STGH BLT', 7, 3, 1.07, 3),
('AG047', 'A', 'G', 'BLT AD', 1, 3, 1.3, 3),
('AG048', 'A', 'G', 'BOLA AD', 1, 3, 1.5, 3),
('AG049', 'A', 'G', '1AD', 3, 3, 1.1, 3),
('AG050', 'A', 'G', '1AD', 1, 3, 1.1, 3),
('AG051', 'A', 'G', 'HATI AD', 0, 3, 0.75, 3),
('AG052', 'A', 'G', 'HATI AD', 0, 3, 0.8, 3),
('AG053', 'A', 'G', '1 AD *', 3, 2, 0.65, 3),
('AG054', 'A', 'G', '1AD*', 3, 2, 0.65, 3),
('AG055', 'A', 'G', 'BLT FULL AD', 0, 3, 1.21, 3),
('AG056', 'A', 'G', 'BLT FULL AD', 0, 3, 1.2, 3),
('AG057', 'A', 'G', 'BOLA FULL AD', 0, 3, 1.35, 3),
('AG058', 'A', 'G', 'BOLA FULL AD', 0, 3, 1.35, 3),
('AG059', 'A', 'G', 'BOLA FULL AD', 0, 3, 1.36, 3),
('AG060', 'A', 'G', '1AD', 3, 3, 0.62, 3),
('AG061', 'A', 'G', 'BOLA FULL AD*', 0, 3, 1.5, 3),
('AG062', 'A', 'G', '1AD*', 3, 2, 0.59, 3),
('AG063', 'A', 'G', '1AD*', 3, 2, 0.58, 3),
('AG064', 'A', 'G', 'DISNEY MICKEY', 0, 2, 2.58, 3),
('AG065', 'A', 'G', 'BOLA FULL AD*', 0, 3, 1.36, 2),
('AG066', 'A', 'G', '1AD*', 3, 2, 0.61, 3),
('AG067', 'A', 'G', 'BLT 1AD', 3, 2, 0.46, 3),
('AG068', 'A', 'G', 'BLT FULL AD*', 0, 3, 1.18, 3),
('AG069', 'A', 'G', '1AD*', 3, 3, 0.98, 3),
('AG070', 'A', 'G', 'BOLA MOZA*', 0, 2, 0.79, 3),
('AG071', 'A', 'G', 'BOLA AD*', 0, 3, 1.35, 3),
('AG072', 'A', 'G', '1AD BUNGA', 3, 3, 0.6, 3),
('AG073', 'A', 'G', '1AD BULAT', 3, 2, 0.47, 3),
('AG074', 'A', 'G', '1AD', 3, 2, 0.49, 3),
('AG075', 'A', 'G', '1AD', 3, 2, 0.45, 3),
('AG076', 'A', 'G', '1AD', 3, 2, 0.45, 3),
('AG077', 'A', 'G', '1AD', 3, 2, 0.52, 3),
('AG078', 'A', 'G', 'HATI AD TNPA ULIR', 0, 3, 0.71, 3),
('AG079', 'A', 'G', '1AD', 3, 2, 0.6, 3),
('AG080', 'A', 'G', '1AD*', 3, 2, 0.58, 2),
('AG081', 'A', 'G', 'BUNGA', 7, 3, 1.21, 3),
('AG082', 'A', 'G', '1AD*', 0, 2, 0.59, 3),
('AG083', 'A', 'G', '1AD*', 3, 2, 0.6, 2),
('AG084', 'A', 'G', '1AD*', 3, 2, 0.6, 3),
('AG085', 'A', 'G', '(B) 1AD *', 3, 3, 0.62, 3),
('AG086', 'A', 'G', '1AD*', 3, 3, 0.99, 3),
('AG087', 'A', 'G', '(B) 1AD', 3, 2, 0.46, 3),
('AG088', 'A', 'G', '1AD *AG075', 3, 2, 0.45, 3),
('AG089', 'A', 'G', '*AG071', 0, 3, 1.35, 2),
('AG090', 'A', 'G', 'BOLA FULL AD*', 0, 3, 1.42, 2),
('AG091', 'A', 'G', '1AD*', 3, 2, 0.49, 3),
('AG092', 'A', 'G', '1BUNGA AD', 3, 3, 0.6, 3),
('AG093', 'A', 'G', '1AD*', 3, 3, 0.62, 3),
('AG094', 'A', 'G', '1AD', 3, 2, 0.59, 3),
('AG095', 'A', 'G', '1AD*', 3, 2, 0.61, 3),
('AG096', 'A', 'G', '1AD BLT*', 0, 2, 0.45, 3),
('AG097', 'A', 'G', '1AD*', 3, 2, 0.49, 3),
('AG098', 'A', 'G', 'HATI AD', 0, 3, 0.75, 3),
('AG099', 'A', 'G', 'STGH BOLA', 7, 3, 0.5, 3),
('AG100', 'A', 'G', 'STGH BOLA BSR', 7, 3, 1.43, 2),
('AG101', 'A', 'G', 'BUNGA', 7, 3, 1.12, 2),
('AG102', 'A', 'G', 'BUNGA', 7, 3, 1.2, 2),
('AJ001', 'A', 'J', 'VAR PTH', 3, 2, 1.06, 3),
('AJ002', 'A', 'J', 'VAR PTH', 3, 2, 1.05, 3),
('AJ003', 'A', 'J', 'VAR PTH', 3, 2, 1.07, 3),
('AJ004', 'A', 'J', 'VAR PTH', 3, 2, 1.03, 3),
('AJ006', 'A', 'J', 'ULIR', 3, 2, 1.1, 1),
('AJ0066', 'A', 'J', 'MOZA', 3, 3, 0.92, 2),
('AJ0067', 'A', 'J', 'BSR MOZA', 0, 2, 1.96, 2),
('AJ0068', 'A', 'J', 'BSR MOZA', 0, 2, 1.86, 2),
('AJ0069', 'A', 'J', 'MOZA*', 3, 3, 1, 2),
('AJ007', 'A', 'J', 'ULIR', 3, 2, 1.09, 1),
('AJ008', 'A', 'J', 'ULIR', 3, 2, 1.09, 2),
('AJ009', 'A', 'J', 'ULIR', 3, 2, 1.12, 2),
('AJ010', 'A', 'J', 'ULIR', 3, 2, 1.05, 2),
('AJ011', 'A', 'J', 'ULIR', 3, 2, 1.1, 2),
('AJ012', 'A', 'J', 'ULIR', 3, 2, 1.12, 2),
('AJ013', 'A', 'J', 'ULIR', 3, 2, 1.1, 1),
('AJ014', 'A', 'J', '2MN BLT', 3, 2, 1.03, 1),
('AJ015', 'A', 'J', '2MN BLT', 3, 2, 1, 3),
('AJ016', 'A', 'J', '2MN BLT', 3, 2, 0.98, 1),
('AJ017', 'A', 'J', '2MN BLT', 3, 2, 1.05, 1),
('AJ018', 'A', 'J', '2MN BLT', 3, 2, 1, 1),
('AJ019', 'A', 'J', '2MN BLT', 3, 2, 1.05, 1),
('AJ020', 'A', 'J', '1MN HATI', 3, 2, 1, 3),
('AJ021', 'A', 'J', '1MN HATI', 3, 2, 1, 2),
('AJ022', 'A', 'J', '1MN HATI', 3, 2, 1.02, 1),
('AJ023', 'A', 'J', '1MN HATI', 3, 2, 1, 2),
('AJ024', 'A', 'J', '1MN HATI', 3, 2, 1, 3),
('AJ025', 'A', 'J', '2MN BLT', 3, 2, 1.06, 2),
('AJ026', 'A', 'J', '2MN BLT', 3, 2, 1.03, 1),
('AJ027', 'A', 'J', '2MN BLT', 3, 2, 1.07, 1),
('AJ028', 'A', 'J', '2MN BLT', 3, 2, 1.05, 1),
('AJ029', 'A', 'J', '3MN BLT', 2, 2, 1.1, 3),
('AJ030', 'A', 'J', '3MN BLT', 3, 2, 1.05, 2),
('AJ031', 'A', 'J', '3MN BLT', 3, 2, 1.08, 1),
('AJ032', 'A', 'J', '3MN BLT', 3, 2, 1.09, 3),
('AJ033', 'A', 'J', '3MN BLT', 3, 2, 1.08, 1),
('AJ034', 'A', 'J', 'ULIR VAR PTH', 3, 2, 1.6, 3),
('AJ035', 'A', 'J', 'MOZAIK', 3, 3, 1.1, 3),
('AJ036', 'A', 'J', 'MOZAIK', 3, 3, 1.05, 3),
('AJ037', 'A', 'J', 'MOZAIK', 3, 3, 0.95, 3),
('AJ038', 'A', 'J', 'MOZAIK', 3, 3, 1.1, 3),
('AJ039', 'A', 'J', 'BESAR MOZAIK', 1, 2, 1.86, 3),
('AJ040', 'A', 'J', 'ULIR VAR PTH', 3, 3, 0.98, 2),
('AJ041', 'A', 'J', 'ULIR VAR PTH', 3, 3, 0.97, 3),
('AJ042', 'A', 'J', 'MOZAIK PTH*', 3, 2, 1.07, 3),
('AJ043', 'A', 'J', 'MOZA', 3, 3, 1, 3),
('AJ044', 'A', 'J', 'MOZA', 3, 3, 0.89, 3),
('AJ045', 'A', 'J', 'MN 1HATI*', 3, 2, 0.99, 2),
('AJ046', 'A', 'J', 'ULIR VAR PTH*', 3, 3, 0.97, 2),
('AJ047', 'A', 'J', '2MN BLT*', 0, 2, 1, 2),
('AJ048', 'A', 'J', 'PAKU AD ', 0, 2, 2.28, 3),
('AJ049', 'A', 'J', 'VAR PTH MOZAIK', 0, 2, 1.02, 2),
('AJ050', 'A', 'J', 'MOZAIK', 3, 2, 1.01, 3),
('AJ051', 'A', 'J', 'PAKU AD', 3, 2, 2.3, 2),
('AJ052', 'A', 'J', 'POLOS', 7, 3, 0.48, 3),
('AJ053', 'A', 'J', 'ULIR*', 0, 2, 0.46, 3),
('AJ054', 'A', 'J', 'ULIR*', 0, 2, 0.49, 3),
('AJ055', 'A', 'J', 'VAR PTH MOZA*AJ001', 3, 2, 1.01, 2),
('AJ056', 'A', 'J', '*', 3, 3, 1, 3),
('AJ057', 'A', 'J', 'MOZA', 0, 2, 0.68, 3),
('AJ058', 'A', 'J', 'BSR MOZA', 3, 3, 0.98, 3),
('AJ059', 'A', 'J', 'BSR MOZA', 3, 3, 0.93, 3),
('AJ060', 'A', 'J', 'BSR MOZA VAR PTH', 3, 2, 1, 2),
('AJ061', 'A', 'J', 'ULIR VAR PTH', 3, 2, 1.53, 2),
('AJ062', 'A', 'J', 'ULIR VAR PTH', 3, 2, 1.51, 2),
('AJ063', 'A', 'J', 'MOZA VAR PTH', 3, 2, 1, 2),
('AJ064', 'A', 'J', '3MN BLT*', 3, 2, 1.04, 2),
('AJ065', 'A', 'J', 'BESAR MOZA', 7, 3, 2.05, 2),
('AK0078', 'A', 'K', 'VAR PTH MOZA*', 0, 3, 0.6, 3),
('AK0079', 'A', 'K', 'MOZA KUNING*', 3, 3, 0.55, 3),
('AK032', 'A', 'K', 'BSR MOZAIK VAR PTH', 0, 2, 1.68, 2),
('AK033', 'A', 'K', 'BSR MOZAIK VAR PTH', 0, 2, 1.68, 1),
('AK034', 'A', 'K', 'BSR MOZAIK VAR PTH', 0, 2, 1.67, 1),
('AK035', 'A', 'K', 'BSR MOZAIK VAR PTH', 0, 2, 1.68, 2),
('AK036', 'A', 'K', 'BSR MOZAIK VAR PTH', 0, 2, 1.66, 2),
('AK037', 'A', 'K', 'KCL MOZAIK VAR PTH', 3, 2, 1.05, 1),
('AK038', 'A', 'K', 'KCL MOZAIK VAR PTH', 3, 2, 1.04, 3),
('AK039', 'A', 'K', 'KCL MOZAIK VAR PTH', 3, 2, 1.04, 3),
('AK040', 'A', 'K', 'KCL MOZAIK VAR PTH', 3, 2, 1.03, 1),
('AK041', 'A', 'K', 'KCL MOZAIK VAR PTH', 3, 2, 1.63, 2),
('AK042', 'A', 'K', 'KCL MOZAIK VAR PTH', 3, 2, 1.03, 2),
('AK043', 'A', 'K', 'KCL MOZAIK VAR PTH', 2, 2, 1.03, 3),
('AK044', 'A', 'K', 'KCL MOZAIK VAR PTH', 3, 2, 1.03, 3),
('AK045', 'A', 'K', 'KCL MOZAIK VAR PTH', 3, 2, 1, 2),
('AK046', 'A', 'K', 'KCL MOZAIK VAR PTH', 3, 2, 1.05, 3),
('AK047', 'A', 'K', 'MOZAIK', 3, 2, 0.55, 3),
('AK048', 'A', 'K', 'MOZAIK', 3, 2, 0.6, 3),
('AK049', 'A', 'K', 'MOZAIK', 3, 2, 0.65, 3),
('AK050', 'A', 'K', 'MOZAIK', 3, 2, 0.56, 3),
('AK051', 'A', 'K', 'MOZAIK', 3, 2, 0.6, 3),
('AK052', 'A', 'K', '3AD', 3, 2, 1.2, 3),
('AK053', 'A', 'K', '5AD', 3, 2, 1.14, 3),
('AK054', 'A', 'K', '5AD', 3, 2, 1.11, 3),
('AK055', 'A', 'K', 'BUNGA 5AD', 3, 2, 1.08, 3),
('AK056', 'A', 'K', '5AD 1AD GYG', 3, 2, 1.46, 3),
('AK057', 'A', 'K', '5AD 1AD GYG', 3, 2, 1.49, 3),
('AK058', 'A', 'K', '16AD PTH PINK', 3, 2, 1.68, 3),
('AK059', 'A', 'K', '16 AD', 3, 2, 1.69, 3),
('AK060', 'A', 'K', 'BUNGA 6AD', 3, 2, 1.18, 3),
('AK061', 'A', 'K', 'BUNGA 5AD', 3, 2, 1.2, 3),
('AK062', 'A', 'K', 'BUNGA 4AD', 3, 2, 1.08, 3),
('AK063', 'A', 'K', 'BUNGA 4AD', 3, 2, 1.1, 3),
('AK064', 'A', 'K', 'VAR PTH', 3, 3, 0.6, 3),
('AK065', 'A', 'K', 'VAR PTH', 3, 3, 1.1, 3),
('AK066', 'A', 'K', 'VAR PTH', 3, 3, 0.6, 3),
('AK067', 'A', 'K', 'VAR PTH', 1, 3, 1.1, 3),
('AK068', 'A', 'K', 'VAR PTH', 3, 3, 0.6, 3),
('AK069', 'A', 'K', 'MOZAIK VAR PTH', 3, 3, 1.05, 3),
('AK070', 'A', 'K', 'FULL AD *', 0, 2, 2.7, 3),
('AK071', 'A', 'K', 'MOZA*', 3, 2, 0.54, 3),
('AK072', 'A', 'K', 'MOZAIK*', 3, 2, 0.61, 3),
('AK073', 'A', 'K', 'HATI AD VAR PTH MOZA', 0, 3, 1.55, 3),
('AK074', 'A', 'K', 'HATI AD VAR PTH MOZA', 0, 3, 1.64, 3),
('AK075', 'A', 'K', 'MOZA * AK039', 3, 2, 1, 3),
('AK076', 'A', 'K', 'MOZA KG*', 3, 2, 0.54, 3),
('AK077', 'A', 'K', 'MOZA', 3, 3, 1.03, 3),
('AM001', 'A', 'M', 'TETES EMBUN', 0, 2, 0.87, 3),
('AM002', 'A', 'M', 'TETES EMBUN', 0, 2, 0.85, 3),
('AM003', 'A', 'M', 'TETES EMBUN', 0, 2, 0.86, 1),
('AM004', 'A', 'M', 'TETES EMBUN', 0, 2, 0.88, 1),
('AM005', 'A', 'M', 'TETES EMBUN', 0, 2, 0.92, 1),
('AM006', 'A', 'M', 'BOLA MOZAIK', 0, 2, 0.75, 3),
('AM007', 'A', 'M', 'BOLA MOZAIK', 0, 2, 0.75, 3),
('AM008', 'A', 'M', 'BOLA MOZAIK', 0, 2, 0.9, 3),
('AM009', 'A', 'M', 'HATI MOZAIK', 0, 2, 0.95, 2),
('AM010', 'A', 'M', 'HATI MOZAIK', 0, 2, 0.79, 3),
('AM011', 'A', 'M', 'HATI MOZAIK', 0, 2, 0.75, 3),
('AM012', 'A', 'M', 'HATI MOZAIK', 0, 2, 0.83, 3),
('AM013', 'A', 'M', 'HATI MOZAIK', 0, 2, 0.95, 1),
('AM014', 'A', 'M', 'HATI MOZAIK', 0, 2, 0.9, 2),
('AM015', 'A', 'M', '5BOLA 3WARNA', 0, 2, 1.55, 3),
('AM016', 'A', 'M', '5BOLA 3WARNA', 0, 2, 1.55, 3),
('AM017', 'A', 'M', '5BOLA 3WARNA', 0, 2, 1.55, 3),
('AM0178', 'A', 'M', '2HATI SANTA 2BOT*', 0, 2, 1.03, 2),
('AM0179', 'A', 'M', 'KUPU GYG AD', 0, 2, 1.22, 2),
('AM018', 'A', 'M', 'KUPU AD PINK', 0, 2, 1.3, 3),
('AM0180', 'A', 'M', '2BTG SANTA*', 0, 2, 1.18, 2),
('AM0181', 'A', 'M', 'HATI LBG SANTA', 0, 2, 1.22, 2),
('AM0182', 'A', 'M', 'PJG PITA AD 3SANTA', 0, 2, 1.28, 3),
('AM0183', 'A', 'M', 'PJG BLT MOZA 1AD 3SAN', 0, 2, 1.72, 2),
('AM0184', 'A', 'M', 'PJG HATI FULL AD 2SAN 1AD', 0, 2, 2.38, 2),
('AM0185', 'A', 'M', 'PJG HATI MOZA 1AD 3SAN', 0, 2, 1.63, 3),
('AM0186', 'A', 'M', 'PJG KUPU AD 3SAN', 0, 2, 1.32, 1),
('AM0187', 'A', 'M', 'BLT LBG AD 1BOLA 3SAN BOT', 0, 2, 2, 2),
('AM0188', 'A', 'M', 'PJG 2SANTA 2BNG', 0, 2, 0.9, 3),
('AM0189', 'A', 'M', 'HATI MOZA 2SAN 2MN', 0, 2, 0.94, 3),
('AM019', 'A', 'M', 'KUPU VAR PTH 2AD', 0, 2, 1.02, 3),
('AM0190', 'A', 'M', 'BOLA MOZA KTIR SNTA*', 3, 2, 1.02, 2),
('AM0191', 'A', 'M', 'TETES KRWG AD', 0, 2, 1, 2),
('AM0192', 'A', 'M', 'TETES KRWNG AD', 0, 2, 1, 3),
('AM0193', 'A', 'M', 'PJG 2SANTA 2PLAT BNG*', 0, 2, 0.9, 2),
('AM0194', 'A', 'M', 'PJG HT SANTA 2PLAT', 0, 2, 0.94, 2),
('AM020', 'A', 'M', 'KUPU VAR PTH 2AD', 0, 2, 1, 3),
('AM021', 'A', 'M', 'KUPU VAR PTH 2AD', 0, 2, 1, 3),
('AM022', 'A', 'M', 'KUPU VAR PTH 2AD', 0, 2, 0.98, 3),
('AM023', 'A', 'M', 'KUPU VAR PTH 2AD', 2, 2, 1, 3),
('AM024', 'A', 'M', 'BUNGA VAR PTH 1AD', 0, 2, 0.98, 2),
('AM025', 'A', 'M', 'BUNGA VAR PTH 1AD', 0, 2, 0.96, 2),
('AM026', 'A', 'M', 'BUNGA VAR PTH 1AD', 0, 2, 0.97, 2),
('AM027', 'A', 'M', 'BUNGA VAR PTH 1AD', 0, 2, 1, 3),
('AM028', 'A', 'M', 'WAJIK 9AD PINK', 0, 2, 0.8, 3),
('AM029', 'A', 'M', 'BTG FULL AD PINK', 0, 2, 0.81, 3),
('AM030', 'A', 'M', 'BLT LBG FULL AD PINK', 0, 2, 0.76, 3),
('AM031', 'A', 'M', 'HATI LBG 1AD', 0, 2, 0.61, 3),
('AM032', 'A', 'M', 'TETES LBG 1AD', 0, 2, 0.6, 3),
('AM033', 'A', 'M', 'BTG 1AD', 0, 2, 0.61, 3),
('AM034', 'A', 'M', 'BTG 1AD', 0, 2, 0.6, 3),
('AM035', 'A', 'M', 'PJG HATI LBG', 0, 2, 1.5, 3),
('AM036', 'A', 'M', 'PJG HATI LBG', 0, 2, 1.45, 3),
('AM037', 'A', 'M', 'PJG HATI LBG + 2HT', 0, 2, 1.24, 2),
('AM038', 'A', 'M', 'PJG HATI LBG + 2HT', 0, 2, 1.25, 2),
('AM039', 'A', 'M', 'PJG HATI LBG + 2HT', 0, 2, 1.5, 3),
('AM040', 'A', 'M', 'PJG HATI LBG + 2HT', 0, 2, 1.22, 3),
('AM041', 'A', 'M', 'PJG HATI LBG + 2HT', 0, 2, 1.24, 3),
('AM042', 'A', 'M', 'PJG HATI LBG + 2HT', 0, 2, 1.22, 3),
('AM043', 'A', 'M', 'PJG BOLA DLM BLT', 0, 2, 1.4, 3),
('AM044', 'A', 'M', 'PJG BOLA DLM BLT', 0, 2, 1.4, 3),
('AM045', 'A', 'M', 'PJG BOLA DLM BLT', 0, 2, 1.35, 3),
('AM046', 'A', 'M', 'BUNGA LBG', 0, 2, 1, 3),
('AM047', 'A', 'M', 'PJG SABIT', 0, 2, 0.9, 3),
('AM048', 'A', 'M', 'PJG SABIT', 0, 2, 0.9, 3),
('AM049', 'A', 'M', 'PJG SABIT', 0, 2, 0.9, 3),
('AM050', 'A', 'M', 'PJG 2BTG', 0, 2, 1.2, 3),
('AM051', 'A', 'M', 'PJG 2BTG', 0, 2, 1.23, 3),
('AM052', 'A', 'M', 'PJG 2BTG', 0, 2, 1.23, 3),
('AM053', 'A', 'M', 'PJG 1BOLA', 1, 2, 1, 3),
('AM054', 'A', 'M', 'PJG 1BOLA', 1, 2, 1.05, 3),
('AM055', 'A', 'M', 'PJG 1BOLA', 1, 2, 1.05, 3),
('AM056', 'A', 'M', 'BLT 1AD', 3, 2, 1.17, 3),
('AM057', 'A', 'M', 'BLT 1AD', 3, 2, 1.12, 2),
('AM058', 'A', 'M', 'BLT 1AD', 3, 2, 1.1, 2),
('AM059', 'A', 'M', 'BLT 1AD', 3, 2, 1.02, 3),
('AM060', 'A', 'M', 'BLT 1AD', 3, 2, 1.03, 2),
('AM061', 'A', 'M', 'TETES 1AD', 3, 2, 0.93, 3),
('AM062', 'A', 'M', 'TETES 1AD', 3, 2, 0.97, 3),
('AM063', 'A', 'M', 'TETES 1AD', 2, 2, 0.95, 3),
('AM064', 'A', 'M', 'TETES 1AD', 3, 2, 0.94, 3),
('AM065', 'A', 'M', 'TETES 1AD', 3, 2, 0.96, 3),
('AM066', 'A', 'M', 'PJG 3HATI 3WNA', 0, 2, 2.15, 3),
('AM067', 'A', 'M', 'BUNGA 1 AD', 3, 2, 1.04, 2),
('AM068', 'A', 'M', 'HATI LBG 1 AD', 3, 2, 2, 2),
('AM069', 'A', 'M', 'TETES LBNG 1 AD (A)', 3, 2, 2.35, 2),
('AM070', 'A', 'M', 'BTG LBG 2 AD', 3, 2, 2.61, 2),
('AM071', 'A', 'M', 'OVAL LBG DAUN 1 AD', 3, 2, 2.2, 2),
('AM072', 'A', 'M', 'DAUN LBG 2 AD', 3, 2, 2.18, 2),
('AM073', 'A', 'M', 'OVAL LBG VAR PTH AD PINK', 0, 2, 1.2, 3),
('AM074', 'A', 'M', 'KIPAS AD PINK', 0, 2, 1.26, 2),
('AM075', 'A', 'M', 'BUNGA 1 AD', 3, 2, 2.17, 2),
('AM076', 'A', 'M', 'KUPU 2 AD', 3, 2, 1.68, 3),
('AM077', 'A', 'M', 'BTG 1AD *AM034', 3, 2, 0.6, 3),
('AM078', 'A', 'M', 'KUDA PONI CAT ', 3, 3, 1.2, 3),
('AM079', 'A', 'M', 'BNK CAT', 3, 3, 1.2, 3),
('AM080', 'A', 'M', 'BNK POOH CAT ', 3, 3, 1.2, 2),
('AM081', 'A', 'M', 'BNK CAT', 3, 3, 1.1, 2),
('AM082', 'A', 'M', 'HATI LBG 1AD *AM031', 0, 2, 0.61, 3),
('AM083', 'A', 'M', 'TETES 1AD *AM063', 3, 2, 0.95, 2),
('AM084', 'A', 'M', 'SABIT', 0, 2, 0.9, 3),
('AM085', 'A', 'M', '2BLT LBG 2BOLA SANTA *', 3, 2, 1.4, 3),
('AM086', 'A', 'M', 'HATI STGH FULL AD', 3, 3, 1, 3),
('AM087', 'A', 'M', 'BULAT FULL AD', 3, 3, 1.1, 3),
('AM088', 'A', 'M', 'HATI AD *', 3, 2, 0.6, 3),
('AM089', 'A', 'M', 'TETES LBG AD PINK', 0, 3, 1.15, 3),
('AM090', 'A', 'M', 'TETES LBG AD PINK', 0, 3, 1.15, 3),
('AM091', 'A', 'M', 'PJG 3HATI 3WNA *', 0, 2, 2.15, 3),
('AM092', 'A', 'M', '5BOLA 3WNA*', 0, 2, 1.55, 3),
('AM093', 'A', 'M', 'HATI FULL AD', 3, 3, 1.17, 3),
('AM094', 'A', 'M', 'KUPU FULL AD', 3, 3, 1.05, 3),
('AM095', 'A', 'M', '*', 0, 2, 1.45, 3),
('AM096', 'A', 'M', '*', 4, 2, 1.4, 3),
('AM097', 'A', 'M', 'VAR PTH KUPU AD*', 0, 2, 1, 2),
('AM098', 'A', 'M', 'PJG HATI LBG', 0, 2, 1.22, 3),
('AM099', 'A', 'M', 'SABIT LBG*', 0, 2, 0.87, 3),
('AM100', 'A', 'M', 'BOLA MOZAIK*', 0, 2, 1.02, 3),
('AM101', 'A', 'M', 'MICKEY CAT*', 0, 2, 1.12, 3),
('AM102', 'A', 'M', 'KELINCI CAT*', 1, 2, 0.77, 2),
('AM103', 'A', 'M', 'TETES EMBUN*', 0, 2, 0.94, 3),
('AM104', 'A', 'M', 'KUPU AD*', 3, 2, 0.97, 2),
('AM105', 'A', 'M', 'HATI PLAT KITIR SANTA*', 3, 2, 1.19, 3),
('AM106', 'A', 'M', 'SABIT KITIR SANTA*', 3, 2, 0.87, 3),
('AM107', 'A', 'M', 'HATI 1AD KITIR SANTA*', 3, 2, 1.45, 3),
('AM108', 'A', 'M', 'BTG FULL AD PINK*', 3, 2, 0.79, 3),
('AM109', 'A', 'M', 'SABIT*', 0, 2, 0.87, 3),
('AM110', 'A', 'M', 'BOLA MOZAIK*', 0, 2, 1.02, 3),
('AM111', 'A', 'M', 'HATI PLAT*', 0, 2, 0.87, 2),
('AM112', 'A', 'M', 'BINTANG 6AD', 3, 2, 0.93, 3),
('AM113', 'A', 'M', 'BINTANG 1AD', 3, 2, 0.59, 3),
('AM114', 'A', 'M', 'BUNGA 1AD', 3, 2, 0.57, 3),
('AM115', 'A', 'M', 'SABIT SANTA*', 0, 2, 0.87, 3),
('AM116', 'A', 'M', '2BTG TALI SANTA*', 0, 2, 1.19, 2),
('AM117', 'A', 'M', '5BOLA 3WNA*', 0, 2, 1.57, 2),
('AM118', 'A', 'M', 'PJG 2BTG*', 0, 2, 1.18, 3),
('AM119', 'A', 'M', 'BTG 1AD', 3, 2, 0.58, 3),
('AM120', 'A', 'M', 'BUNGA 1AD', 3, 2, 0.56, 3),
('AM121', 'A', 'M', 'PJG 2 BLT KITIR SANTA*', 0, 2, 1.34, 3),
('AM122', 'A', 'M', 'BTG AD PINK MRH', 0, 2, 0.76, 3),
('AM123', 'A', 'M', 'KUPU AD', 0, 3, 1.04, 2),
('AM124', 'A', 'M', 'BOLA MOZA', 3, 2, 0.75, 3),
('AM125', 'A', 'M', '2BTG 2KITIR SANTA', 0, 2, 1.18, 2),
('AM126', 'A', 'M', 'KUPU FULL AD', 0, 3, 1.2, 3),
('AM127', 'A', 'M', 'KUPU FULL AD', 0, 3, 1.21, 3),
('AM128', 'A', 'M', 'HATI VAR PTH+AD', 0, 3, 1.23, 3),
('AM129', 'A', 'M', 'HATI VAR PTH+AD', 0, 3, 1.22, 3),
('AM130', 'A', 'M', 'TETES AD BULAT', 0, 3, 1.2, 3),
('AM131', 'A', 'M', 'TETES AD BULAT', 0, 3, 1.21, 3),
('AM132', 'A', 'M', 'PJG SANTA BLT LBG', 0, 3, 0.94, 3),
('AM133', 'A', 'M', 'PJG SANTA BLT LBG', 0, 3, 0.95, 3),
('AM134', 'A', 'M', 'PJG SANTA BLT LBG', 0, 3, 0.96, 3),
('AM135', 'A', 'M', 'TETES AD PINK MRH', 10, 3, 1.15, 3),
('AM136', 'A', 'M', 'SABIT 2MN SANTA', 0, 2, 0.87, 3),
('AM137', 'A', 'M', 'BINTANG AD PINK MRH*AM122', 0, 2, 0.78, 3),
('AM138', 'A', 'M', 'BTG*', 3, 2, 0.55, 3),
('AM139', 'A', 'M', 'SABIT 2 RANTE SANTA*', 0, 2, 0.87, 3),
('AM140', 'A', 'M', 'BINTANG LUBANG 1AD', 3, 2, 0.59, 3),
('AM141', 'A', 'M', 'BOLA MOZA *AM110', 0, 2, 1, 3),
('AM142', 'A', 'M', 'TETES EMBUN AD*AM130', 0, 3, 1.2, 2),
('AM143', 'A', 'M', 'HATI 2 KITIR SANTA', 0, 2, 1.21, 3),
('AM144', 'A', 'M', '2 BLT KITIR SANTA', 0, 3, 0.94, 3),
('AM145', 'A', 'M', '3MN HATI*', 0, 2, 2.17, 3),
('AM146', 'A', 'M', 'TETES EMBUN AD PINK*', 0, 3, 1.14, 2),
('AM147', 'A', 'M', '1AD*', 0, 2, 0.91, 2),
('AM148', 'A', 'M', 'MICKEY CAT*', 0, 2, 1.12, 2),
('AM149', 'A', 'M', 'KUPU FULL AD', 0, 3, 1.21, 2),
('AM150', 'A', 'M', '(B) HATI MOZA*', 0, 2, 0.76, 2),
('AM151', 'A', 'M', 'BUNGA 1AD*', 0, 2, 0.56, 3),
('AM152', 'A', 'M', 'VAR PTH HATI MOZA*', 0, 3, 1.23, 2),
('AM153', 'A', 'M', 'SABIT KITIR SANTA*', 0, 2, 0.87, 3),
('AM154', 'A', 'M', 'TETES 1AD* ', 3, 2, 0.95, 2),
('AM155', 'A', 'M', 'HATI FULL AD+1AD', 3, 3, 1.15, 2),
('AM156', 'A', 'M', 'KUPU VAR PTH 2AD*', 0, 2, 0.98, 2),
('AM157', 'A', 'M', 'BINTANG AD PINK*', 0, 2, 0.78, 2),
('AM158', 'A', 'M', 'BTG GYG 1AD', 3, 2, 0.59, 3),
('AM159', 'A', 'M', 'BNGA GYG 1AD', 3, 2, 0.55, 3),
('AM160', 'A', 'M', 'TETES GYG 1AD', 3, 2, 0.57, 3),
('AM161', 'A', 'M', '2 BLT LBG KITIR SANTA*', 0, 3, 0.94, 2),
('AM162', 'A', 'M', 'SANTA 2BULAT LBG*', 0, 3, 0.94, 2),
('AM163', 'A', 'M', 'TETES 1AD', 3, 2, 0.58, 2),
('AM164', 'A', 'M', 'BUNGA 1AD', 3, 2, 0.6, 3),
('AM165', 'A', 'M', 'BUNGA 1AD', 3, 2, 0.65, 3),
('AM166', 'A', 'M', 'HATI 2SANTA', 0, 2, 1.2, 3),
('AM167', 'A', 'M', 'HATI 2SANTA', 0, 2, 1.19, 2),
('AM168', 'A', 'M', '2HATI LBG 2SANTA 2BOT', 0, 2, 1, 3),
('AM169', 'A', 'M', '2HATI LBG 2SANTA 2BOT', 0, 2, 1, 3),
('AM170', 'A', 'M', '2BLT LBG SABIT 2SANTA 2BO', 0, 2, 0.95, 3),
('AM171', 'A', 'M', '2BOLA PASIR KNG', 0, 2, 0.96, 2),
('AM172', 'A', 'M', '1BOLA PASIR KNG', 0, 2, 1, 3),
('AM173', 'A', 'M', 'BOLA MOZA*', 0, 2, 0.71, 2),
('AM174', 'A', 'M', 'BOLA MOZA*', 0, 2, 0.9, 2),
('AM175', 'A', 'M', 'BUNGA 1AD*', 3, 2, 0.58, 2),
('AM176', 'A', 'M', 'HATI 1AD KITIR SANTA', 0, 2, 1.48, 3),
('AM177', 'A', 'M', 'BUNGA KRWNG*', 0, 2, 1, 2),
('AP001', 'A', 'P', '7AD', 3, 2, 1.13, 2),
('AP002', 'A', 'P', '7AD', 3, 2, 0.97, 3),
('AP003', 'A', 'P', '7AD', 3, 2, 1.08, 3),
('AP004', 'A', 'P', '7AD', 3, 2, 1.1, 3),
('AP005', 'A', 'P', '7AD', 3, 2, 1.11, 3),
('AP006', 'A', 'P', '7AD ', 3, 2, 1.12, 3),
('AP007', 'A', 'P', '7AD', 3, 2, 1.2, 3),
('AP008', 'A', 'P', '7AD', 3, 2, 1, 3),
('AP009', 'A', 'P', '7AD', 3, 2, 1.1, 3),
('AP010', 'A', 'P', '7AD', 3, 2, 1.05, 3),
('AP0109', 'A', 'P', '5AD*', 3, 2, 1.15, 2),
('AP011', 'A', 'P', '7AD', 3, 2, 1.62, 3),
('AP0110', 'A', 'P', 'BUNGA 4AD', 3, 3, 0.98, 3),
('AP0111', 'A', 'P', 'KUPU GYG AD', 0, 2, 1.28, 3),
('AP0112', 'A', 'P', 'AD KUPU GYG AD', 0, 2, 1.77, 2),
('AP0113', 'A', 'P', 'TETES GYG AD', 0, 2, 1.48, 2),
('AP0114', 'A', 'P', 'BUNGA GYG AD+1AD BSR', 0, 2, 1.55, 2),
('AP0115', 'A', 'P', 'BTG FULL AD GYG', 0, 2, 1.45, 3),
('AP0116', 'A', 'P', 'BUNGA AD', 0, 2, 1.11, 3),
('AP0117', 'A', 'P', '6AD', 0, 2, 1.13, 2),
('AP0118', 'A', 'P', 'VAR PTH MOZA*', 0, 3, 1.6, 2),
('AP0119', 'A', 'P', 'FULL AD PTH*', 0, 2, 2.7, 2),
('AP012', 'A', 'P', '7AD', 3, 2, 1.6, 3),
('AP013', 'A', 'P', 'CARTIER', 0, 2, 1.25, 3),
('AP014', 'A', 'P', 'CARTIER', 0, 2, 1.3, 3),
('AP015', 'A', 'P', 'CARTIER', 0, 2, 1.3, 1),
('AP016', 'A', 'P', 'CARTIER', 0, 2, 1.25, 2),
('AP017', 'A', 'P', 'CARTIER', 0, 2, 1.27, 2),
('AP018', 'A', 'P', 'MOZAIK', 0, 2, 0.7, 3),
('AP019', 'A', 'P', 'MOZAIK', 0, 2, 0.7, 3),
('AP020', 'A', 'P', 'TETES EMBUN', 0, 2, 1.41, 2),
('AP021', 'A', 'P', 'TETES EMBUN', 0, 2, 1.34, 3),
('AP022', 'A', 'P', 'TETES EMBUN', 0, 2, 1.4, 2),
('AP023', 'A', 'P', 'BOLA MOZAIK', 0, 2, 1.48, 2),
('AP024', 'A', 'P', 'BOLA MOZAIK', 0, 2, 1.5, 1),
('AP025', 'A', 'P', 'BOLA MOZAIK', 0, 2, 1.57, 3),
('AP026', 'A', 'P', 'HATI MOZAIK', 0, 2, 1.3, 3),
('AP027', 'A', 'P', 'HATI MOZAIK', 0, 2, 1.33, 2),
('AP028', 'A', 'P', 'BOLA AD', 0, 2, 1.84, 3),
('AP029', 'A', 'P', 'BOLA AD', 0, 2, 1.8, 2),
('AP030', 'A', 'P', 'BOLA AD', 0, 2, 1.82, 3),
('AP031', 'A', 'P', 'BOLA AD', 2, 2, 1.8, 3),
('AP032', 'A', 'P', 'BOLA AD', 0, 2, 1.83, 3),
('AP033', 'A', 'P', 'HATI LBG AD', 0, 2, 1.5, 3),
('AP034', 'A', 'P', '7AD', 1, 2, 0.95, 3),
('AP035', 'A', 'P', 'BUNGA FULL AD (A)', 0, 2, 3.2, 3),
('AP036', 'A', 'P', 'FULL AD', 0, 2, 2.64, 3),
('AP037', 'A', 'P', 'RAINBOW', 0, 2, 1.68, 3),
('AP038', 'A', 'P', 'KERAWANG', 10, 3, 1.35, 3),
('AP039', 'A', 'P', 'BUNGA AD PINK', 3, 3, 1.05, 3),
('AP040', 'A', 'P', 'BUNGA AD PTH', 3, 3, 1.05, 3),
('AP041', 'A', 'P', '4AD PTH', 3, 3, 1, 3),
('AP042', 'A', 'P', '4AD PTH', 3, 3, 1, 3),
('AP043', 'A', 'P', 'SEGITIGA AD', 3, 3, 1.1, 3),
('AP044', 'A', 'P', 'BULAT KRWNG', 3, 3, 1.4, 2),
('AP045', 'A', 'P', '3AD *', 3, 2, 1.2, 3),
('AP046', 'A', 'P', '*', 0, 2, 1.05, 3),
('AP047', 'A', 'P', 'VAR PTH HATI AD PINK', 0, 3, 1.54, 3),
('AP048', 'A', 'P', 'DAUN VAR PTH+AD', 0, 3, 1.65, 3),
('AP049', 'A', 'P', '7AD', 0, 2, 1.08, 3),
('AP050', 'A', 'P', '7AD', 0, 2, 1.03, 3),
('AP051', 'A', 'P', '7AD', 0, 2, 1.13, 3),
('AP052', 'A', 'P', '7AD', 0, 2, 1.1, 3),
('AP053', 'A', 'P', 'VAR PTH PINK', 0, 3, 1.54, 3),
('AP054', 'A', 'P', 'VAR PTH PINK', 0, 3, 1.53, 3),
('AP055', 'A', 'P', 'VAR PTH AD', 0, 3, 1.6, 3),
('AP056', 'A', 'P', 'VAR PTH AD', 0, 3, 1.6, 3),
('AP057', 'A', 'P', '', 10, 3, 1.28, 3),
('AP058', 'A', 'P', '', 10, 3, 1.3, 3),
('AP059', 'A', 'P', 'BUNGA AD*', 3, 2, 1.11, 2),
('AP060', 'A', 'P', 'BUNGA AD*', 3, 2, 1.07, 3),
('AP061', 'A', 'P', '5AD + 1AD GOYANG', 3, 2, 1.46, 3),
('AP062', 'A', 'P', 'KERAWANG*', 10, 3, 1.29, 2),
('AP063', 'A', 'P', '5AD + 1AD GOYANG tdk klik', 3, 2, 1.47, 4),
('AP064', 'A', 'P', 'MOZAIK*', 0, 2, 0.66, 3),
('AP065', 'A', 'P', 'TETES EMBUN*', 0, 2, 1.32, 2),
('AP066', 'A', 'P', '4AD', 3, 3, 0.96, 3),
('AP067', 'A', 'P', '4AD*', 3, 2, 1.05, 2),
('AP068', 'A', 'P', '6AD', 0, 3, 0.96, 3),
('AP069', 'A', 'P', '6AD', 0, 3, 0.96, 3),
('AP070', 'A', 'P', '6AD', 0, 3, 0.95, 3),
('AP071', 'A', 'P', 'RAINBOW*', 0, 2, 1.67, 3),
('AP072', 'A', 'P', 'KERAWANG', 10, 3, 1.28, 3),
('AP073', 'A', 'P', 'KERAWANG', 10, 3, 1.26, 2),
('AP074', 'A', 'P', '4AD', 3, 3, 0.99, 3),
('AP075', 'A', 'P', 'BUNGA 1AD', 3, 3, 1.05, 3),
('AP076', 'A', 'P', 'BUNGA AD', 3, 3, 0.86, 3),
('AP077', 'A', 'P', 'AD*', 0, 3, 0.96, 3),
('AP078', 'A', 'P', 'VAR PTH AD PINK*', 0, 3, 1.53, 3),
('AP079', 'A', 'P', 'HATI AD PINK VAR PTH*', 0, 3, 1.53, 2),
('AP080', 'A', 'P', '7AD*', 3, 2, 1.04, 3),
('AP081', 'A', 'P', 'VAR PTH AD*', 0, 3, 1.62, 3),
('AP082', 'A', 'P', 'SEGITIGA AD', 3, 3, 1.08, 3),
('AP083', 'A', 'P', 'KERAWANG', 10, 3, 1.28, 2),
('AP084', 'A', 'P', 'BUNGA AD*AP060', 3, 2, 1.07, 3),
('AP085', 'A', 'P', '7AD', 3, 2, 1.1, 2),
('AP086', 'A', 'P', 'MOZAIK', 0, 2, 0.66, 3),
('AP087', 'A', 'P', 'RAINBOW FULL AD*', 0, 2, 1.67, 3),
('AP089', 'A', 'P', 'CARTIER*', 0, 2, 1.27, 3),
('AP090', 'A', 'P', '(B) BUNGA AD*KLIK', 3, 3, 0.86, 4),
('AP091', 'A', 'P', '7AD', 1, 2, 0.93, 3),
('AP092', 'A', 'P', '9AD *AP012', 3, 2, 1.56, 2),
('AP093', 'A', 'P', '4AD*', 0, 3, 0.99, 3),
('AP094', 'A', 'P', '3AD*', 3, 2, 1.17, 2),
('AP095', 'A', 'P', '6AD *', 0, 3, 0.95, 3),
('AP096', 'A', 'P', 'BOLA FULL AD*', 0, 2, 1.8, 3),
('AP097', 'A', 'P', 'BOLA FULL AD*', 0, 2, 1.8, 3),
('AP098', 'A', 'P', '7AD*', 3, 2, 1.2, 2),
('AP099', 'A', 'P', 'BUNGA 4AD', 3, 3, 0.96, 3),
('AP100', 'A', 'P', 'CARTIER*', 0, 2, 1.27, 3),
('AP101', 'A', 'P', '6AD*', 0, 3, 0.95, 3),
('AP102', 'A', 'P', 'AD RAINBOW*', 0, 2, 1.67, 3),
('AP103', 'A', 'P', 'OVAL 4AD', 3, 2, 0.93, 3),
('AP104', 'A', 'P', 'BTG 6AD', 3, 2, 1.04, 3),
('AP105', 'A', 'P', 'RAINBOW*', 0, 2, 1.67, 2),
('AP106', 'A', 'P', 'BUNGA AD MRH', 3, 3, 1.02, 3),
('AP107', 'A', 'P', 'HATI MOZA*', 0, 2, 1.35, 3),
('AP108', 'A', 'P', '6AD*', 0, 3, 1, 2),
('AS001', 'A', 'S', 'FULL AD S', 3, 3, 1.3, 3),
('AS002', 'A', 'S', 'FULL AD', 3, 3, 1, 3),
('AS003', 'A', 'S', 'FULL AD', 3, 2, 1.25, 1),
('AS004', 'A', 'S', 'FULL AD', 3, 3, 0.97, 3),
('AS005', 'A', 'S', '*', 3, 3, 0.95, 3),
('AS006', 'A', 'S', '*', 3, 3, 1.26, 3),
('AS007', 'A', 'S', '*', 0, 3, 0.95, 3),
('AS008', 'A', 'S', 'GELOMBANG FULL AD', 3, 3, 1.26, 3),
('AS009', 'A', 'S', 'SABIT FULL AD', 3, 3, 1.25, 3),
('AS010', 'A', 'S', '*AS005', 0, 3, 0.95, 3),
('AS011', 'A', 'S', '', 3, 3, 0.95, 3),
('AS012', 'A', 'S', 'FULL AD GLMBNG*', 3, 3, 1.26, 2),
('BD001', 'B', 'D', 'HK FULL AD', 0, 3, 0.95, 3),
('BD002', 'B', 'D', 'CAT MIKI AD', 0, 3, 1.15, 3),
('BD003', 'B', 'D', 'CAT PONI PTH UNGU+AD', 0, 3, 1.15, 3),
('BD004', 'B', 'D', 'CAT PONI PINK+AD', 2, 3, 1.25, 3),
('BD005', 'B', 'D', '1AD*', 3, 2, 0.6, 2),
('BJ001', 'B', 'J', 'ULIR', 3, 2, 0.51, 3),
('BJ002', 'B', 'J', 'ULIR', 3, 2, 0.51, 3),
('BJ003', 'B', 'J', 'ULIR', 3, 2, 0.52, 3),
('BJ004', 'B', 'J', 'ULIR', 3, 2, 0.53, 3),
('BJ005', 'B', 'J', 'ULIR', 3, 2, 0.53, 3),
('BJ006', 'B', 'J', 'MN 1BTG', 3, 2, 0.6, 3),
('BJ007', 'B', 'J', 'MN 1BTG', 3, 2, 0.55, 3),
('BJ0072', 'B', 'J', '1MN GYG', 0, 2, 0.55, 2),
('BJ0073', 'B', 'J', '1MN GYG', 0, 2, 0.55, 2),
('BJ0074', 'B', 'J', '1MN GYG', 0, 2, 0.55, 2),
('BJ0075', 'B', 'J', '1MN GYG', 0, 2, 0.55, 3),
('BJ0076', 'B', 'J', 'POLOS KUNING*', 7, 3, 0.45, 3),
('BJ0077', 'B', 'J', 'POLOS KUNING', 7, 3, 0.38, 2),
('BJ0078', 'B', 'J', 'POLOS KUNING', 7, 3, 0.38, 2),
('BJ0079', 'B', 'J', 'POLOS KUNING', 7, 3, 0.38, 2),
('BJ008', 'B', 'J', 'MN 1BTG', 3, 2, 0.57, 3),
('BJ0080', 'B', 'J', 'POLOS KUNING', 7, 3, 0.38, 2),
('BJ0081', 'B', 'J', 'POLOS KUNING', 7, 3, 0.38, 2),
('BJ0082', 'B', 'J', 'POLOS KUNING', 7, 3, 0.38, 2),
('BJ0083', 'B', 'J', 'POLOS KUNING', 7, 3, 0.38, 2),
('BJ0084', 'B', 'J', 'POLOS KUNING', 7, 3, 0.38, 2),
('BJ009', 'B', 'J', 'MN 1BTG', 3, 2, 0.56, 3),
('BJ010', 'B', 'J', 'MN 1BTG', 3, 2, 0.57, 3),
('BJ011', 'B', 'J', 'MN 1BTG *BJ010', 2, 2, 0.57, 3),
('BJ012', 'B', 'J', '1BTG *', 0, 2, 0.57, 3),
('BJ013', 'B', 'J', 'ULIR MOZAIK*', 3, 2, 0.51, 3),
('BJ014', 'B', 'J', '', 3, 2, 0.5, 3),
('BJ015', 'B', 'J', '', 3, 2, 0.51, 3),
('BJ016', 'B', 'J', '', 3, 2, 0.58, 3),
('BJ017', 'B', 'J', '', 3, 2, 0.5, 3),
('BJ018', 'B', 'J', '', 3, 2, 0.54, 2),
('BJ019', 'B', 'J', '', 3, 2, 0.5, 3),
('BJ020', 'B', 'J', '', 3, 2, 0.55, 2),
('BJ021', 'B', 'J', '', 3, 2, 0.51, 3),
('BJ022', 'B', 'J', '', 3, 2, 0.56, 3),
('BJ023', 'B', 'J', '', 3, 2, 0.5, 3),
('BJ024', 'B', 'J', '1MN GOYANG', 0, 2, 0.55, 3),
('BJ025', 'B', 'J', '1MN GOYANG', 0, 2, 0.55, 3),
('BJ026', 'B', 'J', '1MN GOYANG', 0, 2, 0.55, 3),
('BJ027', 'B', 'J', '1MN GOYANG', 0, 2, 0.55, 3),
('BJ028', 'B', 'J', '1MN GOYANG', 0, 2, 0.55, 3),
('BJ029', 'B', 'J', 'ULIR', 0, 2, 0.5, 3),
('BJ030', 'B', 'J', 'ULIR', 0, 2, 0.5, 3),
('BJ031', 'B', 'J', 'ULIR', 0, 2, 0.5, 3),
('BJ032', 'B', 'J', 'ULIR', 0, 2, 0.5, 3),
('BJ033', 'B', 'J', 'ULIR', 0, 2, 0.5, 3),
('BJ034', 'B', 'J', '1BOLA', 0, 2, 0.54, 3),
('BJ035', 'B', 'J', '1BOLA', 0, 2, 0.51, 3),
('BJ036', 'B', 'J', '1BOLA', 0, 2, 0.51, 3),
('BJ037', 'B', 'J', '1BTG', 0, 2, 0.54, 3),
('BJ038', 'B', 'J', '1BTG', 0, 2, 0.54, 3),
('BJ039', 'B', 'J', 'POLOS', 7, 3, 0.5, 2),
('BJ040', 'B', 'J', 'POLOS', 7, 3, 0.5, 3),
('BJ041', 'B', 'J', 'MN 1BOLA ', 0, 2, 0.54, 3),
('BJ042', 'B', 'J', 'ULIR *', 3, 2, 0.5, 3),
('BJ043', 'B', 'J', '1MN GOYANG', 0, 2, 0.54, 3),
('BJ044', 'B', 'J', '*', 0, 2, 0.51, 3),
('BJ045', 'B', 'J', '1BINTANG*', 0, 2, 0.55, 3),
('BJ046', 'B', 'J', 'ULIR*BJ033', 3, 2, 0.5, 3),
('BJ047', 'B', 'J', '*BJ023', 3, 2, 0.48, 3),
('BJ048', 'B', 'J', '1 BOTORAN GPYANG*', 0, 2, 0.51, 3),
('BJ049', 'B', 'J', 'POLOS KG *AJ052', 7, 3, 0.48, 2),
('BJ050', 'B', 'J', '1BOLA*', 0, 2, 0.53, 3),
('BJ051', 'B', 'J', '1 BTG*', 0, 2, 0.54, 3),
('BJ052', 'B', 'J', 'ULIR*', 3, 2, 0.53, 3),
('BJ053', 'B', 'J', '1 MN GOYANG*', 0, 2, 0.54, 3),
('BJ054', 'B', 'J', '1 BOLA GOYANG', 0, 2, 0.55, 3),
('BJ055', 'B', 'J', 'ULIR*', 3, 2, 0.5, 3),
('BJ056', 'B', 'J', '1MN GYG', 3, 2, 0.55, 3),
('BJ057', 'B', 'J', '1MN GYG', 3, 2, 0.55, 3),
('BJ058', 'B', 'J', '1MN GYG', 3, 2, 0.56, 3),
('BJ059', 'B', 'J', 'MOZA*', 3, 2, 0.53, 2),
('BJ060', 'B', 'J', '1MN HATI GYNG', 0, 2, 0.56, 2),
('BJ061', 'B', 'J', '1MN HATI GYNG', 0, 2, 0.56, 3),
('BJ062', 'B', 'J', '1MN HATI GYNG', 0, 2, 0.56, 3),
('BJ063', 'B', 'J', '1MN HATI GYNG', 0, 2, 0.56, 3),
('BJ064', 'B', 'J', '1MN HATI GYNG', 0, 2, 0.56, 2),
('BJ065', 'B', 'J', '1MN GYG*', 0, 2, 0.6, 3),
('BJ066', 'B', 'J', 'POLOS KUNING', 7, 3, 0.45, 3),
('BJ067', 'B', 'J', 'POLOS KUNING', 7, 3, 0.45, 3),
('BJ068', 'B', 'J', 'POLOS KUNING', 7, 3, 0.45, 3),
('BJ069', 'B', 'J', 'POLOS KUNING', 7, 3, 0.45, 3),
('BJ070', 'B', 'J', 'POLOS KUNING', 7, 3, 0.45, 3),
('BJ071', 'B', 'J', 'POLOS KUNING', 7, 3, 0.45, 3),
('BM001', 'B', 'M', 'CAT OWL PINK', 1, 2, 0.85, 3),
('BM002', 'B', 'M', 'CAT OWL PINK', 1, 2, 0.87, 3),
('BM003', 'B', 'M', 'CAT OWL PINK', 1, 2, 0.86, 2),
('BM004', 'B', 'M', 'CAT OWL BIRU', 1, 2, 0.9, 2),
('BM005', 'B', 'M', 'CAT OWL BIRU', 1, 2, 0.9, 2),
('BM006', 'B', 'M', 'CAT OWL BIRU', 1, 2, 0.9, 3),
('BM007', 'B', 'M', 'CAT KELINCI', 1, 2, 0.8, 3),
('BM0076', 'B', 'M', 'MICKEY 1AD*', 3, 2, 1.15, 2),
('BM0077', 'B', 'M', 'BNK CAT 1AD*', 3, 2, 0.63, 2),
('BM0078', 'B', 'M', 'BNK CAT', 0, 2, 0.95, 2),
('BM0079', 'B', 'M', '(B) OWL CAT PINK', 0, 2, 0.85, 2),
('BM008', 'B', 'M', 'CAT KELINCI', 1, 2, 0.82, 3),
('BM0080', 'B', 'M', '1AD GYANG*', 0, 2, 0.57, 3),
('BM0081', 'B', 'M', 'BNK CAT 1AD*', 3, 2, 0.57, 2),
('BM0082', 'B', 'M', 'STROBERI CAT 1AD*', 0, 2, 0.56, 2),
('BM009', 'B', 'M', 'CAT KELINCI', 1, 2, 0.78, 3),
('BM010', 'B', 'M', 'CAT STROBERI 1AD', 3, 2, 1.07, 3),
('BM011', 'B', 'M', 'CAT STROBERI 1AD', 3, 2, 0.95, 3),
('BM012', 'B', 'M', 'CAT HK 1AD', 3, 2, 1.28, 2),
('BM013', 'B', 'M', 'CAT HK 1AD', 3, 2, 1.22, 3),
('BM014', 'B', 'M', 'CAT FROZEN 1AD', 3, 2, 1.23, 3),
('BM015', 'B', 'M', 'CAT FROZEN 1AD', 3, 2, 1.22, 3),
('BM016', 'B', 'M', 'CAT TIMBUL MELODY 1AD', 1, 2, 1.07, 2),
('BM017', 'B', 'M', 'CAT TIMBUL MELODY 1AD', 1, 2, 1.07, 3),
('BM018', 'B', 'M', 'CAT MIKI AD PINK', 3, 2, 0.98, 2),
('BM019', 'B', 'M', 'CAT MIKI AD PINK', 3, 2, 1, 2),
('BM020', 'B', 'M', 'HK FULL AD', 3, 2, 1.12, 3),
('BM021', 'B', 'M', 'HK FULL AD', 3, 2, 1.08, 3),
('BM022', 'B', 'M', 'CAT HK PITA AD', 3, 2, 1.07, 3),
('BM023', 'B', 'M', 'CAT HK PITA AD', 3, 2, 1.07, 3),
('BM024', 'B', 'M', 'CAT FROZEN 1 AD', 3, 2, 1.2, 2),
('BM025', 'B', 'M', 'CAT STROBERY  AD', 3, 2, 1.1, 3),
('BM026', 'B', 'M', 'KUDA PONI 1AD', 2, 3, 1.05, 3),
('BM027', 'B', 'M', 'HK AD PINK', 2, 3, 1, 3),
('BM028', 'B', 'M', 'KUPU AD', 3, 3, 1, 3),
('BM029', 'B', 'M', 'SAPI CAT 1AD', 3, 3, 1.1, 3),
('BM030', 'B', 'M', 'BEBEK CAT', 3, 3, 1.1, 3),
('BM031', 'B', 'M', 'MIKI CAT', 0, 2, 1.15, 3),
('BM032', 'B', 'M', 'MIKI CAT', 0, 2, 1.2, 3),
('BM033', 'B', 'M', 'DONALD CAT', 0, 2, 1.08, 3),
('BM034', 'B', 'M', 'HK CAT', 0, 2, 1.25, 2),
('BM035', 'B', 'M', 'PONI PINK 1AD', 3, 2, 1.16, 3),
('BM036', 'B', 'M', 'DORA 1AD', 3, 2, 1.15, 3),
('BM037', 'B', 'M', 'DONALD CAT*', 0, 2, 1.06, 2),
('BM038', 'B', 'M', 'PONI UNGU 1AD*', 3, 3, 1.13, 3),
('BM039', 'B', 'M', 'OWL PINK*BM001', 1, 2, 0.81, 2),
('BM040', 'B', 'M', '(B) HK CAT 6AD*', 3, 3, 1.04, 2),
('BM041', 'B', 'M', 'BONEKA CAT 1AD*', 0, 3, 1.13, 2),
('BM042', 'B', 'M', 'KUDA PONI 1AD', 3, 3, 1.13, 3),
('BM043', 'B', 'M', 'PONI PINK 1AD*', 3, 2, 1.16, 3),
('BM044', 'B', 'M', 'HK AD', 3, 3, 0.98, 3),
('BM045', 'B', 'M', 'CAT PONI PTH UNGU 1AD*', 3, 3, 1.13, 2),
('BM046', 'B', 'M', 'HK AD FULL AD', 0, 3, 0.91, 2),
('BM047', 'B', 'M', 'FROZEN 1AD*', 3, 2, 1.2, 2),
('BM048', 'B', 'M', 'BNK CAT GYG 1AD', 3, 2, 0.56, 3),
('BM049', 'B', 'M', 'STRO CAT GYG 1AD', 3, 2, 0.56, 3),
('BM050', 'B', 'M', 'BNK CAT GYG 1AD', 3, 2, 0.56, 3),
('BM051', 'B', 'M', 'STRO CAT GYG 1AD', 3, 2, 0.56, 3),
('BM052', 'B', 'M', 'BNK CAT', 3, 2, 0.55, 3),
('BM053', 'B', 'M', 'BNK CAT+AD', 3, 2, 0.6, 3),
('BM054', 'B', 'M', '1MN GYG', 0, 2, 0.6, 3),
('BM055', 'B', 'M', '1AD GYG', 0, 2, 0.57, 3),
('BM056', 'B', 'M', '1AD GYG', 0, 2, 0.58, 3),
('BM057', 'B', 'M', '1AD GYG', 0, 2, 0.58, 3),
('BM058', 'B', 'M', '1AD GYG', 0, 2, 0.56, 3),
('BM064', 'B', 'M', 'STROBERI 1AD', 3, 2, 0.6, 2),
('BM065', 'B', 'M', 'STROBERI 1AD', 3, 2, 0.6, 3),
('BM066', 'B', 'M', 'BNK CAT 1AD', 3, 2, 0.6, 2),
('BM067', 'B', 'M', 'BNK CAT 1AD', 3, 2, 0.6, 2),
('BM068', 'B', 'M', 'BNK CAT 1AD', 3, 2, 0.6, 3),
('BM069', 'B', 'M', 'BNK CAT 1AD', 3, 2, 0.6, 3),
('BM070', 'B', 'M', 'BNK CAT 1AD', 3, 2, 0.6, 3),
('BM071', 'B', 'M', 'BNK CAT 1AD', 3, 2, 0.6, 2),
('BM072', 'B', 'M', 'BNK CAT 1AD', 3, 2, 0.6, 3),
('BM073', 'B', 'M', 'BNK CAT 1AD', 3, 2, 0.6, 2),
('BM074', 'B', 'M', 'BNK CAT 1AD', 3, 2, 0.6, 3),
('BM075', 'B', 'M', 'BNK CAT 1AD', 3, 2, 0.6, 3),
('CL001', 'C', 'L', 'VAR PASIR', 0, 2, 1.12, 3),
('CL002', 'C', 'L', 'VAR PASIR', 0, 2, 1.1, 3),
('CL003', 'C', 'L', 'VAR PASIR', 0, 2, 1.1, 3),
('CL004', 'C', 'L', 'PASIR MOZAIK', 0, 2, 1.19, 3),
('CL005', 'C', 'L', 'PASIR MOZAIK', 0, 2, 1.17, 3),
('CL006', 'C', 'L', 'MOZAIK', 0, 2, 0.69, 3),
('CL007', 'C', 'L', 'MOZAIK', 0, 2, 0.7, 3),
('CL008', 'C', 'L', 'MOZAIK', 0, 2, 0.7, 3),
('CL009', 'C', 'L', 'MOZAIK', 0, 2, 0.71, 3),
('CL010', 'C', 'L', 'MOZAIK', 0, 2, 0.68, 3),
('CL011', 'C', 'L', 'MOZAIK', 0, 2, 0.71, 3),
('CL012', 'C', 'L', 'TN VAR PTH 1AD', 5, 2, 2.16, 3),
('CL013', 'C', 'L', 'TN VAR PTH 1AD', 5, 2, 2.19, 3),
('CL0131', 'C', 'L', 'MOZA*', 0, 2, 1.55, 2),
('CL0132', 'C', 'L', 'KUNING*', 7, 4, 2.05, 3),
('CL0133', 'C', 'L', '(B) MOZA*', 0, 2, 0.67, 2),
('CL0134', 'C', 'L', '1AD 18*', 0, 3, 1.64, 3),
('CL0135', 'C', 'L', '(B) MOZA VAR PTH', 0, 2, 1.42, 2),
('CL0136', 'C', 'L', '(B) MOZA*', 0, 2, 0.65, 2),
('CL0137', 'C', 'L', 'MOZA', 0, 2, 0.77, 3),
('CL0138', 'C', 'L', '(B) MOZA*', 0, 2, 0.68, 2),
('CL014', 'C', 'L', 'TN VAR PTH 1AD', 5, 2, 2.25, 3),
('CL015', 'C', 'L', 'TN VAR PTH 1AD', 5, 2, 2.17, 3),
('CL016', 'C', 'L', 'TN VAR PTH 1AD', 5, 2, 2.06, 3),
('CL017', 'C', 'L', 'TN VAR PTH 1AD', 5, 2, 2.18, 3),
('CL018', 'C', 'L', 'MOZAIK', 0, 2, 1.65, 3),
('CL019', 'C', 'L', 'MOZAIK', 0, 2, 1.62, 3),
('CL020', 'C', 'L', 'MOZAIK', 0, 2, 1.61, 3),
('CL021', 'C', 'L', 'MOZAIK', 0, 2, 1.54, 3),
('CL022', 'C', 'L', 'MOZAIK', 0, 2, 1.66, 3),
('CL023', 'C', 'L', 'MOZAIK', 0, 2, 1.52, 3),
('CL024', 'C', 'L', 'MOZAIK', 0, 2, 1.6, 3),
('CL025', 'C', 'L', 'MOZAIK', 0, 2, 1.65, 3),
('CL026', 'C', 'L', 'MOZAIK', 0, 2, 1.58, 3),
('CL027', 'C', 'L', 'MOZAIK', 0, 2, 1.7, 3),
('CL028', 'C', 'L', 'MOZAIK VAR PUTIH', 0, 2, 1.45, 3),
('CL029', 'C', 'L', 'MOZAIK VAR PUTIH', 0, 2, 1.44, 3),
('CL030', 'C', 'L', 'MOZAIK VAR PUTIH', 0, 2, 1.46, 3),
('CL031', 'C', 'L', 'MOZAIK VAR PUTIH', 0, 2, 1.43, 3),
('CL032', 'C', 'L', '', 7, 3, 2.15, 3),
('CL033', 'C', 'L', '', 7, 3, 2.05, 3),
('CL034', 'C', 'L', '', 7, 3, 2.05, 3),
('CL035', 'C', 'L', 'VAR PTH AD', 5, 2, 2.3, 3),
('CL036', 'C', 'L', 'MOZAIK *', 0, 2, 0.7, 3),
('CL037', 'C', 'L', 'PASIR MOZAIK*', 0, 2, 1.19, 3),
('CL038', 'C', 'L', 'VAR GARIS MOZAIK*', 0, 2, 1.12, 3),
('CL039', 'C', 'L', 'VAR PTH MOZAIK 1AD 11', 0, 3, 1.6, 3),
('CL040', 'C', 'L', 'VAR PTH MOZAIK 1AD 12', 0, 3, 1.57, 3),
('CL041', 'C', 'L', 'VAR PTH MOZAIK 1AD 19', 0, 3, 1.66, 3),
('CL042', 'C', 'L', 'VAR PTH MOZAIK 1AD 13', 0, 3, 1.63, 3),
('CL043', 'C', 'L', 'VAR PTH MOZAIK 1AD 14', 0, 3, 1.66, 3),
('CL044', 'C', 'L', 'VAR PTH MOZAIK 1AD 16', 0, 3, 1.67, 3),
('CL045', 'C', 'L', 'VAR PTH MOZAIK 1AD 10', 0, 3, 1.49, 3),
('CL046', 'C', 'L', 'VAR PTH MOZAIK 1AD 17', 0, 3, 1.67, 3),
('CL047', 'C', 'L', 'VAR PTH MOZAIK 1AD 20', 0, 3, 1.68, 3),
('CL048', 'C', 'L', 'VAR PTH MOZAIK 1AD 18', 0, 3, 1.65, 3),
('CL049', 'C', 'L', 'MOZAIK', 0, 2, 0.81, 3),
('CL050', 'C', 'L', 'MOZAIK', 0, 2, 0.77, 3),
('CL051', 'C', 'L', 'MOZAIK', 0, 2, 0.83, 3),
('CL052', 'C', 'L', 'VAR PTH MOZAIK', 0, 2, 1.47, 3),
('CL053', 'C', 'L', 'VAR PTH MOZAIK', 0, 2, 1.46, 3),
('CL054', 'C', 'L', 'VAR PTH 1AD*', 0, 2, 1.95, 3),
('CL055', 'C', 'L', 'MOZA 3WNA', 0, 2, 1.51, 2),
('CL056', 'C', 'L', 'MOZAIK*', 0, 2, 0.7, 3),
('CL057', 'C', 'L', 'VAR PTH 1AD*', 0, 3, 1.65, 3),
('CL058', 'C', 'L', 'MOZAIK*', 0, 2, 0.8, 3),
('CL059', 'C', 'L', 'VAR PTH MOZAIK*', 0, 2, 1.49, 3),
('CL060', 'C', 'L', 'VAR PTH 1AD*', 5, 2, 2.04, 3),
('CL061', 'C', 'L', 'VAR PTH 1AD*', 0, 3, 1.57, 3),
('CL062', 'C', 'L', 'VAR PTH 1AD 10 *', 0, 2, 1.64, 3),
('CL063', 'C', 'L', 'VAR PTH MOZAIK*', 0, 2, 1.43, 3),
('CL064', 'C', 'L', 'MOZAIK*', 0, 2, 1.15, 3),
('CL065', 'C', 'L', 'MOZAIK*', 0, 2, 0.75, 3),
('CL066', 'C', 'L', 'MOZA*', 0, 2, 1.15, 2),
('CL067', 'C', 'L', 'VAR PTH 1AD*', 5, 2, 2.14, 3),
('CL068', 'C', 'L', 'MOZAIK*', 0, 2, 0.78, 3),
('CL069', 'C', 'L', '1AD', 0, 3, 1.6, 3),
('CL071', 'C', 'L', 'MOZAIK 1AD', 0, 2, 1.62, 3),
('CL072', 'C', 'L', 'VAR PTH 1AD 17', 0, 2, 2.12, 3),
('CL073', 'C', 'L', 'VAR PTH 1AD 16', 0, 2, 2.1, 3),
('CL074', 'C', 'L', 'VAR PTH 1AD 12', 0, 2, 2.08, 3),
('CL075', 'C', 'L', 'VAR PTH 1AD 18', 0, 2, 1.56, 3),
('CL076', 'C', 'L', 'VAR PTH 1AD 11', 0, 2, 1.36, 3),
('CL077', 'C', 'L', 'VAR PTH 1AD 14', 0, 2, 1.35, 3),
('CL078', 'C', 'L', 'VAR PTH MOZAIK AD 14', 0, 2, 1.73, 3),
('CL080', 'C', 'L', 'VAR PTH 1AD 12', 0, 2, 2.08, 3),
('CL081', 'C', 'L', 'VAR PTH MOZA*', 0, 2, 1.58, 3),
('CL083', 'C', 'L', 'MOZA*', 0, 2, 1.1, 2),
('CL085', 'C', 'L', 'VAR PTH 1AD 14', 5, 2, 2.04, 3),
('CL086', 'C', 'L', 'MOZA', 0, 2, 1.68, 2),
('CL088', 'C', 'L', '1AD', 0, 2, 1.62, 3),
('CL089', 'C', 'L', 'VAR PTH 1AD 11*', 0, 2, 1.36, 3),
('CL090', 'C', 'L', 'VAR PTH MOZA 1AD 12', 0, 2, 2.61, 2),
('CL091', 'C', 'L', 'VAR PTH 1AD 13', 0, 2, 2.06, 3),
('CL092', 'C', 'L', 'VAR PTH MOZA 1AD 14', 0, 2, 2.74, 2),
('CL093', 'C', 'L', 'MOZA ', 0, 2, 0.69, 2),
('CL094', 'C', 'L', 'MOZA *CL022', 0, 2, 1.62, 3),
('CL095', 'C', 'L', '(B) MOZA *ARISAN', 0, 2, 0.65, 3),
('CL096', 'C', 'L', '(B) MOZA', 0, 2, 0.78, 3),
('CL097', 'C', 'L', '(B) MOZA', 0, 2, 0.64, 3),
('CL098', 'C', 'L', 'MOZA ', 0, 2, 1.4, 3),
('CL099', 'C', 'L', 'VAR PTH 1AD *CL077', 0, 2, 1.35, 3),
('CL100', 'C', 'L', 'VAR PTH 1AD *CL040', 0, 3, 1.57, 3),
('CL101', 'C', 'L', 'VAR PTH 1AD *CL091', 0, 2, 2.06, 3),
('CL102', 'C', 'L', 'MOZA', 0, 2, 1.4, 3),
('CL103', 'C', 'L', '1AD 17', 0, 3, 1.63, 3),
('CL104', 'C', 'L', 'MOZA *', 0, 2, 1.16, 2),
('CL105', 'C', 'L', '1AD 13', 0, 3, 1.59, 3),
('CL106', 'C', 'L', '1AD 16', 0, 3, 1.62, 3),
('CL107', 'C', 'L', '1AD 18', 0, 3, 1.6, 3),
('CL108', 'C', 'L', '1AD 20', 0, 3, 1.64, 3),
('CL109', 'C', 'L', 'MOZA PASIR*', 0, 2, 1.1, 2),
('CL110', 'C', 'L', '1AD 14', 0, 3, 1.62, 3),
('CL111', 'C', 'L', 'MOZA*', 0, 2, 1.62, 3),
('CL112', 'C', 'L', '1AD 11', 0, 2, 1.48, 3),
('CL113', 'C', 'L', 'VAR PTH 1 AD 13', 0, 2, 2.06, 2),
('CL114', 'C', 'L', 'VAR GARIS 3WNA', 0, 2, 1.49, 3),
('CL115', 'C', 'L', 'SISIK IKAN 3WNA', 0, 2, 1.11, 3),
('CL116', 'C', 'L', 'SISIK IKAN 3WNA', 0, 2, 1.12, 3),
('CL117', 'C', 'L', 'VAR GARIS 3WNA', 0, 2, 1.46, 3),
('CL118', 'C', 'L', '1AD 10*', 5, 2, 2.25, 3),
('CL119', 'C', 'L', '1AD 14', 0, 3, 1.6, 3),
('CL120', 'C', 'L', 'VAR PTH 1AD 17', 0, 2, 2.12, 2),
('CL121', 'C', 'L', '1AD 17*', 0, 3, 1.63, 3),
('CL122', 'C', 'L', 'MOZA 1AD', 0, 3, 1.6, 3),
('CL123', 'C', 'L', 'MOZA*', 0, 2, 1.53, 3),
('CL124', 'C', 'L', 'MOZAIK*', 0, 2, 1.61, 3),
('CL125', 'C', 'L', 'VAR PTH 1AD*', 0, 2, 1.35, 2),
('CL126', 'C', 'L', '1AD MOZA*', 0, 3, 1.6, 3),
('CL127', 'C', 'L', 'MOZA*', 0, 2, 0.7, 3),
('CL128', 'C', 'L', '(B) MOZA*', 0, 2, 0.7, 2),
('CL129', 'C', 'L', 'MOZA*', 0, 2, 1.52, 2),
('CL130', 'C', 'L', 'SISIK IKAN 3WNA*', 0, 2, 1.13, 2),
('CV001', 'C', 'V', 'AD HATI', 0, 2, 2.18, 3),
('CV002', 'C', 'V', 'KOTAK AD', 0, 2, 1.58, 2),
('CV003', 'C', 'V', 'AD BULAT', 0, 2, 1.6, 3),
('CV004', 'C', 'V', 'BTG AD HATI', 0, 2, 1.12, 3),
('CV005', 'C', 'V', 'BTG AD HATI', 0, 2, 1.1, 3),
('CV006', 'C', 'V', 'HATI AD PINK', 0, 2, 1.62, 3),
('CV007', 'C', 'V', '2PITA AD', 0, 2, 1.25, 3),
('CV008', 'C', 'V', 'KOTAK AD', 0, 2, 1.52, 2),
('CV009', 'C', 'V', '2PITA AD', 0, 2, 1.1, 3),
('CV010', 'C', 'V', 'AD C', 1, 2, 1.71, 3),
('CV011', 'C', 'V', 'PER HATI PTH', 0, 2, 1.9, 3),
('CV012', 'C', 'V', 'AD HATI PINK', 0, 2, 1.55, 2),
('CV013', 'C', 'V', 'AD HATI', 0, 2, 1.36, 3),
('CV014', 'C', 'V', 'AD KUPU', 0, 2, 1.63, 3),
('CV015', 'C', 'V', 'PTH 1AD', 0, 2, 2.28, 3),
('CV016', 'C', 'V', 'RANTAI', 0, 2, 2.16, 3),
('CV017', 'C', 'V', 'BLT LBNG', 0, 2, 0.55, 3),
('CV018', 'C', 'V', 'KUPU STGH AD', 0, 2, 1.42, 3),
('CV019', 'C', 'V', '1 AD ORANGE', 0, 2, 1.61, 3),
('CV020', 'C', 'V', 'ANGSA RAINBOW', 0, 2, 2.34, 3),
('CV021', 'C', 'V', 'HATI 5AD', 0, 2, 1.07, 3),
('CV022', 'C', 'V', 'PER 2BLT AD', 0, 2, 1.37, 3),
('CV023', 'C', 'V', 'KUPU 2AD BULAT', 0, 2, 1.5, 3),
('CV024', 'C', 'V', 'HATI AD', 0, 2, 1.31, 3),
('CV025', 'C', 'V', 'BOLA AD RAINBOW', 0, 2, 1.88, 3),
('CV026', 'C', 'V', '3HATI AD', 0, 2, 1.07, 3),
('CV027', 'C', 'V', 'KUPU STGH AD', 0, 2, 1.48, 3),
('CV028', 'C', 'V', 'CAT AD KOTAK', 0, 2, 2.06, 3),
('CV030', 'C', 'V', 'BTG AD PINK', 0, 2, 1.23, 3),
('CV031', 'C', 'V', 'BTG AD', 0, 2, 1.54, 3),
('CV032', 'C', 'V', '9 AD', 0, 2, 0.9, 3),
('CV033', 'C', 'V', 'HATI LBG', 0, 2, 0.85, 3),
('CV034', 'C', 'V', 'DOLPHIN RAINBOW', 0, 2, 2.32, 3),
('CV035', 'C', 'V', '1AD BSR+4AD KCL', 0, 2, 1.92, 3),
('CV036', 'C', 'V', '9AD', 0, 2, 0.93, 3),
('CV037', 'C', 'V', '3HATI AD', 0, 2, 1.03, 2),
('CV038', 'C', 'V', 'AD HATI', 0, 2, 1.22, 2),
('CV039', 'C', 'V', 'PER RAINBOW', 0, 2, 2.23, 3),
('CV040', 'C', 'V', '1AD MERAH', 0, 2, 2.1, 3),
('CV041', 'C', 'V', '1AD PUTIH', 0, 2, 2.22, 3),
('CV042', 'C', 'V', '2AD', 0, 2, 0.93, 2),
('CV043', 'C', 'V', 'KOTAK AD', 0, 2, 1.64, 2),
('CV044', 'C', 'V', 'HATI AD', 0, 2, 0.88, 3),
('CV045', 'C', 'V', 'PTH +AD', 0, 2, 1.12, 3),
('CV046', 'C', 'V', 'AD HATI', 0, 2, 1.32, 3),
('CV047', 'C', 'V', 'AD BULAT', 0, 2, 2.5, 3),
('CV048', 'C', 'V', '2HATI AD', 0, 2, 1.22, 3),
('CV049', 'C', 'V', 'BULAT 1AD', 0, 2, 1.43, 3),
('CV050', 'C', 'V', '1AD', 0, 2, 0.92, 3),
('CV051', 'C', 'V', 'CAT RANTAI AD', 0, 2, 4.09, 3),
('CV052', 'C', 'V', 'CAT AD', 0, 2, 2.18, 3),
('CV053', 'C', 'V', 'ANGSA AD PINK', 0, 2, 1.63, 3),
('CV054', 'C', 'V', 'HATI', 0, 2, 1.32, 3),
('CV055', 'C', 'V', 'PER 3KUPU AD', 0, 2, 2.42, 3),
('CV056', 'C', 'V', '2 PITA AD', 0, 2, 1.19, 3),
('CV057', 'C', 'V', 'HATI MAHKOTA AD', 0, 2, 1.12, 3),
('CV058', 'C', 'V', '1AD BSR FULL AD KECIL', 0, 2, 1.95, 3),
('CV059', 'C', 'V', 'KUPU', 0, 2, 0.8, 2),
('CV060', 'C', 'V', 'CAT AD', 0, 2, 2.17, 3),
('CV061', 'C', 'V', 'HATI AD PINK', 0, 2, 0.76, 3),
('CV062', 'C', 'V', 'CARTIER *dipesan', 0, 2, 2.03, 3),
('CV063', 'C', 'V', 'PTH AD', 0, 2, 1.23, 3),
('CV065', 'C', 'V', '2AD', 0, 2, 0.92, 3),
('CV066', 'C', 'V', 'BSR AD', 0, 2, 3.28, 3),
('CV067', 'C', 'V', '3AD', 0, 2, 0.8, 3),
('CV069', 'C', 'V', 'BSR AD', 0, 2, 3.83, 3),
('CV070', 'C', 'V', 'CAT AD', 0, 2, 2.34, 3),
('CV071', 'C', 'V', 'PITA AD PINK', 0, 2, 1.06, 2),
('CV072', 'C', 'V', '1AD BSR', 0, 2, 1.74, 3),
('CV073', 'C', 'V', 'AD', 0, 2, 1.4, 3),
('CV074', 'C', 'V', 'PER AD KUPU', 0, 2, 1.79, 3),
('CV075', 'C', 'V', 'AD HTM', 0, 2, 2.9, 3),
('CV076', 'C', 'V', 'RANTAI', 0, 2, 2, 3),
('CV077', 'C', 'V', 'VAR PUTIH AD', 0, 2, 1.6, 3),
('CV078', 'C', 'V', '1 AD BSR', 0, 2, 2.2, 3),
('CV079', 'C', 'V', '3HARI AD', 0, 2, 1.06, 3),
('CV080', 'C', 'V', 'PTH AD', 0, 2, 1.06, 3),
('CV081', 'C', 'V', 'HATI AD', 0, 2, 0.88, 3),
('CV082', 'C', 'V', 'BSR AD', 0, 2, 2.5, 3),
('CV083', 'C', 'V', '2 HATI LBG', 0, 2, 0.8, 3),
('CV084', 'C', 'V', 'BSR AD', 0, 2, 2.67, 3),
('CV085', 'C', 'V', 'HATI AD', 0, 2, 0.82, 3),
('CV086', 'C', 'V', 'PTH AD', 0, 2, 1.52, 3),
('CV087', 'C', 'V', 'CAT AD', 0, 2, 2.2, 3),
('CV088', 'C', 'V', 'PETIR AD', 0, 2, 1.3, 3),
('CV089', 'C', 'V', '(B) AD BLT', 0, 2, 1.12, 3),
('CV090', 'C', 'V', 'CAT AD', 0, 2, 2.22, 3),
('CV091', 'C', 'V', 'BUNGA BLT AD', 0, 2, 1.9, 3),
('CV092', 'C', 'V', '2AD', 0, 2, 0.93, 3),
('CV093', 'C', 'V', '2BLT AD PINK', 0, 2, 1.5, 3),
('CV094', 'C', 'V', '2AD', 0, 2, 0.95, 2),
('CV095', 'C', 'V', '2BLT AD', 0, 2, 1.42, 3),
('CV096', 'C', 'V', '2BLT AD', 0, 2, 1.41, 3),
('CV097', 'C', 'V', 'PER 2AD', 0, 2, 2.04, 3),
('CV098', 'C', 'V', 'PER 2HATI PTH', 0, 2, 1.63, 3),
('CV099', 'C', 'V', 'HATI 5AD', 0, 2, 1.03, 3),
('CV100', 'C', 'V', 'PTH AD', 0, 2, 1.2, 3),
('CV1000', 'C', 'V', 'BUNGA PTH 4AD', 3, 3, 1.63, 3),
('CV1001', 'C', 'V', 'BUNGA AD CAT HJAU', 3, 3, 1.32, 3),
('CV1002', 'C', 'V', 'PTH BUNGA 7AD', 3, 3, 1, 2),
('CV1003', 'C', 'V', 'PTH 4AD', 3, 3, 0.98, 3),
('CV1004', 'C', 'V', 'PTH BUNGA 6AD', 3, 3, 1, 3),
('CV1005', 'C', 'V', 'BUNGA 10AD', 3, 2, 1.35, 3),
('CV1006', 'C', 'V', 'PETIR 3AD', 3, 2, 1.13, 3),
('CV1007', 'C', 'V', 'BUNGA 7AD', 3, 2, 1.12, 3),
('CV1008', 'C', 'V', 'PTH 4AD', 3, 2, 1.15, 2),
('CV1009', 'C', 'V', 'MAHKOTA AD', 3, 2, 1, 3),
('CV101', 'C', 'V', 'AD PINK', 0, 2, 1.54, 3),
('CV1010', 'C', 'V', 'HATI AD*', 0, 2, 0.88, 3),
('CV1011', 'C', 'V', 'PTH 9AD*', 3, 2, 1.48, 3),
('CV1012', 'C', 'V', 'AD PINK PTH*', 3, 2, 1.4, 2),
('CV1013', 'C', 'V', 'BLT FULL AD SALIPAN*', 0, 2, 1.37, 2),
('CV1014', 'C', 'V', 'RANTE 3AD*', 0, 3, 1.55, 2),
('CV1015', 'C', 'V', 'STGH BOLA FULL AD', 3, 2, 1.3, 3),
('CV1016', 'C', 'V', 'PTH 8AD', 3, 2, 1.1, 3),
('CV1017', 'C', 'V', 'PTH AD', 3, 2, 1.5, 3),
('CV1018', 'C', 'V', 'HATI MOZA', 3, 2, 1.25, 3),
('CV1019', 'C', 'V', 'BLT BTG ULIR AD', 3, 2, 2.4, 2),
('CV102', 'C', 'V', 'PER PTH', 0, 2, 3, 2),
('CV1020', 'C', 'V', 'PTH BTG AD', 3, 2, 1.8, 3),
('CV1021', 'C', 'V', 'PTH 7AD', 3, 2, 1.1, 3),
('CV1022', 'C', 'V', 'BUNGA AD', 3, 2, 1.4, 3),
('CV1023', 'C', 'V', '2BOLA AD SALIPAN', 3, 2, 2.93, 3),
('CV1024', 'C', 'V', 'BLT FULL AD', 3, 2, 1.5, 3),
('CV1025', 'C', 'V', 'PTH DAUN', 3, 2, 1.9, 2),
('CV1026', 'C', 'V', 'SEGIENAM 12 AD', 3, 2, 1.1, 3),
('CV1027', 'C', 'V', 'PTH 7AD', 3, 2, 1.08, 2),
('CV1028', 'C', 'V', 'BUNGA 4AD MOZA', 3, 2, 1.1, 3),
('CV1029', 'C', 'V', 'BLT LBG 8AD', 3, 2, 1.2, 3),
('CV103', 'C', 'V', 'BSR BOLA +AD', 0, 2, 3.16, 3),
('CV1030', 'C', 'V', 'PTH AD', 3, 2, 1.15, 3),
('CV1031', 'C', 'V', 'OMBAK AD', 3, 2, 2.55, 3),
('CV1032', 'C', 'V', 'BUNGA MOZA AD', 3, 2, 1.4, 3),
('CV1033', 'C', 'V', 'PTH BLT FULL AD', 3, 2, 1.05, 3),
('CV1034', 'C', 'V', 'HATI FULL AD', 3, 2, 1, 3),
('CV1035', 'C', 'V', 'BUNGA 4AD', 3, 2, 0.9, 3),
('CV1036', 'C', 'V', 'BLT LBG 8AD', 3, 2, 1.22, 3),
('CV1037', 'C', 'V', '2 KUPU 9AD', 3, 2, 1.1, 3),
('CV1038', 'C', 'V', 'BMC 6AD', 3, 2, 1.1, 2),
('CV1039', 'C', 'V', '2 BTG PTH 8AD', 3, 2, 1.05, 2),
('CV104', 'C', 'V', 'BSR SILANG AD', 0, 2, 2.37, 3),
('CV1040', 'C', 'V', 'SABIT PTH 7AD', 3, 2, 1.04, 3),
('CV1041', 'C', 'V', 'BLT LBG AD*', 1, 2, 1.67, 2),
('CV1042', 'C', 'V', 'BLT AD*', 0, 2, 1.12, 3),
('CV1043', 'C', 'V', 'HATI LBG*', 0, 3, 0.8, 2),
('CV1044', 'C', 'V', 'PER BLT AD*', 8, 3, 0.8, 3),
('CV1045', 'C', 'V', 'BLT AD SALIPN*', 0, 3, 1.47, 2),
('CV1046', 'C', 'V', 'HATI MOZA AD*', 0, 3, 1.28, 3),
('CV1047', 'C', 'V', 'PTH 2HATI*', 0, 2, 1, 2),
('CV1048', 'C', 'V', 'HATI 3AD', 0, 3, 0.93, 2),
('CV1049', 'C', 'V', 'WAJIK MOZA 4AD*', 0, 2, 1.03, 3),
('CV105', 'C', 'V', 'BTG AD PINK', 0, 2, 1.22, 3),
('CV1050', 'C', 'V', '3HATI AD FULL*', 0, 3, 1.6, 2),
('CV1051', 'C', 'V', 'PER PITA AD SALIPN*', 8, 3, 0.91, 3),
('CV1052', 'C', 'V', 'PITA 4AD', 0, 3, 0.85, 3);
INSERT INTO `master_items` (`id`, `category`, `subcategory`, `nama`, `supplier`, `karat`, `berat`, `stocks`) VALUES
('CV1053', 'C', 'V', 'HATI 5AD', 0, 2, 1.02, 3),
('CV1054', 'C', 'V', 'BINTANG FULL AD', 0, 3, 0.85, 3),
('CV1055', 'C', 'V', '1AD BIRU AD PTH', 0, 3, 1.75, 3),
('CV1056', 'C', 'V', 'GELMBG MOZA +AD', 0, 2, 1.55, 3),
('CV1057', 'C', 'V', 'HATI FULL AD', 1, 2, 1.15, 3),
('CV1058', 'C', 'V', '9AD PTH*', 0, 2, 0.9, 2),
('CV1059', 'C', 'V', 'HATI TUMPUK SALIPAN*', 0, 2, 1.73, 3),
('CV106', 'C', 'V', 'BSR LBG AD', 0, 2, 3, 3),
('CV1060', 'C', 'V', 'T SALIPAN AD', 0, 2, 1.5, 3),
('CV1061', 'C', 'V', '1AD BSR CAT AD', 0, 3, 2, 3),
('CV1062', 'C', 'V', 'BULAT MOZA+AD', 0, 3, 1.16, 3),
('CV1063', 'C', 'V', 'KUNCI AD SALIPAN', 0, 2, 1.18, 3),
('CV1064', 'C', 'V', 'OMBAK AD ', 0, 3, 1.65, 3),
('CV1065', 'C', 'V', 'KOTAK OMBAK AD', 5, 3, 2, 2),
('CV1066', 'C', 'V', 'VAR PTH BNGA 5AD*', 3, 2, 1.1, 3),
('CV1067', 'C', 'V', 'HATI 1AD*', 0, 2, 0.96, 2),
('CV1068', 'C', 'V', '4AD VAR PTH*', 3, 3, 0.98, 3),
('CV1069', 'C', 'V', '1BUNGA MOZA PUTIK AD', 0, 2, 1.6, 2),
('CV107', 'C', 'V', 'BSR 3BOLA AD', 0, 2, 3.65, 3),
('CV1070', 'C', 'V', 'SABUK AD CAT', 0, 3, 2.93, 3),
('CV1071', 'C', 'V', 'GEMBOK HATI AD', 0, 3, 1.1, 3),
('CV1072', 'C', 'V', 'BULAT MOZA AD', 0, 3, 1.11, 2),
('CV1073', 'C', 'V', 'HATI MOZA 2AD', 3, 3, 1.35, 2),
('CV1074', 'C', 'V', '(HATI) 2AD', 3, 3, 1.1, 3),
('CV1075', 'C', 'V', '2BULAT TUMPUK AD PINK', 0, 2, 1.46, 3),
('CV1076', 'C', 'V', '2 PANAH TUMPUK 2AD', 0, 2, 2.5, 2),
('CV1077', 'C', 'V', '2HATI AD 1HATI', 0, 2, 1.52, 3),
('CV1078', 'C', 'V', 'GELOMBANG AD', 0, 2, 1.28, 3),
('CV1079', 'C', 'V', 'KUPU 2AD', 0, 2, 1.1, 3),
('CV108', 'C', 'V', 'SABUK AD', 0, 2, 1.87, 3),
('CV1080', 'C', 'V', '2HATI TUMPUK 1AD', 0, 2, 0.9, 2),
('CV1081', 'C', 'V', '2BULAT FULL AD TUMPUK', 0, 2, 1.63, 2),
('CV1082', 'C', 'V', 'KUPU 1AD', 0, 2, 0.95, 2),
('CV1083', 'C', 'V', 'SABIT HATI 1AD', 0, 2, 1.3, 3),
('CV1084', 'C', 'V', '(TP) DAUN', 3, 3, 1.06, 2),
('CV1085', 'C', 'V', 'CARTIER', 0, 2, 2.32, 3),
('CV1086', 'C', 'V', 'PTH AD', 0, 2, 1.2, 3),
('CV1087', 'C', 'V', '2HATI SALIPAN', 0, 2, 0.75, 3),
('CV1088', 'C', 'V', 'KUPU 2AD', 0, 2, 1.15, 2),
('CV1089', 'C', 'V', 'KUPU 1AD', 0, 2, 0.98, 3),
('CV109', 'C', 'V', 'AD BLT', 0, 2, 1.29, 3),
('CV1090', 'C', 'V', 'KUPU 2AD', 0, 2, 1.15, 2),
('CV1091', 'C', 'V', 'SABIT HATI 1AD', 0, 2, 1.28, 2),
('CV1092', 'C', 'V', 'SABIT HATI 1AD', 0, 2, 1.3, 2),
('CV1093', 'C', 'V', 'PTH BUNGA', 3, 3, 1.63, 2),
('CV1094', 'C', 'V', '3HATI TUMPUK AD', 0, 3, 1.23, 3),
('CV1095', 'C', 'V', '1AD FANTA AD KCL', 0, 2, 2.1, 3),
('CV1096', 'C', 'V', 'HATI TUMPUK', 0, 2, 0.88, 3),
('CV1097', 'C', 'V', 'GLMBG TUMPUK', 0, 2, 1.46, 2),
('CV1098', 'C', 'V', 'MAHKOTA 3AD', 0, 2, 0.85, 2),
('CV1099', 'C', 'V', 'GLMBG BSR MOZA AD', 0, 2, 1.46, 3),
('CV110', 'C', 'V', 'CHANEL AD', 0, 2, 1.53, 3),
('CV1100', 'C', 'V', 'PITA AD', 0, 3, 0.9, 3),
('CV1101', 'C', 'V', 'MAHKOTA AD PINK', 0, 3, 1, 3),
('CV1102', 'C', 'V', 'HATI TUMPUK 1AD', 0, 3, 0.88, 3),
('CV1103', 'C', 'V', 'PITA AD', 0, 3, 0.85, 3),
('CV1104', 'C', 'V', '3HATI AD*', 0, 3, 1.15, 2),
('CV1105', 'C', 'V', 'PTH BLT FULL AD*', 3, 2, 1.05, 3),
('CV1106', 'C', 'V', 'PERSEGI PJ AD*', 3, 2, 1.2, 3),
('CV1107', 'C', 'V', 'BNGA BLT AD*', 0, 2, 1.9, 2),
('CV1108', 'C', 'V', 'PER PITA SALPN*', 0, 2, 1.48, 3),
('CV1109', 'C', 'V', 'PITA 4AD*', 0, 3, 0.82, 3),
('CV111', 'C', 'V', 'KUPU STGH AD', 0, 2, 1.52, 3),
('CV1110', 'C', 'V', 'MOZA AD', 6, 2, 1.94, 2),
('CV1111', 'C', 'V', '1AD BSR+AD KCL', 0, 2, 2, 2),
('CV1112', 'C', 'V', 'BOLA FULL AD*', 0, 2, 1.48, 2),
('CV1113', 'C', 'V', 'MICKEY AD*', 0, 2, 1.33, 2),
('CV1114', 'C', 'V', 'MICKEY SALIPN*', 0, 2, 1.35, 2),
('CV1115', 'C', 'V', 'VAR PTH MOZA 14AD*', 0, 2, 1.2, 2),
('CV1116', 'C', 'V', 'VAR PTH BLT FULL AD*', 3, 2, 1.05, 3),
('CV1117', 'C', 'V', 'HATI AD GNDENG*', 0, 2, 0.88, 2),
('CV1118', 'C', 'V', 'BSR GLMBNG AD*', 0, 2, 2.47, 2),
('CV1119', 'C', 'V', 'PETIR AD PINK', 0, 2, 1.25, 2),
('CV112', 'C', 'V', '1AD BIRU', 0, 2, 2.3, 3),
('CV1120', 'C', 'V', '2 INFITE SALIPAN AD ', 0, 2, 1.22, 3),
('CV1121', 'C', 'V', 'PTH 2 KUPU', 0, 2, 1.27, 2),
('CV1122', 'C', 'V', 'BUNGA 2AD PANAH PTH', 0, 2, 0.9, 2),
('CV1123', 'C', 'V', 'BUNGA FULL AD', 0, 2, 1.47, 2),
('CV1124', 'C', 'V', 'PTH MOZA PITA', 0, 2, 1.16, 2),
('CV1125', 'C', 'V', '2 BUNGA AD PISAH', 0, 2, 1.11, 2),
('CV1126', 'C', 'V', 'Z AD', 0, 2, 0.95, 3),
('CV1127', 'C', 'V', 'AD CAT MERAH HIJAU', 0, 2, 2.13, 2),
('CV1128', 'C', 'V', '3HATI CAT AD', 0, 2, 1.61, 2),
('CV1129', 'C', 'V', 'BEBEK AD', 0, 2, 1.4, 2),
('CV113', 'C', 'V', '3AD', 0, 2, 0.83, 3),
('CV1130', 'C', 'V', 'BTG FULL AD', 0, 3, 0.82, 3),
('CV1131', 'C', 'V', '3HT FULL AD', 0, 3, 1.05, 2),
('CV1132', 'C', 'V', 'MOZA AD', 0, 3, 1.01, 3),
('CV1133', 'C', 'V', 'CAT MERAH HIJ AD', 0, 2, 2.15, 2),
('CV1134', 'C', 'V', 'WAJIK AD', 3, 2, 1.5, 3),
('CV1135', 'C', 'V', 'TUMPUK 5AD', 3, 2, 1.08, 2),
('CV1136', 'C', 'V', '3WAJIK AD', 0, 3, 0.81, 2),
('CV1137', 'C', 'V', '3WAJIK AD PINK', 0, 3, 0.81, 2),
('CV1138', 'C', 'V', 'BUNGA AD', 0, 2, 1.7, 3),
('CV1139', 'C', 'V', '3WAJIK AD', 0, 3, 0.8, 2),
('CV114', 'C', 'V', 'SABUK CAT AD', 0, 2, 2.06, 3),
('CV1140', 'C', 'V', 'PTH HATI AD* ', 0, 2, 1.35, 2),
('CV1141', 'C', 'V', 'WAJIK MOZA 4AD*', 3, 2, 1.03, 2),
('CV1142', 'C', 'V', 'HATI GARIS AD', 0, 2, 0.72, 3),
('CV1143', 'C', 'V', 'HATI AD', 0, 2, 1.03, 3),
('CV1144', 'C', 'V', 'BUNGA AD PINK', 0, 2, 1.13, 3),
('CV1145', 'C', 'V', 'GLMBG AD', 0, 3, 1.81, 2),
('CV1146', 'C', 'V', 'AD MIKI PENDEM', 0, 2, 2, 3),
('CV1147', 'C', 'V', 'MIKI 3AD PENDEM*', 0, 2, 1.3, 2),
('CV1148', 'C', 'V', '4HATI 3AD TMPK*', 0, 2, 1.72, 2),
('CV1149', 'C', 'V', 'PER 2BLT AD*', 8, 3, 0.8, 3),
('CV115', 'C', 'V', '2AD', 0, 2, 0.93, 2),
('CV1150', 'C', 'V', '2HATI PISAH 6AD', 0, 2, 1.13, 3),
('CV1151', 'C', 'V', 'HATI 2LBG', 0, 2, 0.82, 2),
('CV1152', 'C', 'V', '2HT 2AD', 0, 2, 1.18, 2),
('CV1153', 'C', 'V', '1BLT AD PINK+PNH', 0, 2, 1.25, 2),
('CV1154', 'C', 'V', '3BNG AD PENDEM', 0, 2, 1.36, 3),
('CV1155', 'C', 'V', 'BNG LBG STGH KUPU AD', 0, 2, 0.98, 2),
('CV1156', 'C', 'V', 'PTH HT LBG', 0, 2, 1.03, 2),
('CV1157', 'C', 'V', '2BNG PISAH 2AD', 0, 2, 1.18, 2),
('CV1158', 'C', 'V', '2BNG PISAH FULL AD', 0, 2, 1.1, 2),
('CV1159', 'C', 'V', 'KUPU STGH FULL AD', 0, 2, 0.73, 3),
('CV116', 'C', 'V', '1AD BSR', 0, 2, 2.04, 2),
('CV1160', 'C', 'V', 'HT LUBANG HT MOZA PTH', 0, 2, 1.1, 2),
('CV1161', 'C', 'V', 'BUNGA AD', 0, 2, 1.06, 2),
('CV1162', 'C', 'V', '1HT MOZA 1HT', 0, 2, 0.67, 2),
('CV1163', 'C', 'V', 'PTH BUNGA 1AD+1AD PNDEM', 0, 2, 1.27, 2),
('CV1164', 'C', 'V', '2HT LBG 1AD', 0, 2, 1.28, 2),
('CV1165', 'C', 'V', 'HATI LBG TALI', 0, 2, 0.7, 2),
('CV1166', 'C', 'V', 'GLMBG AD', 3, 2, 2.66, 2),
('CV1167', 'C', 'V', 'MOZA AD', 0, 3, 0.98, 2),
('CV1168', 'C', 'V', 'BSR BOLA AD + POLOS', 0, 2, 3.65, 2),
('CV1169', 'C', 'V', 'MOZA 2 BLT AD', 10, 3, 1.3, 3),
('CV117', 'C', 'V', 'HATI LBG', 0, 2, 0.82, 2),
('CV1170', 'C', 'V', 'BOLA MOZA + AD', 10, 3, 1.43, 2),
('CV1171', 'C', 'V', 'AD CAT HUJAU MRH', 0, 2, 2.34, 2),
('CV1172', 'C', 'V', 'BUNGA 9AD ULIR', 0, 2, 1.23, 2),
('CV1173', 'C', 'V', 'FROZEN AD PTH BIRU', 0, 2, 0.97, 2),
('CV1174', 'C', 'V', '9AD', 0, 3, 0.85, 2),
('CV1175', 'C', 'V', 'HATI MOZA', 0, 2, 0.68, 2),
('CV1176', 'C', 'V', 'HATI PANAH', 0, 3, 0.83, 2),
('CV1177', 'C', 'V', 'PITA 4AD', 0, 3, 0.8, 3),
('CV1178', 'C', 'V', 'SABUK 3AD*', 0, 2, 1.83, 2),
('CV1179', 'C', 'V', '3WAJIK AD PTH*', 0, 3, 0.8, 2),
('CV118', 'C', 'V', 'KUPU', 0, 2, 0.86, 2),
('CV1180', 'C', 'V', '2HT AD PISAH*', 0, 3, 1.05, 2),
('CV1181', 'C', 'V', 'WAJIK VAR PTH AD*', 0, 3, 1, 2),
('CV1182', 'C', 'V', 'PITA TALI AD', 0, 3, 0.9, 2),
('CV1183', 'C', 'V', 'AD UNGU PINK PTH*', 0, 3, 0.95, 2),
('CV1184', 'C', 'V', 'HATI GARIS AD', 0, 2, 0.73, 3),
('CV119', 'C', 'V', '2AD', 0, 2, 0.94, 2),
('CV120', 'C', 'V', 'HATI LBG', 0, 2, 0.8, 2),
('CV121', 'C', 'V', '3AD', 0, 2, 0.9, 3),
('CV122', 'C', 'V', '3HATI AD', 0, 2, 0.9, 3),
('CV123', 'C', 'V', 'CAT HATI AD', 0, 2, 1.36, 3),
('CV124', 'C', 'V', '2AD PINK', 0, 2, 1.44, 3),
('CV125', 'C', 'V', '2AD BLT', 0, 2, 1.38, 3),
('CV126', 'C', 'V', 'PER 3HATI PTH', 0, 2, 2, 3),
('CV127', 'C', 'V', 'PTH AD', 0, 2, 1.5, 3),
('CV128', 'C', 'V', '2BLT AD PINK', 0, 2, 1.5, 3),
('CV129', 'C', 'V', 'KUPU STGH AD', 0, 2, 1.38, 3),
('CV130', 'C', 'V', 'PER 4BLT AD PINK', 0, 2, 1.47, 3),
('CV131', 'C', 'V', 'HATI LBG', 0, 2, 0.86, 3),
('CV132', 'C', 'V', 'BSR CAT + PTH', 1, 2, 2.78, 3),
('CV133', 'C', 'V', 'BSR CAT + PTH', 1, 2, 2.8, 3),
('CV134', 'C', 'V', 'AD C', 1, 2, 1.69, 3),
('CV135', 'C', 'V', 'BSR LBG', 3, 2, 3.45, 2),
('CV136', 'C', 'V', 'WAJIK PTH AD', 3, 2, 1.55, 3),
('CV137', 'C', 'V', 'WAJIK PTH AD', 3, 2, 1.48, 3),
('CV138', 'C', 'V', 'WAJIK PTH AD', 3, 2, 1.5, 3),
('CV139', 'C', 'V', 'WAJIK PTH AD PINK', 3, 2, 1.43, 3),
('CV140', 'C', 'V', 'OVAL AD PINK', 3, 2, 1.39, 3),
('CV141', 'C', 'V', 'AD PINK BIRU', 3, 2, 1.54, 3),
('CV143', 'C', 'V', 'PTH 1AD', 0, 2, 1.7, 3),
('CV144', 'C', 'V', 'PTH 1AD ', 0, 2, 1.75, 3),
('CV145', 'C', 'V', 'PTH 1AD', 0, 2, 1.95, 3),
('CV146', 'C', 'V', 'PTH 1AD', 0, 2, 1.86, 3),
('CV147', 'C', 'V', 'PTH 1AD', 0, 2, 1.95, 3),
('CV148', 'C', 'V', 'PTH 1AD', 0, 2, 2.24, 3),
('CV149', 'C', 'V', 'PTH 1AD', 0, 2, 1.58, 3),
('CV150', 'C', 'V', 'PTH 1AD', 0, 2, 1.66, 3),
('CV151', 'C', 'V', 'PTH 1AD', 0, 2, 2.58, 3),
('CV152', 'C', 'V', 'PTH 1AD', 0, 2, 1.76, 3),
('CV153', 'C', 'V', 'PTH 1AD', 0, 2, 1.75, 3),
('CV154', 'C', 'V', 'BUNGA LBG', 0, 2, 0.9, 3),
('CV155', 'C', 'V', 'WAJIK LBG', 0, 2, 0.9, 3),
('CV156', 'C', 'V', 'WAJIK LBG', 0, 2, 0.98, 3),
('CV157', 'C', 'V', 'BUNGA LBG', 0, 2, 0.88, 3),
('CV158', 'C', 'V', 'WAJIK AD', 0, 2, 1.6, 3),
('CV159', 'C', 'V', 'CARTIER', 0, 2, 3.4, 3),
('CV160', 'C', 'V', 'WAJIK LBG KUNING', 0, 2, 1.2, 3),
('CV161', 'C', 'V', 'PERSEGI FULL AD', 0, 2, 4.25, 3),
('CV162', 'C', 'V', 'PER RAINBOW (A)', 0, 2, 2.24, 3),
('CV163', 'C', 'V', 'BOLA FULL AD', 0, 2, 2.5, 3),
('CV164', 'C', 'V', 'BOLA RAINBOW (A)', 0, 2, 1.82, 3),
('CV165', 'C', 'V', 'HATI AD', 0, 2, 1.12, 3),
('CV166', 'C', 'V', 'KUPU 1 AD', 0, 3, 0.84, 3),
('CV167', 'C', 'V', 'MAHKOTA 11 AD', 0, 3, 1.04, 3),
('CV168', 'C', 'V', 'HATI CAT 16 AD', 0, 3, 1.67, 3),
('CV169', 'C', 'V', 'HATI 3 AD', 0, 3, 0.97, 3),
('CV170', 'C', 'V', '9 AD', 0, 3, 0.88, 3),
('CV171', 'C', 'V', 'RANTAI 6 AD', 0, 3, 1.55, 3),
('CV172', 'C', 'V', 'RANTAI 11 AD', 0, 3, 1.38, 2),
('CV173', 'C', 'V', 'WAJIK 12 AD', 0, 3, 0.83, 3),
('CV174', 'C', 'V', 'KUPU', 0, 2, 0.7, 3),
('CV175', 'C', 'V', '2 PITA AD *CV007', 0, 2, 1.26, 3),
('CV176', 'C', 'V', 'BINTANG AD PINK *CV105', 0, 2, 1.23, 2),
('CV177', 'C', 'V', 'HATI 3AD 2LBG', 0, 3, 0.97, 3),
('CV178', 'C', 'V', 'SABUK  GAMBAR CAT', 0, 3, 2.96, 3),
('CV179', 'C', 'V', 'MAHKOTA AD PINK', 0, 3, 1, 3),
('CV180', 'C', 'V', 'OVAL AD PINK', 0, 3, 1.06, 3),
('CV181', 'C', 'V', '3BUNGA FULL AD', 0, 3, 0.95, 3),
('CV182', 'C', 'V', 'VAR PUTIH 13AD *CV100', 0, 2, 1.2, 3),
('CV183', 'C', 'V', 'HATI AD *CV024', 0, 2, 1.31, 3),
('CV184', 'C', 'V', 'VAR GLMBANG PTH AD *CV045', 0, 2, 1.12, 3),
('CV185', 'C', 'V', 'VAR PUTIH PERSEGI', 6, 2, 1.65, 3),
('CV186', 'C', 'V', 'DAUN BUNGA AD', 6, 2, 4.2, 3),
('CV187', 'C', 'V', 'KUPU AD', 6, 2, 2.3, 3),
('CV188', 'C', 'V', 'VAR PTH BUNGA AD', 6, 2, 3.65, 3),
('CV189', 'C', 'V', 'AD PTH PINK', 0, 2, 1.3, 3),
('CV190', 'C', 'V', 'VAR PTH AD', 3, 2, 1, 3),
('CV191', 'C', 'V', 'VAR PTH BUNGA AD', 3, 2, 1.1, 3),
('CV192', 'C', 'V', 'VAR PTH NADA AD', 3, 2, 3.3, 3),
('CV193', 'C', 'V', 'PITA BUNGA AD', 3, 2, 1.5, 3),
('CV194', 'C', 'V', 'BUNGA AD', 9, 3, 1.45, 3),
('CV195', 'C', 'V', 'HATI BLT SALIPAN AD', 9, 3, 1.7, 3),
('CV196', 'C', 'V', 'BLT SALIPAN AD', 8, 3, 0.8, 3),
('CV197', 'C', 'V', 'CARTIER *CV159', 1, 2, 3.4, 3),
('CV198', 'C', 'V', 'HATI AD', 0, 3, 1.2, 2),
('CV199', 'C', 'V', 'MAHKOTA AD PINK', 1, 3, 1.1, 3),
('CV200', 'C', 'V', '1 AD BIRU', 0, 2, 2.3, 3),
('CV201', 'C', 'V', 'ALFABET V 1AD', 1, 3, 0.95, 3),
('CV202', 'C', 'V', 'ALFABET H 1AD', 1, 3, 0.95, 3),
('CV203', 'C', 'V', 'SABUK AD', 3, 3, 1.4, 3),
('CV204', 'C', 'V', 'BUNGA AD', 3, 3, 1.1, 3),
('CV205', 'C', 'V', '1 AD', 3, 3, 0.95, 3),
('CV206', 'C', 'V', 'BINTANG AD', 3, 3, 0.9, 3),
('CV207', 'C', 'V', 'BUNGA AD', 3, 3, 1.45, 3),
('CV208', 'C', 'V', 'BSR VAR PTH AD', 6, 3, 3.1, 3),
('CV209', 'C', 'V', 'GELOMBANG AD', 3, 3, 1.7, 3),
('CV210', 'C', 'V', 'SABUK AD', 3, 3, 2, 3),
('CV211', 'C', 'V', 'VAR PTH BTG AD', 3, 3, 1.1, 3),
('CV212', 'C', 'V', 'PITA AD', 3, 3, 1.65, 3),
('CV213', 'C', 'V', 'PER 2HATI PTH *CV098', 0, 2, 1.63, 3),
('CV214', 'C', 'V', 'MAHKOTA AD PINK', 0, 3, 1.1, 2),
('CV215', 'C', 'V', 'VAR PTH HATI ', 0, 2, 1.93, 3),
('CV216', 'C', 'V', 'HATI AD', 0, 3, 1.25, 2),
('CV217', 'C', 'V', 'BUNGA BLT AD', 0, 3, 1.7, 3),
('CV218', 'C', 'V', 'CARTIER AD', 0, 3, 1.25, 3),
('CV219', 'C', 'V', 'HATI LBG AD', 0, 3, 1.15, 3),
('CV220', 'C', 'V', 'SABUK CAT AD', 0, 3, 2.95, 3),
('CV221', 'C', 'V', 'VAR T CAT HITAM AD', 0, 3, 1.9, 3),
('CV222', 'C', 'V', 'MICKEY 3IN1', 0, 2, 2.7, 3),
('CV223', 'C', 'V', '3AD', 0, 3, 0.9, 3),
('CV224', 'C', 'V', 'HATI VAR PTH AD', 0, 3, 1.3, 3),
('CV225', 'C', 'V', 'ULIR 2 BUNGA AD', 0, 3, 0.9, 3),
('CV226', 'C', 'V', 'WAJIK AD PINK', 0, 3, 0.9, 3),
('CV227', 'C', 'V', 'BUNGA AD', 0, 3, 1.1, 2),
('CV228', 'C', 'V', 'VAR PTH AD PINK', 0, 3, 1.65, 3),
('CV229', 'C', 'V', 'BLT AD', 0, 3, 1.5, 3),
('CV230', 'C', 'V', 'WAJIK AD', 0, 3, 0.85, 3),
('CV231', 'C', 'V', 'BAMBU BUNGA AD', 0, 3, 1.75, 3),
('CV232', 'C', 'V', 'S AD', 0, 3, 0.9, 3),
('CV233', 'C', 'V', 'VAR PTH HATI AD', 0, 3, 1.25, 3),
('CV234', 'C', 'V', 'WAJIK AD', 0, 3, 0.85, 3),
('CV235', 'C', 'V', '9 AD', 0, 3, 0.9, 3),
('CV236', 'C', 'V', 'RANTAI T AD', 0, 3, 1.4, 3),
('CV237', 'C', 'V', 'HATI AD', 0, 3, 1.25, 3),
('CV238', 'C', 'V', 'BLT AD PINK', 0, 3, 1.1, 3),
('CV239', 'C', 'V', 'VAR PTH HATI AD', 0, 3, 1.3, 3),
('CV240', 'C', 'V', 'HATI AD', 0, 3, 1.15, 3),
('CV241', 'C', 'V', 'BLT BUNGA AD', 0, 3, 1.75, 3),
('CV242', 'C', 'V', 'KUPU', 0, 2, 0.7, 2),
('CV243', 'C', 'V', '2BLT AD+2KUPU *', 0, 2, 1.5, 3),
('CV244', 'C', 'V', '2AD BLT PINK+2KUPU *', 0, 2, 1.5, 3),
('CV245', 'C', 'V', 'PER 1BLT AD+ 1HATI AD *', 0, 3, 1.7, 2),
('CV246', 'C', 'V', 'PER 2BLT FULL AD', 8, 3, 0.85, 3),
('CV247', 'C', 'V', 'OMBAK AD PINK BIRU *', 3, 2, 1.6, 3),
('CV248', 'C', 'V', 'PER 2BLT AD', 8, 3, 0.9, 3),
('CV249', 'C', 'V', 'KUPU AD + BOLA', 0, 3, 1.4, 3),
('CV250', 'C', 'V', '2 HATI FULL AD', 3, 3, 1, 3),
('CV251', 'C', 'V', '1AD', 5, 3, 1.05, 3),
('CV252', 'C', 'V', 'PER 2BLT FULL AD *', 8, 3, 0.9, 3),
('CV253', 'C', 'V', 'HATI AD PINK MERAH', 0, 2, 0.8, 3),
('CV254', 'C', 'V', '3 HATI FULL AD VAR PTH', 0, 3, 1.2, 3),
('CV255', 'C', 'V', 'HATI LBG AD', 0, 3, 1.3, 3),
('CV256', 'C', 'V', '3 WAJIK FULL AD', 0, 3, 0.9, 3),
('CV257', 'C', 'V', '3 BUNGA FULL AD', 0, 3, 1, 3),
('CV258', 'C', 'V', '3 HATI FULL AD VAR PTH', 0, 3, 1.2, 3),
('CV259', 'C', 'V', 'SABUK CAT AD', 0, 3, 3.05, 3),
('CV260', 'C', 'V', '3 HATI FULL AD PINK', 0, 3, 1.3, 3),
('CV261', 'C', 'V', 'SABUK CAT AD', 0, 3, 3, 3),
('CV262', 'C', 'V', '3 BUNGA FULL AD', 0, 3, 1, 3),
('CV263', 'C', 'V', '3 WAJIK FULL AD', 0, 3, 0.9, 3),
('CV264', 'C', 'V', '3 HATI FULL AD VAR PTH', 0, 3, 1.35, 3),
('CV265', 'C', 'V', 'HATI SALIPAN AD PINK *', 0, 2, 1.65, 3),
('CV266', 'C', 'V', 'BINTANG AD PINK MERAH *', 0, 2, 1.3, 2),
('CV267', 'C', 'V', 'BESAR OMBAK AD *', 3, 2, 3.3, 3),
('CV268', 'C', 'V', 'AD PINK *', 0, 2, 1.3, 2),
('CV269', 'C', 'V', 'BUNGA BLT AD *', 0, 2, 1.9, 3),
('CV270', 'C', 'V', 'BOLA FULL AD *', 0, 2, 2.5, 2),
('CV271', 'C', 'V', 'BOLA RAINBOW AD *', 0, 2, 1.85, 3),
('CV272', 'C', 'V', 'BLT AD PINK SALIPAN*', 0, 2, 1.5, 3),
('CV273', 'C', 'V', 'PER 2BLT AD', 8, 3, 0.85, 3),
('CV274', 'C', 'V', 'PER 2BLT AD', 8, 3, 0.85, 3),
('CV275', 'C', 'V', 'PER 2BLT AD', 8, 3, 0.85, 3),
('CV276', 'C', 'V', 'PER BLT AD+HATI AD', 9, 3, 1.75, 3),
('CV277', 'C', 'V', 'WAJIK AD', 5, 3, 2.1, 3),
('CV278', 'C', 'V', 'BINTANG FULL AD', 0, 3, 0.9, 3),
('CV279', 'C', 'V', 'PTH KRWNG +AD', 6, 3, 3, 3),
('CV280', 'C', 'V', '3WAJIK FULL AD', 0, 3, 0.8, 3),
('CV281', 'C', 'V', '3WAJIK FULL AD', 0, 3, 0.85, 3),
('CV282', 'C', 'V', 'PETIR AD', 0, 2, 1.3, 3),
('CV283', 'C', 'V', 'S 2AD *', 0, 3, 0.9, 3),
('CV284', 'C', 'V', 'BUNGA BULAT FULL AD*', 0, 3, 1.7, 3),
('CV285', 'C', 'V', '3AD *', 0, 3, 0.9, 3),
('CV286', 'C', 'V', 'PTH 1AD PENDEMAN*', 0, 2, 1.75, 3),
('CV287', 'C', 'V', 'PTH 9AD*', 0, 2, 1.06, 3),
('CV288', 'C', 'V', '1HATI FULL AD 1HATI PLS*', 0, 2, 1.32, 3),
('CV289', 'C', 'V', 'KUPU FULL AD*', 0, 2, 1.63, 3),
('CV290', 'C', 'V', 'BLT AD PINK SALIPAN *', 0, 2, 1.45, 3),
('CV291', 'C', 'V', 'SABUK CAT *', 0, 3, 3, 3),
('CV292', 'C', 'V', 'AD CAT MRH HIJAU *', 0, 2, 2.2, 3),
('CV293', 'C', 'V', 'VAR PTH AD *', 0, 2, 2.3, 2),
('CV294', 'C', 'V', 'BUNGA BLT AD *', 0, 3, 1.7, 3),
('CV296', 'C', 'V', '3AD *', 0, 2, 0.9, 3),
('CV297', 'C', 'V', 'HATI AD PINK MRH *', 0, 2, 0.8, 3),
('CV298', 'C', 'V', 'HATI AD *', 0, 2, 0.85, 3),
('CV299', 'C', 'V', 'DORA CAT *', 0, 3, 1.3, 3),
('CV300', 'C', 'V', '3 WAJIK AD *', 0, 3, 0.8, 3),
('CV301', 'C', 'V', 'VAR PTH 1AD *', 0, 2, 1.95, 3),
('CV302', 'C', 'V', 'kupu SETENGAH AD *', 0, 2, 1.38, 3),
('CV303', 'C', 'V', 'VAR PTH AD *', 0, 2, 1.75, 3),
('CV304', 'C', 'V', 'VAR GELOMBANG AD *', 3, 3, 1.7, 2),
('CV305', 'C', 'V', 'PTH MOZAIK 1AD*', 0, 2, 1.75, 3),
('CV306', 'C', 'V', 'PTH AD*', 0, 2, 2.65, 3),
('CV307', 'C', 'V', '1BOLA FULL AD 1BOLA MOZAI', 7, 3, 1.45, 3),
('CV308', 'C', 'V', 'BTG FULL AD', 0, 3, 0.85, 3),
('CV309', 'C', 'V', 'S 1AD', 8, 3, 1.05, 3),
('CV310', 'C', 'V', 'A 1AD', 8, 3, 1.08, 3),
('CV311', 'C', 'V', 'PTH APEL AD', 10, 3, 1.03, 3),
('CV312', 'C', 'V', 'PER 2BLT AD', 8, 3, 0.8, 3),
('CV313', 'C', 'V', 'VAR PTH MOZAIK AD', 10, 3, 1.05, 3),
('CV314', 'C', 'V', 'ALFABET R 1AD', 8, 3, 1.25, 3),
('CV315', 'C', 'V', '1BOLA MOZAIK 1BOLA FULL A', 10, 3, 1.45, 3),
('CV316', 'C', 'V', 'BTG FULL AD', 0, 3, 0.9, 3),
('CV317', 'C', 'V', 'APEL AD', 10, 3, 1.05, 3),
('CV318', 'C', 'V', 'HATI STGH VAR PTH +AD', 10, 3, 1.1, 3),
('CV319', 'C', 'V', 'PER 2BLT AD', 8, 3, 0.8, 3),
('CV320', 'C', 'V', 'PER 2BLT AD', 8, 3, 0.81, 3),
('CV321', 'C', 'V', 'PER PITA FULL AD', 8, 3, 0.93, 3),
('CV322', 'C', 'V', 'PER PITA FULL AD', 8, 3, 0.91, 3),
('CV323', 'C', 'V', 'BUNGA 2AD', 0, 2, 0.91, 2),
('CV324', 'C', 'V', 'VAR KUPU STGH AD*', 0, 2, 1.38, 3),
('CV325', 'C', 'V', 'VAR BINTANG FULL AD*', 0, 3, 0.85, 3),
('CV326', 'C', 'V', 'HATI AD + BUNGA*', 0, 2, 0.85, 3),
('CV327', 'C', 'V', 'PTH PETIR AD*', 0, 2, 1.2, 3),
('CV328', 'C', 'V', 'WAJIK LBG KG*', 0, 2, 0.9, 3),
('CV329', 'C', 'V', 'PER PITA 2AD PENDEMAN', 0, 2, 1.47, 3),
('CV330', 'C', 'V', 'PER PITA 2AD PENDEMAN', 0, 2, 1.45, 3),
('CV331', 'C', 'V', 'PER PITA 2AD PENDEMAN', 0, 2, 1.45, 3),
('CV332', 'C', 'V', 'MOZAIK+AD', 6, 2, 1.98, 3),
('CV333', 'C', 'V', 'HATI LBG +AD PINK', 0, 3, 1.18, 3),
('CV334', 'C', 'V', 'T AD +RANTAI', 0, 3, 1.32, 3),
('CV335', 'C', 'V', 'KUPU 1AD PENDEM', 0, 3, 0.8, 3),
('CV336', 'C', 'V', '3WAJIK AD', 0, 3, 0.81, 3),
('CV337', 'C', 'V', '3BUNGA AD', 0, 3, 0.93, 3),
('CV338', 'C', 'V', '3WAJIK AD', 0, 3, 0.8, 3),
('CV339', 'C', 'V', 'PER PITA FULL AD', 8, 3, 0.88, 3),
('CV340', 'C', 'V', 'PER PITA FULL AD', 8, 3, 0.91, 3),
('CV341', 'C', 'V', 'S 1AD', 3, 3, 1.08, 3),
('CV342', 'C', 'V', 'VAR PTH BLT  AD', 3, 3, 1.33, 3),
('CV343', 'C', 'V', 'R 1AD', 3, 3, 1.23, 3),
('CV344', 'C', 'V', 'DAUN BUNGA FULL AD*', 6, 2, 4.2, 3),
('CV345', 'C', 'V', 'VAR PTH BLT AD*', 0, 2, 2, 2),
('CV346', 'C', 'V', 'AD*', 0, 2, 1.4, 3),
('CV347', 'C', 'V', 'MIK 3AD PENDEM', 0, 2, 1.35, 3),
('CV348', 'C', 'V', 'MIKI SALIPAN 2AD PENDEM', 0, 2, 1.35, 2),
('CV349', 'C', 'V', 'KOTAK FULL AD', 0, 2, 4.37, 3),
('CV350', 'C', 'V', 'BOTORAN AD', 0, 2, 2.72, 3),
('CV351', 'C', 'V', 'GELOMBNG PTH MOZAIK', 0, 2, 2.88, 3),
('CV352', 'C', 'V', 'HATI FULL AD+5AD', 0, 2, 1.15, 3),
('CV353', 'C', 'V', 'HATI FULL AD+5AD', 0, 2, 1.15, 3),
('CV354', 'C', 'V', '3AD', 0, 2, 0.83, 3),
('CV355', 'C', 'V', '3AD', 0, 2, 0.83, 3),
('CV356', 'C', 'V', 'T FULL AD ', 0, 2, 1.5, 3),
('CV357', 'C', 'V', 'T FULL AD ', 0, 2, 1.53, 3),
('CV358', 'C', 'V', 'HATI LAYER MOZAIK', 0, 2, 0.86, 3),
('CV359', 'C', 'V', 'HATI LAYER MOZAIK', 0, 2, 0.88, 3),
('CV360', 'C', 'V', 'HATI LAYER VAR PTH MOZAIK', 0, 2, 0.88, 3),
('CV361', 'C', 'V', 'GELOMBANG KRWNG VAR PTH A', 0, 2, 2.66, 3),
('CV363', 'C', 'V', 'BSR PTH+AD', 0, 2, 4.1, 3),
('CV364', 'C', 'V', 'PER PITA FULL AD 1BOLA', 0, 3, 0.96, 3),
('CV365', 'C', 'V', 'PER PITA FULL AD 1BOLA', 0, 3, 0.9, 3),
('CV366', 'C', 'V', 'PER PITA FULL AD 1BOLA', 0, 3, 0.87, 3),
('CV367', 'C', 'V', 'PER PITA FULL AD 1BOLA', 0, 3, 0.89, 3),
('CV368', 'C', 'V', 'PER PITA FULL AD 1BOLA', 0, 3, 0.93, 3),
('CV369', 'C', 'V', 'BSR MOZAIK PTH PINK*', 1, 2, 2.78, 2),
('CV370', 'C', 'V', 'CARTIER 1AD PENDEM*', 0, 3, 1.25, 3),
('CV371', 'C', 'V', '3BTG HATI 19AD*', 0, 2, 1.12, 2),
('CV372', 'C', 'V', 'PER 2HATI MOZAIK PTH*', 0, 2, 1.63, 3),
('CV373', 'C', 'V', '2BOLA AD SALIPAN', 0, 3, 3.5, 3),
('CV374', 'C', 'V', 'PER BLT FULL AD', 0, 3, 1.16, 3),
('CV375', 'C', 'V', 'PER BLT FULL AD', 0, 3, 1.18, 3),
('CV376', 'C', 'V', 'VAR PTH AD', 0, 3, 1.05, 3),
('CV377', 'C', 'V', 'VAR PTH AD', 0, 3, 1.07, 3),
('CV378', 'C', 'V', 'VAR PTH HATI AD', 0, 3, 1.17, 3),
('CV379', 'C', 'V', 'VAR PTH HATI AD', 0, 3, 1.19, 3),
('CV380', 'C', 'V', 'HATI BLT SALIPAN AD', 1, 2, 1.16, 3),
('CV381', 'C', 'V', 'BUNGA 1AD', 0, 2, 1.02, 2),
('CV382', 'C', 'V', '2 HATI LBG', 0, 2, 0.86, 3),
('CV383', 'C', 'V', '\"LOVE\"', 0, 2, 0.82, 3),
('CV384', 'C', 'V', 'BTG LBG AD', 0, 2, 1.2, 2),
('CV385', 'C', 'V', 'KUPU 1 AD', 0, 2, 0.87, 3),
('CV386', 'C', 'V', 'BLT HATI AD', 0, 2, 1.18, 3),
('CV387', 'C', 'V', '4AD', 1, 2, 1.15, 3),
('CV388', 'C', 'V', 'DISNEY MICKEY AD', 0, 2, 1.35, 3),
('CV389', 'C', 'V', 'DISNEY ULIR MICKEY AD', 0, 2, 1.35, 3),
('CV390', 'C', 'V', 'VAR HATI FULL AD*', 0, 2, 1.32, 3),
('CV391', 'C', 'V', 'ALPHABET R*', 8, 3, 1.23, 3),
('CV393', 'C', 'V', '1AD BESAR*', 0, 2, 1.74, 3),
('CV394', 'C', 'V', 'PERSEGI FULL AD*', 0, 2, 4.25, 3),
('CV395', 'C', 'V', 'PITA AD BULAT', 0, 2, 1.48, 3),
('CV396', 'C', 'V', 'MIKI 3AD TUMPUK ULIR', 0, 2, 1.33, 3),
('CV397', 'C', 'V', 'VAR PTH AD', 10, 3, 1.12, 3),
('CV398', 'C', 'V', 'PETIR AD', 3, 2, 1.35, 3),
('CV399', 'C', 'V', 'NADA AD', 0, 2, 1.3, 3),
('CV400', 'C', 'V', 'VAR PTH AD SALIPAN*', 3, 3, 0.9, 3),
('CV401', 'C', 'V', 'BUNGA AD', 0, 2, 0.91, 3),
('CV402', 'C', 'V', 'HATI AD', 3, 2, 0.82, 3),
('CV403', 'C', 'V', 'WAJIK 8AD', 3, 2, 1.57, 3),
('CV404', 'C', 'V', 'Y 1AD', 0, 3, 0.83, 3),
('CV405', 'C', 'V', '2BUNGA FULL AD', 10, 3, 1.45, 3),
('CV406', 'C', 'V', 'VAR PTH HATI AD', 0, 3, 1.28, 3),
('CV407', 'C', 'V', 'VAR PTH HATI AD', 0, 3, 1.23, 3),
('CV408', 'C', 'V', 'VAR PTH HATI AD', 0, 3, 1.3, 3),
('CV409', 'C', 'V', 'VAR PTH OMBAK AD', 0, 3, 1.01, 3),
('CV410', 'C', 'V', 'VAR PTH OMBAK AD', 0, 3, 1, 3),
('CV411', 'C', 'V', 'VAR PTH OMBAK AD', 0, 3, 1.02, 3),
('CV412', 'C', 'V', 'VAR PTH GLMBG AD', 0, 3, 1.63, 3),
('CV413', 'C', 'V', 'VAR PTH GLMBG AD', 0, 3, 1.82, 3),
('CV414', 'C', 'V', 'BLT LBG AD', 0, 3, 1.15, 3),
('CV415', 'C', 'V', 'BLT LBG AD', 0, 3, 1.12, 3),
('CV416', 'C', 'V', '1AD BSR 6AD KCL', 0, 3, 2.08, 3),
('CV417', 'C', 'V', '1AD BSR 6AD KCL', 0, 3, 2.01, 3),
('CV418', 'C', 'V', '3WAJIK AD', 0, 3, 0.8, 3),
('CV419', 'C', 'V', '3WAJIK AD', 0, 3, 0.82, 3),
('CV420', 'C', 'V', '3WAJIK AD', 0, 3, 0.78, 3),
('CV421', 'C', 'V', '3WAJIK AD', 0, 3, 0.8, 3),
('CV422', 'C', 'V', 'VAR PTH AD', 0, 3, 1.17, 3),
('CV423', 'C', 'V', 'VAR PTH AD', 0, 3, 1.13, 3),
('CV424', 'C', 'V', 'VAR PTH AD', 0, 3, 1.16, 3),
('CV425', 'C', 'V', 'MICKEY SALIPAN AD*', 0, 2, 1.35, 3),
('CV426', 'C', 'V', 'PER 2BLT AD*', 8, 3, 0.82, 3),
('CV427', 'C', 'V', 'BUNGA ULIR 2AD*', 0, 3, 0.81, 3),
('CV429', 'C', 'V', 'VAR PTH AD', 3, 2, 1.52, 3),
('CV431', 'C', 'V', 'MOZAIK AD*', 6, 2, 1.98, 3),
('CV432', 'C', 'V', 'PER PITA AD*', 8, 3, 0.9, 3),
('CV433', 'C', 'V', 'GELOMBANG AD', 0, 2, 1.1, 2),
('CV434', 'C', 'V', 'SABUK AD+CAT ', 0, 2, 2.04, 3),
('CV435', 'C', 'V', 'BINTANG FULL AD', 0, 3, 0.86, 3),
('CV436', 'C', 'V', 'HATI TUMPUK AD', 0, 3, 1.24, 3),
('CV437', 'C', 'V', 'BUNGA AD', 3, 3, 0.94, 3),
('CV438', 'C', 'V', 'BLT 1AD*', 0, 2, 1.39, 3),
('CV439', 'C', 'V', 'VAR PTH BNGA AD*', 3, 2, 1.49, 3),
('CV441', 'C', 'V', 'GELOMBANG AD*', 0, 2, 2.64, 3),
('CV442', 'C', 'V', '2PITA AD TUMPUK*', 0, 2, 1.09, 3),
('CV446', 'C', 'V', 'RANTE*', 0, 2, 1.94, 2),
('CV447', 'C', 'V', 'HATI AD SALIPAN*', 0, 2, 1.12, 3),
('CV448', 'C', 'V', '3WAJIK AD PINK', 0, 3, 0.82, 2),
('CV449', 'C', 'V', 'HATI AD*', 3, 3, 0.92, 3),
('CV450', 'C', 'V', '3 HATI CAT AD*', 0, 3, 1.64, 3),
('CV451', 'C', 'V', 'BUNGA AD*', 3, 3, 1.09, 3),
('CV452', 'C', 'V', 'BUNGA AD*', 3, 2, 1.57, 2),
('CV453', 'C', 'V', 'PER HATI VAR PTH*', 0, 2, 1.61, 2),
('CV458', 'C', 'V', 'RANTE AD', 0, 3, 1.53, 3),
('CV459', 'C', 'V', '3BNGA AD', 0, 3, 0.92, 3),
('CV460', 'C', 'V', '3WAJIK AD PINK MERAH', 0, 3, 0.78, 3),
('CV461', 'C', 'V', '3WAJIK AD PINK MERAH', 0, 3, 0.84, 3),
('CV462', 'C', 'V', '1 AD BIRU+AD KECIL PTH', 0, 3, 1.77, 3),
('CV463', 'C', 'V', '1AD PINK+AD KECIL PTH', 0, 3, 1.77, 3),
('CV464', 'C', 'V', 'BLT AD PINK MERAH', 0, 3, 1.01, 3),
('CV465', 'C', 'V', '3 HATI CAT AD', 0, 3, 1.62, 3),
('CV466', 'C', 'V', 'HATI AD', 0, 3, 1.18, 3),
('CV467', 'C', 'V', 'T SALIPAN CAT', 0, 3, 1.86, 3),
('CV468', 'C', 'V', 'VAR PTH HATI SALIPAN', 0, 2, 1.4, 3),
('CV469', 'C', 'V', 'VAR PTH AD SALIPAN', 0, 2, 1.31, 3),
('CV470', 'C', 'V', '3AD', 0, 2, 0.87, 3),
('CV471', 'C', 'V', 'KUPU AD', 0, 2, 1.72, 3),
('CV472', 'C', 'V', 'S 2AD', 0, 2, 1.07, 2),
('CV473', 'C', 'V', 'VAR PTH 3HATI', 0, 2, 1.05, 3),
('CV474', 'C', 'V', 'VAR PTH 3HATI', 0, 2, 1.09, 3),
('CV476', 'C', 'V', 'KG WAJIK LBG*', 0, 2, 0.88, 3),
('CV478', 'C', 'V', 'BLT AD PINK*', 0, 2, 1.45, 3),
('CV479', 'C', 'V', 'VAR PTH AD*', 3, 2, 1.51, 3),
('CV480', 'C', 'V', 'VAR PTH HATI AD *', 0, 2, 1.33, 3),
('CV481', 'C', 'V', 'BSR VAR PTH AD*', 0, 2, 2.46, 3),
('CV482', 'C', 'V', 'BNGA 2AD*', 0, 2, 0.92, 2),
('CV483', 'C', 'V', 'RANTE CARTIER AD*', 0, 2, 3.82, 3),
('CV484', 'C', 'V', 'MOZAIK*', 0, 2, 0.69, 3),
('CV485', 'C', 'V', 'VAR PETIR*', 0, 2, 1.27, 3),
('CV486', 'C', 'V', 'BLT AD*', 0, 3, 1.16, 3),
('CV488', 'C', 'V', 'PER 2BLT AD*', 8, 3, 0.8, 3),
('CV489', 'C', 'V', 'PER PITA AD*', 0, 2, 1.46, 3),
('CV490', 'C', 'V', '2BLT AD PTH+HTM TUMPUK', 0, 2, 1.33, 3),
('CV491', 'C', 'V', 'VAR PTH AD*', 0, 3, 1.02, 3),
('CV492', 'C', 'V', 'FULL AD', 0, 2, 3.24, 3),
('CV493', 'C', 'V', '1AD BESAR + KCL', 0, 2, 2.15, 3),
('CV494', 'C', 'V', '3WAJIK AD', 0, 3, 0.81, 3),
('CV495', 'C', 'V', 'KUPU 1AD', 0, 3, 0.78, 3),
('CV496', 'C', 'V', '1AD BSR + KCL', 0, 2, 1.9, 3),
('CV497', 'C', 'V', 'PER BLT SALIPAN*', 8, 3, 0.79, 3),
('CV498', 'C', 'V', 'VAR PTH AD*', 0, 3, 1, 3),
('CV499', 'C', 'V', 'FROZEN AD BIRU PTH', 0, 2, 0.95, 3),
('CV500', 'C', 'V', 'AD CAT MRH HJAU', 0, 2, 2.15, 3),
('CV501', 'C', 'V', 'VAR PTH HATI AD*', 0, 3, 1.28, 3),
('CV502', 'C', 'V', 'BUNGA AD', 0, 2, 0.91, 3),
('CV503', 'C', 'V', 'SABUK CAT AD', 0, 3, 2.9, 3),
('CV504', 'C', 'V', 'BTG FULL AD', 0, 3, 0.82, 3),
('CV505', 'C', 'V', 'CAT RANTE HTM+AD', 0, 2, 4, 3),
('CV506', 'C', 'V', 'KRWNG AD GLMBNG', 6, 3, 2.95, 3),
('CV507', 'C', 'V', 'HATI CAT +AD', 0, 3, 1.61, 3),
('CV508', 'C', 'V', 'PITA TALI', 0, 2, 0.84, 3),
('CV509', 'C', 'V', 'KUNCI AD SALIPAN', 0, 2, 1.16, 3),
('CV510', 'C', 'V', '2HATI AD PISAH', 0, 3, 1.04, 3),
('CV511', 'C', 'V', '2HATI AD PISAH', 0, 3, 1.05, 3),
('CV512', 'C', 'V', 'AD PTH+UNGU', 0, 3, 0.9, 3),
('CV513', 'C', 'V', 'AD PTH+UNGU', 0, 3, 0.95, 3),
('CV514', 'C', 'V', 'NADA 1AD', 0, 3, 1.11, 2),
('CV515', 'C', 'V', 'NADA 1AD', 0, 3, 1.15, 2),
('CV516', 'C', 'V', '2 INFINITE SALIPAN AD', 0, 3, 1.09, 3),
('CV517', 'C', 'V', '2 INFINITE SALIPAN AD', 0, 3, 1.1, 3),
('CV518', 'C', 'V', 'BULAT AD ULIR', 0, 3, 1.27, 3),
('CV519', 'C', 'V', 'BULAT AD ULIR', 0, 3, 1.25, 3),
('CV520', 'C', 'V', 'GLMBNG AD VAR PTH', 0, 3, 1.68, 3),
('CV521', 'C', 'V', 'GLMBNG AD VAR PTH', 0, 3, 1.81, 3),
('CV522', 'C', 'V', 'AD PTH+UNGU', 0, 3, 0.79, 3),
('CV523', 'C', 'V', 'AD PTH+UNGU', 0, 3, 0.81, 3),
('CV524', 'C', 'V', 'VAR PTH+AD', 0, 3, 1.15, 3),
('CV525', 'C', 'V', 'VAR PTH+AD', 0, 3, 1.18, 3),
('CV526', 'C', 'V', 'RANTE AD*', 0, 3, 1.35, 3),
('CV527', 'C', 'V', 'PER PITA AD SALIPAN*', 8, 3, 0.88, 3),
('CV528', 'C', 'V', 'PER BLT AD SALIPAN*', 8, 3, 0.78, 3),
('CV529', 'C', 'V', 'VAR PTH HATI AD*', 0, 3, 1.22, 3),
('CV530', 'C', 'V', 'VAR PTH 3HATI*', 0, 2, 1.04, 3),
('CV532', 'C', 'V', 'MICKEY AD*', 0, 2, 1.28, 3),
('CV533', 'C', 'V', 'KUPU AD*', 0, 2, 0.86, 3),
('CV534', 'C', 'V', 'PER BLT AD SALIPAN', 8, 3, 0.82, 3),
('CV535', 'C', 'V', '3AD', 0, 2, 0.8, 3),
('CV536', 'C', 'V', 'HATI MOZAIK', 0, 3, 1.02, 3),
('CV537', 'C', 'V', 'HATI MOZAIK', 0, 3, 1.03, 3),
('CV538', 'C', 'V', 'HATI MOZAIK', 0, 3, 1.06, 3),
('CV539', 'C', 'V', 'HATI AD LBG+KUPU', 0, 2, 1.1, 3),
('CV540', 'C', 'V', 'PAKU AD', 0, 2, 1.29, 3),
('CV541', 'C', 'V', 'GARIS AD', 0, 2, 0.78, 3),
('CV542', 'C', 'V', 'PER 4HATI 3AD', 0, 2, 1.72, 3),
('CV543', 'C', 'V', 'HATI LBG PITA 1AD', 0, 2, 0.94, 3),
('CV544', 'C', 'V', '3HATI VAR PTH MOZAIK', 0, 2, 1.04, 3),
('CV545', 'C', 'V', 'BUNGA AD + ULIR', 0, 2, 1.24, 3),
('CV546', 'C', 'V', 'LOVE + AD', 0, 2, 1.47, 3),
('CV547', 'C', 'V', 'GLMBNG AD VAR PTH', 0, 2, 2.74, 3),
('CV548', 'C', 'V', '2 KUPU STGH FULL AD', 0, 2, 0.9, 3),
('CV549', 'C', 'V', 'BUNGA ULIR 2 AD', 0, 2, 1.33, 3),
('CV550', 'C', 'V', 'BOTORAN GOYANG + AD', 0, 2, 2.8, 3),
('CV551', 'C', 'V', '2 HATI VAR PTH MOZAIK', 0, 2, 1.03, 3),
('CV552', 'C', 'V', '2 HATI VAR PTH MOZAIK', 0, 2, 0.98, 3),
('CV553', 'C', 'V', 'BUNGA AD VAR PTH', 0, 2, 1.03, 3),
('CV554', 'C', 'V', 'HATI LBG MOZAIK', 0, 2, 0.68, 3),
('CV555', 'C', 'V', 'HATI LBG + PITA 1AD', 0, 2, 0.95, 3),
('CV556', 'C', 'V', '1AD BSR+AD KECIL', 0, 2, 1.88, 3),
('CV557', 'C', 'V', 'VAR PTH AD*', 0, 3, 1.14, 3),
('CV558', 'C', 'V', 'VAR PTH HATI*', 0, 2, 1.3, 2),
('CV559', 'C', 'V', '3WAJIK AD PINK MRH*', 0, 3, 0.78, 3),
('CV560', 'C', 'V', 'PER PITA SALIPAN*', 8, 3, 0.87, 3),
('CV561', 'C', 'V', 'SABUK AD CAT*', 0, 2, 2.11, 3),
('CV562', 'C', 'V', 'VAR PTH BUNGA AD', 0, 2, 1.01, 3),
('CV563', 'C', 'V', 'INFINITY POLOS + AD', 0, 3, 1.08, 3),
('CV564', 'C', 'V', 'PAKU AD', 0, 2, 1.25, 3),
('CV565', 'C', 'V', '4HATI AD SALIPAN', 0, 2, 1.71, 3),
('CV566', 'C', 'V', '3HATI AD PINK', 0, 3, 1.25, 2),
('CV567', 'C', 'V', '3HATI AD PINK*', 0, 3, 1.25, 3),
('CV568', 'C', 'V', 'LOVE*', 0, 2, 0.79, 3),
('CV569', 'C', 'V', 'MOZA AD*', 10, 3, 1, 3),
('CV570', 'C', 'V', 'HATI AD SALIPAN*', 0, 2, 1.14, 3),
('CV571', 'C', 'V', 'PAKU AD*', 0, 2, 1.24, 3),
('CV572', 'C', 'V', 'PITA AD*', 0, 2, 0.83, 3),
('CV573', 'C', 'V', 'HATI MOZAIK SALIPAN', 0, 2, 0.91, 3),
('CV574', 'C', 'V', '3 HATI MOZAIK', 0, 2, 1.06, 3),
('CV575', 'C', 'V', '3 WAJIK AD PINK MERAH', 0, 3, 0.77, 3),
('CV576', 'C', 'V', 'RANTE T AD', 0, 3, 1.3, 3),
('CV577', 'C', 'V', '1AD HIJAU', 0, 2, 1.64, 3),
('CV578', 'C', 'V', 'MOZAIK AD DAUN', 0, 3, 1.14, 3),
('CV579', 'C', 'V', 'VAR PTH PAKU AD', 3, 2, 2, 3),
('CV580', 'C', 'V', 'STGH BLT FULL AD + MOZAIK', 10, 3, 1.42, 3),
('CV581', 'C', 'V', 'RANTE BLT FULL AD SALIPAN', 0, 2, 2.47, 3),
('CV582', 'C', 'V', 'VAR PTH HATI FULL AD', 0, 2, 1.58, 3),
('CV583', 'C', 'V', 'HATI AD SALIPAN TUMPUK', 0, 2, 1.71, 3),
('CV584', 'C', 'V', 'APEL PITA AD', 10, 3, 1.01, 3),
('CV585', 'C', 'V', 'BESAR BOLA FULL AD+BOLA T', 0, 2, 3.64, 3),
('CV586', 'C', 'V', 'KUPU AD BOLA SALIPAN', 0, 2, 1.69, 3),
('CV587', 'C', 'V', 'PERSEGI FULL AD', 0, 2, 4.31, 3),
('CV588', 'C', 'V', 'KOTAK FULL AD', 0, 3, 2, 3),
('CV589', 'C', 'V', 'VAR PTH HATI MOZAIK', 0, 2, 1, 3),
('CV590', 'C', 'V', 'VAR PTH HATI MOZAIK', 0, 2, 1.31, 3),
('CV591', 'C', 'V', 'VAR PTH HATI MOZAIK', 0, 2, 1, 3),
('CV592', 'C', 'V', 'VAR PTH HATI MOZAIK', 0, 2, 0.98, 3),
('CV593', 'C', 'V', 'HATI MOZAIK', 0, 2, 0.61, 3),
('CV594', 'C', 'V', 'HATI 1AD', 0, 2, 0.94, 3),
('CV595', 'C', 'V', 'PAKU AD', 0, 2, 1.24, 3),
('CV596', 'C', 'V', 'VAR PTH BUNGA AD', 0, 2, 1.01, 3),
('CV597', 'C', 'V', 'FROZEN AD', 0, 2, 0.98, 3),
('CV598', 'C', 'V', 'BESAR DAUN AD*', 0, 2, 4.16, 3),
('CV599', 'C', 'V', '2BLT AD+AD KCIL*', 0, 2, 2.33, 2),
('CV600', 'C', 'V', 'PER 2 BLT*', 0, 3, 0.8, 3),
('CV601', 'C', 'V', 'PER BLT AD BSR', 0, 3, 1.22, 2),
('CV602', 'C', 'V', 'KG BUNGA KERAWANG', 0, 2, 0.86, 2),
('CV604', 'C', 'V', 'PER PITA SALIPAN', 8, 3, 0.89, 3),
('CV605', 'C', 'V', '3WAJIK AD PINK MRH', 0, 3, 0.82, 3),
('CV606', 'C', 'V', 'GLMBG AD*', 0, 2, 1.03, 3),
('CV607', 'C', 'V', '3AD*', 0, 2, 0.79, 3),
('CV608', 'C', 'V', '1AD*', 0, 3, 0.89, 3),
('CV609', 'C', 'V', 'DAUN MOZA KRWNG', 0, 2, 2.73, 3),
('CV610', 'C', 'V', 'VAR PTH GLMBG AD*', 3, 2, 2.72, 3),
('CV611', 'C', 'V', 'PER 2BULAT FULL AD*', 8, 3, 0.8, 3),
('CV612', 'C', 'V', '4HATI AD SALIPAN*', 0, 2, 1.71, 3),
('CV613', 'C', 'V', 'T AD SALIPAN CAT**RETUR', 0, 3, 1.86, 2),
('CV614', 'C', 'V', '3WAJIK AD*', 0, 3, 0.79, 3),
('CV615', 'C', 'V', 'HATI FULL AD ', 0, 3, 1.17, 2),
('CV616', 'C', 'V', '(B) BMAHKOTA AD PINK', 0, 3, 1, 4),
('CV617', 'C', 'V', 'BINTANG FULL AD*', 0, 3, 0.82, 3),
('CV618', 'C', 'V', 'HATI AD SALIPAN*', 0, 2, 1.12, 3),
('CV619', 'C', 'V', 'VAR PTH BNGA AD *CV596', 0, 2, 1, 3),
('CV620', 'C', 'V', 'S 1AD*', 8, 3, 1.02, 3),
('CV621', 'C', 'V', 'PER PITA AD SALIPAN*', 0, 3, 0.95, 3),
('CV622', 'C', 'V', 'BUNGA AD', 0, 3, 1.08, 3),
('CV623', 'C', 'V', '1AD BSR+AD KCIL', 0, 3, 2, 3),
('CV624', 'C', 'V', 'PAKU VAR PTH*', 3, 2, 2, 2),
('CV625', 'C', 'V', 'VAR PTH AD*', 0, 3, 1.18, 2),
('CV626', 'C', 'V', 'KUPU STGH AD*', 0, 3, 1.33, 3),
('CV627', 'C', 'V', 'BSR VAR PTH AD', 0, 2, 2.64, 3),
('CV628', 'C', 'V', 'HATI 1AD*', 0, 2, 0.94, 3),
('CV630', 'C', 'V', 'PER BLT SALIPAN*', 8, 3, 0.79, 3),
('CV631', 'C', 'V', 'KG KOTAK KERAWANG*', 0, 2, 0.88, 2),
('CV632', 'C', 'V', 'VAR PTH HATI AD*', 0, 3, 1.16, 3),
('CV633', 'C', 'V', 'PER BLT SALIAN*', 8, 3, 0.79, 3),
('CV634', 'C', 'V', 'HATI AD*', 0, 2, 0.86, 3),
('CV635', 'C', 'V', 'BTG FULL AD*', 0, 3, 0.82, 3),
('CV636', 'C', 'V', 'BTG FULL AD*', 0, 3, 0.86, 3),
('CV637', 'C', 'V', '2HATI AD PISAH', 0, 2, 1.09, 3),
('CV638', 'C', 'V', 'VAR PTH HATI LBG', 0, 2, 1.29, 3),
('CV639', 'C', 'V', 'VAR PTH BNGA AD', 0, 2, 1.61, 3),
('CV640', 'C', 'V', 'AD', 0, 2, 0.75, 3),
('CV641', 'C', 'V', 'KG BUNGA', 0, 2, 2.44, 3),
('CV642', 'C', 'V', 'BOLA FULL AD', 0, 2, 1.45, 3),
('CV643', 'C', 'V', 'BLT AD PINK MRH*', 0, 3, 1.05, 3),
('CV644', 'C', 'V', 'DAUN MOZA', 1, 2, 2.73, 2),
('CV645', 'C', 'V', 'SABUK CAT AD', 0, 3, 2.93, 3),
('CV646', 'C', 'V', 'HATI 3BTG AD', 0, 2, 1.07, 3),
('CV647', 'C', 'V', 'BINTANG AD', 3, 3, 1.01, 3),
('CV648', 'C', 'V', 'CARTIER 1AD BSR+AD KCIL', 0, 3, 1.22, 3),
('CV649', 'C', 'V', 'OMBAK AD PINK BIRU*', 0, 2, 1.51, 3),
('CV650', 'C', 'V', 'KUPU STGH AD*', 0, 2, 0.87, 3),
('CV652', 'C', 'V', 'HATI LBG 2AD', 0, 3, 0.7, 3),
('CV653', 'C', 'V', 'HATI LBG 2AD', 0, 3, 0.67, 3),
('CV654', 'C', 'V', 'PITA AD', 0, 3, 0.82, 3),
('CV655', 'C', 'V', 'PITA AD', 0, 3, 0.81, 3),
('CV656', 'C', 'V', 'CABUNG AD TUMPUK', 0, 3, 1, 3),
('CV657', 'C', 'V', 'HATI TUMPUK 1AD', 0, 3, 0.88, 3),
('CV658', 'C', 'V', 'HATI TUMPUK 1AD', 0, 3, 0.91, 3),
('CV659', 'C', 'V', 'PER 1HATI AD 1BLT AD', 10, 3, 1.67, 3),
('CV660', 'C', 'V', 'HATI TUMPUK LBG AD', 0, 3, 0.96, 3),
('CV661', 'C', 'V', '3WAJIK AD', 0, 3, 0.8, 3),
('CV662', 'C', 'V', 'PAKU AD*', 0, 2, 1.27, 3),
('CV663', 'C', 'V', 'BUNGA AD KUPU', 0, 2, 1.46, 3),
('CV664', 'C', 'V', 'BUNGA AD', 3, 3, 0.92, 3),
('CV665', 'C', 'V', 'HATI TUMPUK VAR PTH AD', 0, 3, 1.23, 3),
('CV666', 'C', 'V', 'HATI TUMPUK VAR PTH AD', 0, 3, 1.28, 3),
('CV667', 'C', 'V', 'GELOMBANG AD PINK MRH', 0, 2, 1.5, 3),
('CV668', 'C', 'V', 'MOZA AD', 0, 3, 1, 3),
('CV669', 'C', 'V', 'VAR PTH BLT MOZA ', 10, 3, 1.32, 3),
('CV671', 'C', 'V', '(B) BUNGA MOZA AD PINK  ', 3, 2, 1.38, 2),
('CV672', 'C', 'V', 'MOZA AD', 0, 3, 1, 3),
('CV673', 'C', 'V', '1AD BSR HATI ', 3, 2, 0.97, 3),
('CV674', 'C', 'V', 'HATI AD TUMPUK', 3, 3, 0.9, 3),
('CV675', 'C', 'V', '3 WAJIK AD PINK', 3, 3, 0.78, 3),
('CV676', 'C', 'V', '3WAJIK AD PINK', 3, 3, 0.82, 3),
('CV677', 'C', 'V', 'HATI AD KUPU *CV539', 0, 2, 1.09, 3),
('CV678', 'C', 'V', 'BLT AD *CV509', 0, 2, 1.16, 3),
('CV679', 'C', 'V', 'AD PUTIH UNGU', 0, 2, 0.74, 3),
('CV680', 'C', 'V', 'HK BUNGA AD', 0, 2, 1.75, 2),
('CV681', 'C', 'V', 'MICKEY 1AD SALIPAN', 0, 2, 1.22, 3),
('CV682', 'C', 'V', 'MICKEY 1AD', 0, 2, 1.26, 3),
('CV683', 'C', 'V', 'AD PINK MRH', 0, 2, 1.6, 3),
('CV685', 'C', 'V', '1AD AD+1AD MOZA', 10, 3, 1.42, 3),
('CV686', 'C', 'V', 'VAR PTH GLMBG AD', 3, 3, 1.68, 2),
('CV687', 'C', 'V', '2BLT FULL AD', 0, 2, 1.33, 3),
('CV688', 'C', 'V', 'BUNGA AD*', 0, 2, 1.3, 3),
('CV689', 'C', 'V', 'HATI LBG 2AD', 0, 3, 0.68, 3),
('CV690', 'C', 'V', 'BUNGA AD*', 0, 2, 1.03, 3),
('CV691', 'C', 'V', 'NADA FULL AD *CV399', 0, 2, 1.28, 2),
('CV692', 'C', 'V', '1AD BESAR HATI MOZA*CV673', 3, 2, 0.97, 3),
('CV693', 'C', 'V', 'RANTE AD *CV171', 0, 3, 1.51, 2),
('CV694', 'C', 'V', '2BLT AD PINK MRH SALIPAN*', 0, 2, 1.45, 3),
('CV695', 'C', 'V', '1AD ORANGE', 0, 2, 1.55, 3),
('CV696', 'C', 'V', '2BLT AD TUMPUK*CV125', 0, 2, 1.35, 3),
('CV697', 'C', 'V', '3BUNGA AD*CV181', 0, 3, 0.93, 3),
('CV698', 'C', 'V', '1AD*CV608', 0, 3, 0.89, 3),
('CV699', 'C', 'V', 'PER HATI AD PINK', 0, 2, 1.91, 3),
('CV700', 'C', 'V', 'PER HATI AD PINK', 0, 2, 1.89, 3),
('CV701', 'C', 'V', 'FROZEN', 0, 3, 0.89, 3),
('CV702', 'C', 'V', 'DAUN AD +MOZA', 0, 3, 0.99, 3),
('CV703', 'C', 'V', 'SABUK CAT HIJAU MERAH+AD', 0, 2, 2.15, 3),
('CV704', 'C', 'V', 'AD UNGU', 0, 3, 0.8, 3),
('CV705', 'C', 'V', 'SABUK C', 0, 2, 1.67, 3),
('CV706', 'C', 'V', '3BUNGA AD', 0, 3, 0.91, 3),
('CV707', 'C', 'V', 'BSR PERSEGI AD', 6, 3, 2, 3),
('CV708', 'C', 'V', 'KUPU AD BOLA', 0, 2, 1.7, 3),
('CV710', 'C', 'V', 'BSR 1AD BSR+AD KCIL*', 0, 2, 3.24, 3),
('CV711', 'C', 'V', 'BSR NADA AD VAR PTH*', 0, 2, 2.64, 3),
('CV712', 'C', 'V', 'BUNGA AD*', 0, 2, 1.23, 3),
('CV713', 'C', 'V', 'PER BLT AD SALIPAN*', 8, 3, 0.79, 3),
('CV714', 'C', 'V', 'PER PITA AD SALIPAN*', 0, 2, 1.44, 3),
('CV715', 'C', 'V', 'BUNGA AD*', 0, 2, 1, 3),
('CV716', 'C', 'V', '(B) PER PITA AD', 8, 3, 0.87, 3),
('CV717', 'C', 'V', '(B) PER 3 HATI', 0, 2, 1.98, 3),
('CV718', 'C', 'V', '1AD BIRU BSR + AD KCIL*', 0, 3, 1.75, 3),
('CV720', 'C', 'V', '(B) MAHKOTA AD PTH', 0, 3, 1, 3),
('CV721', 'C', 'V', 'KUPU STGH AD 1BOT', 0, 2, 1.38, 3),
('CV722', 'C', 'V', 'AD PINK BIRU', 0, 2, 1.5, 3),
('CV723', 'C', 'V', '3HATI CAT AD', 0, 3, 1.6, 3),
('CV724', 'C', 'V', 'PETIR AD', 0, 2, 1.26, 3),
('CV725', 'C', 'V', 'BUNGA BOLA AD', 0, 3, 1.66, 3),
('CV726', 'C', 'V', '2BUNGA ULIR AD', 0, 3, 0.81, 3),
('CV727', 'C', 'V', 'HATI AD', 0, 3, 0.95, 3),
('CV728', 'C', 'V', 'T HATI', 0, 2, 1.5, 3),
('CV729', 'C', 'V', 'SABUK AD', 0, 2, 1.83, 3),
('CV730', 'C', 'V', 'GEMBOK HATI AD', 0, 3, 1.2, 3),
('CV731', 'C', 'V', 'GEMBOK HATI AD', 0, 3, 1.12, 3),
('CV732', 'C', 'V', 'PITA 4AD', 0, 3, 1, 3),
('CV733', 'C', 'V', 'BLT FULL AD GOYANG*', 0, 2, 1.58, 2),
('CV734', 'C', 'V', '(B) PER BLT AD SALIPAN*', 8, 3, 0.8, 3),
('CV735', 'C', 'V', '1AD HIJAU*', 0, 2, 1.64, 2),
('CV736', 'C', 'V', 'HATI LUBANG*', 0, 3, 0.68, 3),
('CV737', 'C', 'V', 'BOLA FULL AD*', 0, 2, 1.45, 3),
('CV738', 'C', 'V', 'HATI 3AD SALIPAN*', 3, 3, 0.9, 3),
('CV739', 'C', 'V', 'BSR KERAWANG MOZA', 5, 3, 2.99, 3),
('CV740', 'C', 'V', '(B) TAK HINGGA AD*', 0, 2, 0.75, 3),
('CV741', 'C', 'V', 'HATI AD*', 0, 2, 1.12, 3),
('CV742', 'C', 'V', '1AD BESAR + KECIL', 0, 2, 2.13, 3),
('CV743', 'C', 'V', 'RAINBOW', 0, 2, 2.22, 2),
('CV744', 'C', 'V', 'KUPU AD', 0, 2, 1.59, 3),
('CV745', 'C', 'V', '2 KUPU AD GANDENG', 10, 3, 1.43, 3),
('CV746', 'C', 'V', '1BOLA AD+1BOLA MOZA', 10, 3, 1.43, 3),
('CV747', 'C', 'V', '2PITA AD TUMPUK', 0, 2, 1.23, 3),
('CV748', 'C', 'V', '3WAJIK AD', 0, 3, 0.8, 3),
('CV749', 'C', 'V', '3 HATI AD', 0, 3, 1.11, 3),
('CV750', 'C', 'V', '3 HATI AD', 0, 3, 1.04, 3),
('CV751', 'C', 'V', 'HATI AD TUMPUK', 0, 3, 0.81, 3),
('CV752', 'C', 'V', 'HATI LUBANG PISAH', 0, 3, 0.83, 3),
('CV753', 'C', 'V', 'PITA 4AD', 0, 3, 0.83, 3),
('CV754', 'C', 'V', 'BLT AD TUMPUK', 0, 3, 1.43, 3),
('CV755', 'C', 'V', 'HATI LBG', 0, 3, 0.77, 3),
('CV756', 'C', 'V', '1AD BIRU BSR + AD PTH *CV', 0, 2, 2.27, 2),
('CV757', 'C', 'V', 'BTG 6AD ', 3, 3, 1, 3),
('CV758', 'C', 'V', 'PITA AD', 0, 3, 0.89, 3),
('CV759', 'C', 'V', 'HATI LBG', 0, 3, 0.86, 2),
('CV760', 'C', 'V', 'HATI AD TUMPUK', 0, 3, 0.82, 3),
('CV761', 'C', 'V', 'HATI LBG ', 0, 3, 0.8, 3),
('CV762', 'C', 'V', 'PER BLT SALIPN *CV713', 8, 3, 0.79, 3),
('CV763', 'C', 'V', 'BSR DAUN *CV188', 6, 2, 3.64, 3),
('CV764', 'C', 'V', 'AD FROZEN *CV523', 0, 3, 0.81, 3),
('CV765', 'C', 'V', 'KG BUNGA *CV641', 0, 2, 2.44, 3),
('CV766', 'C', 'V', 'HATI LBG *CV761', 0, 3, 0.8, 3),
('CV767', 'C', 'V', 'BLT KUNCI*CV678', 0, 2, 1.16, 3),
('CV768', 'C', 'V', 'RANTE AD HITAM', 0, 2, 2.83, 3),
('CV769', 'C', 'V', 'OMBAK AD', 3, 2, 3.24, 3),
('CV770', 'C', 'V', '1AD BSR + KCIL', 0, 2, 2.17, 3),
('CV771', 'C', 'V', 'AD CAT MRH HJAU', 0, 2, 2.15, 3),
('CV772', 'C', 'V', 'ANGSA AD PINK', 0, 2, 1.61, 3),
('CV773', 'C', 'V', 'BLT AD PINK', 0, 3, 1, 3),
('CV774', 'C', 'V', '1AD BESAR+KCIL *CV742', 0, 2, 2.13, 3),
('CV775', 'C', 'V', '1AD BESAR+KCIL *CV496', 0, 2, 1.9, 3),
('CV776', 'C', 'V', 'PITA 4AD *CV732 ', 0, 3, 1, 3),
('CV777', 'C', 'V', 'OMBAK PINK BIRU *CV722', 0, 2, 1.5, 3),
('CV778', 'C', 'V', '3 WAJIK AD PINK *CV605', 0, 3, 0.82, 3),
('CV779', 'C', 'V', 'S 1AD', 8, 3, 1, 2),
('CV780', 'C', 'V', 'BUNGA AD PINK VR PTH *CV1', 3, 2, 1.36, 3),
('CV781', 'C', 'V', 'BUNGA AD ULIR *CV688', 0, 2, 1.3, 2),
('CV782', 'C', 'V', 'S 1AD', 8, 3, 1.07, 3),
('CV783', 'C', 'V', '1AD BESAR + KCIL CAT HTM ', 0, 3, 2, 3),
('CV784', 'C', 'V', 'PER 2AD BULAT*', 0, 3, 0.81, 3),
('CV785', 'C', 'V', 'PER ULIR 2AD BULAT*', 0, 2, 1.33, 3),
('CV786', 'C', 'V', 'FROZEN *', 0, 2, 0.74, 3),
('CV787', 'C', 'V', 'VAR PTH HATI MOZA*', 0, 2, 1.02, 3),
('CV788', 'C', 'V', 'BLT AD ULIR*', 0, 3, 1.27, 3),
('CV789', 'C', 'V', '3WJIK AD*', 0, 3, 0.8, 3),
('CV790', 'C', 'V', 'PITA AD*', 0, 3, 0.8, 3),
('CV791', 'C', 'V', 'FROZEN*', 0, 3, 0.95, 3),
('CV792', 'C', 'V', 'BSR VAR PTH AD*', 0, 2, 4.08, 3),
('CV793', 'C', 'V', '(B) PITA PER*', 8, 3, 0.87, 3),
('CV794', 'C', 'V', 'HATI AD', 0, 3, 1.26, 3),
('CV795', 'C', 'V', 'MOZA AD', 0, 2, 1.54, 3),
('CV796', 'C', 'V', 'HATI MOZA AD', 10, 3, 1.06, 3),
('CV797', 'C', 'V', 'MOZA AD', 0, 2, 1.2, 3),
('CV798', 'C', 'V', 'HATI AD', 0, 3, 0.9, 3),
('CV799', 'C', 'V', 'BUNGA AD', 0, 3, 1.38, 3),
('CV800', 'C', 'V', 'ALFABET A 1AD', 5, 3, 1.06, 3),
('CV801', 'C', 'V', 'BUNGA AD', 0, 3, 1.08, 3),
('CV802', 'C', 'V', 'BOLA BSR + BOLA KCIL AD*', 0, 2, 3.61, 3),
('CV803', 'C', 'V', 'PITA AD*', 0, 3, 0.83, 3),
('CV804', 'C', 'V', 'PITA AD*', 0, 3, 0.81, 3),
('CV805', 'C', 'V', 'HATI MOZA*', 0, 2, 0.91, 2),
('CV806', 'C', 'V', '(B) PITA PER SALIPAN*', 0, 3, 0.87, 3),
('CV807', 'C', 'V', 'HATI BLT PER SALIPAN*', 10, 3, 1.66, 2),
('CV808', 'C', 'V', 'PER BULAT *', 8, 3, 0.8, 3),
('CV809', 'C', 'V', 'PER BLT *', 8, 3, 0.8, 3),
('CV810', 'C', 'V', 'BLT AD PINK*', 0, 3, 1, 3),
('CV811', 'C', 'V', '9AD*', 0, 3, 0.83, 3),
('CV812', 'C', 'V', 'GLMBG AD*', 6, 3, 2.95, 3),
('CV813', 'C', 'V', '2 PITA AD TMPUK', 0, 2, 1.23, 3),
('CV814', 'C', 'V', 'VAR PTH HATI MOZA *', 0, 2, 1.02, 3),
('CV815', 'C', 'V', '3BUNGA AD*', 0, 3, 0.91, 3),
('CV816', 'C', 'V', '2 HATI AD PISAH*', 0, 2, 1.09, 2),
('CV817', 'C', 'V', 'BOTORAN AD', 0, 2, 2.72, 3),
('CV818', 'C', 'V', 'KUPU STGH AD*', 0, 3, 1.33, 2),
('CV819', 'C', 'V', 'HATI AD SALIPN *', 0, 2, 1.71, 3),
('CV820', 'C', 'V', 'PER BLT AD *', 8, 3, 0.79, 3),
('CV821', 'C', 'V', 'PER 3HATI AD PINK*', 0, 2, 1.96, 3),
('CV822', 'C', 'V', '4HATI AD SALIPAN*', 0, 2, 1.71, 3),
('CV823', 'C', 'V', 'BSR BOLA AD*', 0, 2, 3.6, 3),
('CV824', 'C', 'V', 'VAR PTH AD', 0, 2, 2.61, 2),
('CV825', 'C', 'V', '(B) PER 3 KUPU VAR PTH', 0, 2, 1.86, 3),
('CV826', 'C', 'V', '3 WAJIK AD', 0, 3, 0.8, 3),
('CV827', 'C', 'V', 'MOZA AD', 0, 2, 1.01, 3),
('CV828', 'C', 'V', 'MOZA AD', 0, 3, 1.16, 3),
('CV829', 'C', 'V', 'PETIR AD', 3, 3, 1.32, 3),
('CV830', 'C', 'V', 'MOZA AD', 0, 3, 0.98, 3),
('CV831', 'C', 'V', 'HATI AD', 0, 3, 1.57, 3),
('CV832', 'C', 'V', 'HATI AD', 5, 2, 0.8, 3),
('CV833', 'C', 'V', '1AD PINK+AD KCIL PTH', 0, 3, 1.75, 3),
('CV834', 'C', 'V', 'HATI AD', 0, 3, 1.17, 2),
('CV835', 'C', 'V', 'HATI VAR PTH MOZA', 0, 2, 0.98, 3),
('CV836', 'C', 'V', 'HATI 1AD', 0, 2, 0.94, 3),
('CV837', 'C', 'V', 'HATI MOZA GANDENG*', 0, 3, 1.02, 3),
('CV838', 'C', 'V', '2KUPU GANDENG*', 10, 3, 1.43, 3),
('CV839', 'C', 'V', '3 KUPU PER *', 0, 2, 2.41, 3),
('CV840', 'C', 'V', 'PETIR AD*', 3, 3, 1.32, 3),
('CV841', 'C', 'V', 'MOZA AD*', 0, 2, 1.2, 3),
('CV842', 'C', 'V', '2KUPU AD*', 10, 3, 1.43, 3),
('CV843', 'C', 'V', 'VAR PTH HATI MOZA*', 0, 2, 1.29, 3),
('CV844', 'C', 'V', 'VAR PTH HATI AD MOZA*', 0, 2, 1.58, 2),
('CV845', 'C', 'V', '2 BLT*', 0, 2, 1.37, 3),
('CV846', 'C', 'V', '3HATI AD*', 0, 3, 1.18, 2),
('CV847', 'C', 'V', 'HATI 1AD BSR+AD KECIL', 0, 3, 1.57, 3),
('CV848', 'C', 'V', '1AD GELOMBANG MOZA', 3, 2, 0.96, 3),
('CV849', 'C', 'V', '2 BUNGA AD BAMBU SALIPAN ', 0, 3, 1.66, 3),
('CV850', 'C', 'V', 'AD', 10, 2, 1.02, 3),
('CV851', 'C', 'V', 'AD GELOMBANG', 0, 2, 2.02, 3),
('CV852', 'C', 'V', 'TAK HINGGA BESAR AD', 8, 2, 2.36, 3),
('CV853', 'C', 'V', 'AD PINK', 0, 2, 1.18, 3),
('CV854', 'C', 'V', '2BULAT AD TUMPUK', 10, 2, 1.3, 3),
('CV855', 'C', 'V', 'KUPU HATI 2AD', 8, 2, 0.94, 3),
('CV856', 'C', 'V', 'WAJIK KERAWANG KUNING*', 0, 2, 1.19, 2),
('CV857', 'C', 'V', 'WAJIK KERAWANG KUNING*', 0, 2, 0.95, 2),
('CV858', 'C', 'V', 'PER ULIR PITA FULL AD*', 0, 3, 0.89, 3),
('CV859', 'C', 'V', 'RANTE AD HITAM*', 0, 2, 2.83, 3),
('CV860', 'C', 'V', 'VAR PTH HATI MOZA*', 0, 2, 1, 2),
('CV861', 'C', 'V', 'R 1AD*', 8, 3, 1.23, 3),
('CV862', 'C', 'V', 'RANTE AD*', 0, 3, 1.3, 3),
('CV863', 'C', 'V', 'BSR DAUN AD', 6, 2, 4.12, 3),
('CV864', 'C', 'V', 'BLT AD', 0, 3, 1.14, 3),
('CV865', 'C', 'V', 'OMBAK AD PINK', 0, 2, 1.24, 3),
('CV866', 'C', 'V', '3 WAJIK AD', 0, 3, 0.8, 3),
('CV867', 'C', 'V', 'OMBAK AD PINK', 0, 2, 1.47, 3),
('CV868', 'C', 'V', '3 WAJIK AD', 0, 3, 0.78, 3),
('CV869', 'C', 'V', 'KUPU 1 AD SALIPAN', 0, 3, 0.77, 3),
('CV870', 'C', 'V', 'GEMBOK HATI AD PINK', 0, 3, 1.16, 3),
('CV871', 'C', 'V', '3 BUNGA AD', 0, 3, 0.9, 3),
('CV872', 'C', 'V', 'GLMBNG VAR PTH MOZA', 0, 2, 2.87, 2),
('CV873', 'C', 'V', '3 WAJIK AD', 0, 3, 0.78, 3),
('CV874', 'C', 'V', '3 WAJIK AD', 0, 3, 0.79, 2),
('CV875', 'C', 'V', 'BSR MAHKOTA AD', 0, 2, 3.22, 3),
('CV876', 'C', 'V', 'HATI PITA 1 AD', 0, 2, 0.94, 3),
('CV877', 'C', 'V', 'KUPU AD', 0, 2, 1.55, 3),
('CV878', 'C', 'V', 'ANGSA AD', 0, 2, 1.42, 3),
('CV879', 'C', 'V', 'BUNGA AD', 0, 2, 1.06, 3),
('CV880', 'C', 'V', '2 BLT AD SALIPAN', 0, 2, 1.66, 3),
('CV881', 'C', 'V', 'BUNGA AD PINK', 0, 2, 1.11, 3),
('CV882', 'C', 'V', 'KUPU AD', 0, 2, 1.6, 2),
('CV883', 'C', 'V', '4 BOLA MOZA SALIPAN', 0, 2, 1.52, 3),
('CV884', 'C', 'V', 'PER PITA AD*', 0, 2, 1.44, 3),
('CV885', 'C', 'V', '3 WAJIK AD', 0, 3, 0.76, 3),
('CV886', 'C', 'V', '(B) PER 3 HATI VAR PTH', 0, 2, 1.88, 3),
('CV887', 'C', 'V', 'PAKU*', 0, 2, 1.24, 3),
('CV888', 'C', 'V', 'HATI 2AD*', 0, 2, 0.93, 2),
('CV889', 'C', 'V', '3WAJIK AD PINK*', 0, 3, 0.78, 3),
('CV890', 'C', 'V', '2 HATI MOZA TUMPUK*', 0, 3, 1.02, 3),
('CV891', 'C', 'V', 'MOZAIK 12AD*', 0, 2, 1.55, 3),
('CV892', 'C', 'V', 'SABUK AD*', 1, 2, 1.67, 3),
('CV893', 'C', 'V', 'BUNGA BULAT FULL AD*', 0, 3, 1.66, 3),
('CV894', 'C', 'V', 'HATI PANAH PISAH*', 0, 3, 0.8, 3),
('CV895', 'C', 'V', '3HATI AD*', 0, 3, 1.11, 2),
('CV896', 'C', 'V', 'AD MOZA', 0, 3, 1.11, 3),
('CV897', 'C', 'V', 'HATI AD BOTORAN', 0, 2, 1.26, 3),
('CV898', 'C', 'V', 'ALFABET H 1AD', 1, 3, 0.89, 3),
('CV899', 'C', 'V', 'TAK HINGGA*', 0, 2, 0.75, 3),
('CV900', 'C', 'V', 'RANTE BLT FULL AD*', 0, 2, 2.47, 3),
('CV901', 'C', 'V', '3 HATI CAT AD', 0, 3, 1.62, 3),
('CV902', 'C', 'V', 'HATI GEMBOK AD', 0, 3, 1.1, 3),
('CV903', 'C', 'V', 'STGH BOLA MOZA + AD', 10, 3, 1.42, 3),
('CV904', 'C', 'V', 'HATI LBG + PITA 1AD*', 0, 2, 0.92, 3),
('CV905', 'C', 'V', 'PER 2 BOLA VAR PTH', 0, 2, 1.95, 3),
('CV906', 'C', 'V', 'BUNGA AD', 0, 2, 1.71, 3),
('CV907', 'C', 'V', 'APEL AD', 10, 3, 1, 3),
('CV908', 'C', 'V', 'APEL AD', 10, 3, 1.02, 3),
('CV909', 'C', 'V', 'BUNGA 1AD', 3, 3, 0.83, 3),
('CV910', 'C', 'V', 'HATI AD SALIPAN', 0, 3, 1.04, 3),
('CV911', 'C', 'V', 'BLT AD MOZA', 5, 2, 1.93, 3),
('CV912', 'C', 'V', 'PER BLT AD', 8, 3, 0.79, 3),
('CV913', 'C', 'V', 'PER BLT AD', 8, 3, 0.8, 3),
('CV914', 'C', 'V', 'ULIR 2BULAT AD PTH+HTM TU', 0, 2, 1.33, 3),
('CV915', 'C', 'V', 'HATI FULL AD+1BLT FULL AD', 0, 2, 1.16, 3),
('CV916', 'C', 'V', '\"LOVE\" ', 0, 2, 0.78, 2),
('CV917', 'C', 'V', '3AD PTH+2AD UNGU+1AD PINK', 0, 2, 0.74, 3),
('CV918', 'C', 'V', '3 BUNGA 12AD*', 0, 3, 0.922, 3),
('CV919', 'C', 'V', 'MICKEY SALIPAN 2AD*', 0, 2, 1.22, 2),
('CV920', 'C', 'V', 'PER 2BULAT AD*', 8, 3, 0.8, 3),
('CV921', 'C', 'V', 'HATI PANAH*', 0, 3, 0.83, 3),
('CV922', 'C', 'V', '1 BOLA AD + POLOS *', 0, 2, 3.12, 3),
('CV923', 'C', 'V', '(B) HATI VAR PTH MOZA*', 0, 2, 0.87, 4),
('CV924', 'C', 'V', 'MOZA 1AD', 0, 2, 1.67, 2),
('CV925', 'C', 'V', 'HATI TUMPUK 1 AD*', 0, 3, 0.82, 3),
('CV926', 'C', 'V', 'ANGSA AD PINK*', 0, 2, 1.61, 3),
('CV927', 'C', 'V', 'KUPU 8AD*', 0, 2, 1.55, 2),
('CV928', 'C', 'V', 'PER 2AD BULAT*', 8, 3, 0.8, 3),
('CV929', 'C', 'V', 'DAUN MOZA 13AD*', 10, 3, 0.99, 2),
('CV930', 'C', 'V', '3 HATI VAR PTH MOZA*', 0, 2, 1.04, 3),
('CV931', 'C', 'V', 'BULAT FULL AD*', 1, 2, 1.67, 2),
('CV932', 'C', 'V', 'VAR PTH HATI AD*', 0, 2, 1.22, 3),
('CV933', 'C', 'V', 'VAR  PTH HATI MOZA TUMPUK', 0, 2, 1.32, 3),
('CV934', 'C', 'V', 'BULAT 1AD PENDEMAN*', 0, 2, 1.39, 2),
('CV935', 'C', 'V', 'BUNGA FULL AD*', 0, 2, 1.06, 3),
('CV936', 'C', 'V', 'PER ULIR PITA FULL AD*', 8, 3, 0.89, 3),
('CV937', 'C', 'V', 'BINTANG SALIPAN AD*', 0, 2, 1.54, 2),
('CV938', 'C', 'V', 'PER PITA SALIPAN*', 0, 2, 1.46, 3),
('CV939', 'C', 'V', 'KUPU FULL AD*', 10, 3, 1.43, 3),
('CV940', 'C', 'V', 'BSR DAUN AD8', 0, 2, 3, 3),
('CV941', 'C', 'V', '3WAJIK AD*', 0, 3, 0.78, 3),
('CV942', 'C', 'V', '(B) PER PITA *', 8, 3, 0.87, 2),
('CV943', 'C', 'V', 'GLMBNG AD*', 0, 2, 2.02, 3),
('CV944', 'C', 'V', 'PER 1BOLA PTH 1BOLA MRH', 0, 2, 1.98, 3),
('CV945', 'C', 'V', '2PITA TUMPUK FULL AD* ', 0, 2, 1.1, 3),
('CV946', 'C', 'V', '1AD MOZAIK', 0, 2, 0.96, 3),
('CV947', 'C', 'V', '2BUNGA 2AD', 0, 3, 0.8, 2),
('CV948', 'C', 'V', 'PER BULAT*', 8, 3, 0.8, 3),
('CV949', 'C', 'V', 'VAR PTH HATI MOZA*', 0, 2, 0.98, 3),
('CV950', 'C', 'V', 'BSR VAR PTH AD*', 0, 2, 2.46, 3),
('CV951', 'C', 'V', '2HATI LBG GNDENG*', 0, 2, 0.83, 3),
('CV952', 'C', 'V', 'PER BLT SALIPN*', 8, 3, 0.8, 3),
('CV953', 'C', 'V', 'KUPU 1AD PENDEM*', 0, 3, 0.8, 3),
('CV954', 'C', 'V', 'BUNGA FULL AD*', 10, 3, 1.43, 3),
('CV955', 'C', 'V', 'ANGSA RAINBOW', 0, 2, 2.3, 2),
('CV956', 'C', 'V', '3HAT +AD', 0, 3, 1.6, 3),
('CV957', 'C', 'V', 'AD UNGU+PINK', 0, 3, 0.85, 3),
('CV958', 'C', 'V', 'HATI TUMPUK 1AD*', 0, 3, 0.81, 2),
('CV959', 'C', 'V', 'BUNGA AD*', 10, 3, 1.06, 3),
('CV960', 'C', 'V', 'BUNGA 12AD SALPN*', 0, 3, 1.66, 2),
('CV961', 'C', 'V', '8AD MOZA', 0, 3, 1, 3),
('CV962', 'C', 'V', 'MAHKOTA AD PINK', 0, 3, 1, 3),
('CV963', 'C', 'V', '3 HATI AD', 0, 3, 1.15, 3),
('CV964', 'C', 'V', 'BUNGA AD', 0, 3, 1.4, 3),
('CV965', 'C', 'V', '3 WAJIK AD PINK', 0, 3, 0.82, 3),
('CV966', 'C', 'V', 'WAJIK MOZA 4AD', 3, 2, 1.03, 3),
('CV967', 'C', 'V', 'PTH MOZA AD', 3, 2, 1.1, 3),
('CV968', 'C', 'V', 'BTG AD', 3, 2, 1.03, 3),
('CV969', 'C', 'V', 'ULIR 2AD TUMPUK', 3, 2, 1.35, 3),
('CV970', 'C', 'V', 'PER PITA BLT AD SLPN*', 0, 2, 1.44, 3),
('CV971', 'C', 'V', 'HATI PANAH*', 0, 3, 0.8, 3),
('CV972', 'C', 'V', '8AD MOZA*', 0, 3, 1, 3),
('CV973', 'C', 'V', 'AD PINK BSR+AD PTH KCL*', 0, 3, 1.76, 3),
('CV974', 'C', 'V', 'AD PTH BSR CAT HTM*', 0, 2, 2.18, 2),
('CV975', 'C', 'V', 'GLBNG MOZA AD*', 0, 2, 1.04, 2),
('CV976', 'C', 'V', 'KUPU BOLA SALIPAN AD*', 0, 2, 1.75, 2);
INSERT INTO `master_items` (`id`, `category`, `subcategory`, `nama`, `supplier`, `karat`, `berat`, `stocks`) VALUES
('CV977', 'C', 'V', 'WAJIK PTH MOZA AD*', 3, 2, 1.48, 3),
('CV978', 'C', 'V', '3AD*', 0, 2, 0.82, 2),
('CV979', 'C', 'V', 'GELOMBANG KRWNG*', 6, 3, 3, 2),
('CV980', 'C', 'V', 'PER ULIR PITA AD*', 8, 3, 0.91, 3),
('CV981', 'C', 'V', 'BULAT AD LBG*', 0, 3, 1.15, 3),
('CV982', 'C', 'V', 'HURUF H 1AD*', 1, 3, 0.9, 2),
('CV983', 'C', 'V', 'APEL AD*', 10, 3, 1.05, 3),
('CV984', 'C', 'V', 'BUNTANG FULL AD*', 0, 3, 0.9, 2),
('CV985', 'C', 'V', '3WAJIK AD*', 0, 3, 0.82, 2),
('CV986', 'C', 'V', '3WAJIK AD*', 0, 3, 0.85, 2),
('CV987', 'C', 'V', 'GLMBANG AD', 0, 3, 1.85, 3),
('CV988', 'C', 'V', 'BUNGA AD ULIR*', 0, 2, 1.25, 3),
('CV989', 'C', 'V', 'PER BULAT AD 1BOT*', 0, 3, 1.2, 2),
('CV990', 'C', 'V', '3HATI ', 0, 3, 1.2, 2),
('CV991', 'C', 'V', '8AD MOZA*', 0, 3, 1, 3),
('CV992', 'C', 'V', 'BULAT 14AD*', 0, 2, 1.37, 2),
('CV993', 'C', 'V', '9AD UNGU PINK*', 0, 3, 0.9, 3),
('CV994', 'C', 'V', 'BLT AD*', 0, 3, 1.15, 3),
('CV995', 'C', 'V', 'KUPU 1AD*', 0, 2, 0.88, 2),
('CV996', 'C', 'V', 'OMBAK AD PINK*', 0, 2, 1.26, 2),
('CV997', 'C', 'V', 'AD PINK+BIRU*', 0, 2, 1.53, 3),
('CV998', 'C', 'V', '2 AD TUMPUK ULIR*', 0, 2, 1.4, 3),
('CV999', 'C', 'V', 'PTH AD', 3, 3, 1.4, 3),
('DV001', 'D', 'V', 'CAT MIKI', 3, 2, 0.95, 3),
('DV002', 'D', 'V', 'CAT PONI 2AD', 3, 2, 0.98, 3),
('DV003', 'D', 'V', 'CAT PONI 2AD', 3, 2, 0.97, 3),
('DV004', 'D', 'V', 'CAT HK 2AD', 3, 2, 1.17, 3),
('DV005', 'D', 'V', 'HK FULL AD', 3, 2, 0.95, 3),
('DV006', 'D', 'V', 'CAT HK', 3, 2, 0.94, 3),
('DV007', 'D', 'V', 'CAT HK', 3, 2, 0.98, 3),
('DV008', 'D', 'V', 'CAT HK 2AD', 3, 2, 1.14, 3),
('DV009', 'D', 'V', 'CAT HK 2AD', 3, 2, 1.07, 3),
('DV010', 'D', 'V', 'CAT STROBERI 1AD', 3, 2, 1.1, 3),
('DV011', 'D', 'V', 'HK FULL AD', 3, 2, 1.07, 3),
('DV012', 'D', 'V', 'CAT TSUM 2AD', 3, 2, 1.18, 3),
('DV013', 'D', 'V', 'CAT TSUM 2AD', 3, 2, 1.13, 3),
('DV014', 'D', 'V', 'CAT STROBERI 1AD', 3, 2, 1.04, 3),
('DV015', 'D', 'V', 'CAT TIMBUL DORA', 3, 2, 0.55, 3),
('DV016', 'D', 'V', 'CAT TIMBUL DORA', 3, 2, 0.54, 3),
('DV017', 'D', 'V', 'CAT TIMBUL HK', 3, 2, 0.5, 3),
('DV018', 'D', 'V', 'CAT TIMBUL HK', 3, 2, 0.51, 3),
('DV019', 'D', 'V', 'CAT TIMBUL HK', 3, 2, 0.55, 3),
('DV020', 'D', 'V', 'CAT TIMBUL HK', 3, 2, 0.56, 3),
('DV021', 'D', 'V', 'CAT TIMBUL STROBERI', 3, 2, 0.52, 3),
('DV0211', 'D', 'V', 'MIKI CAT 1AD*', 3, 3, 0.95, 3),
('DV0212', 'D', 'V', 'BUNGA AD PUTIK*', 0, 3, 0.7, 2),
('DV0213', 'D', 'V', 'KUPU FULL AD', 0, 3, 0.9, 3),
('DV0214', 'D', 'V', 'POOH CAT 2AD', 3, 3, 1.08, 2),
('DV0215', 'D', 'V', 'HATI FULL AD*', 0, 3, 0.7, 2),
('DV0216', 'D', 'V', 'MICKEY CAT*', 0, 2, 1, 2),
('DV0217', 'D', 'V', 'STRAWBERRY CAT*', 0, 2, 1.1, 2),
('DV0218', 'D', 'V', 'BUNGA 7AD*', 3, 3, 0.98, 3),
('DV0219', 'D', 'V', 'HK TIMBUL CAT', 3, 2, 0.55, 2),
('DV0220', 'D', 'V', 'BUNGA AD*', 0, 3, 0.7, 2),
('DV0221', 'D', 'V', 'HATI FULL AD', 0, 3, 0.7, 2),
('DV0222', 'D', 'V', 'MIKI CAT 2AD', 3, 3, 0.88, 3),
('DV0223', 'D', 'V', 'MERI', 3, 3, 0.55, 3),
('DV0224', 'D', 'V', 'HK AD', 3, 3, 0.95, 2),
('DV0225', 'D', 'V', 'DORA', 3, 2, 0.53, 2),
('DV0226', 'D', 'V', 'HK CAT SALIPAN*', 3, 3, 1, 2),
('DV0227', 'D', 'V', 'MIKI CAT 2AD*', 3, 3, 0.88, 2),
('DV0228', 'D', 'V', 'PONI CAT PTH MRH 2AD', 3, 2, 1.02, 2),
('DV0229', 'D', 'V', 'PONI CAT PTH PINK 2AD', 3, 2, 0.93, 2),
('DV023', 'D', 'V', 'STAMP HK', 3, 2, 0.53, 1),
('DV0230', 'D', 'V', 'PONI CAT PTH HIJ 2AD', 3, 2, 0.98, 2),
('DV0231', 'D', 'V', 'PONI CAT PINK', 3, 2, 0.57, 2),
('DV0232', 'D', 'V', 'PONI CAT KUNING', 3, 2, 0.57, 2),
('DV0233', 'D', 'V', 'PONI CAT PTH UNGU', 3, 2, 0.54, 2),
('DV0234', 'D', 'V', 'DORAEMON CAT', 3, 2, 0.58, 2),
('DV0235', 'D', 'V', 'ESKRIM CAT 1AD', 3, 2, 0.97, 2),
('DV024', 'D', 'V', 'STAMP HK', 3, 2, 0.53, 3),
('DV025', 'D', 'V', 'CAT MIKI 2AD', 3, 2, 1.1, 3),
('DV026', 'D', 'V', 'CAT MIKI 2AD', 3, 2, 1.1, 3),
('DV027', 'D', 'V', 'CAT STRO 2AD', 3, 2, 1.15, 3),
('DV028', 'D', 'V', 'CAT STRO 2AD', 3, 2, 1.07, 3),
('DV029', 'D', 'V', 'STAMP MIKI', 3, 2, 0.51, 1),
('DV030', 'D', 'V', 'STAMP MIKI', 3, 2, 0.53, 1),
('DV031', 'D', 'V', 'HATI 1AD', 0, 2, 0.6, 3),
('DV032', 'D', 'V', 'KUPU 1AD', 0, 2, 0.61, 3),
('DV033', 'D', 'V', 'BULAT 1AD', 0, 2, 0.82, 3),
('DV034', 'D', 'V', 'BULAT 1AD', 0, 2, 0.81, 2),
('DV035', 'D', 'V', 'KUPU 1AD', 0, 2, 0.62, 3),
('DV036', 'D', 'V', 'KUPU 1AD', 0, 2, 0.6, 3),
('DV037', 'D', 'V', 'HATI AD', 0, 3, 0.75, 3),
('DV038', 'D', 'V', 'BUNGA AD', 1, 3, 0.72, 3),
('DV039', 'D', 'V', 'KUPU AD', 0, 3, 0.92, 3),
('DV040', 'D', 'V', 'CAT TIMBUL HK', 1, 2, 0.5, 3),
('DV041', 'D', 'V', 'HK CAT', 1, 3, 0.6, 3),
('DV042', 'D', 'V', 'HATI AD', 0, 3, 0.85, 2),
('DV043', 'D', 'V', 'KUPU AD', 0, 3, 0.9, 3),
('DV044', 'D', 'V', 'HATI AD PINK', 0, 3, 0.75, 3),
('DV045', 'D', 'V', 'HATI AD PINK', 0, 3, 0.8, 2),
('DV046', 'D', 'V', 'KUPU AD', 0, 3, 0.9, 3),
('DV047', 'D', 'V', 'BNK CAT KUNING', 3, 3, 1.05, 3),
('DV048', 'D', 'V', 'SPIDER CAT', 3, 3, 1.1, 2),
('DV049', 'D', 'V', 'MICKEY CAT MERAH', 3, 3, 1, 3),
('DV050', 'D', 'V', 'KUDAPONI CAT PINK', 3, 3, 1.15, 3),
('DV051', 'D', 'V', 'HK CAT', 3, 3, 1, 3),
('DV052', 'D', 'V', 'BNK CAT PTH PINK', 3, 3, 1.1, 3),
('DV053', 'D', 'V', 'POOH CAT MRH KNING', 3, 3, 1, 3),
('DV054', 'D', 'V', 'MICKEY CAT', 3, 3, 0.95, 3),
('DV055', 'D', 'V', 'DORA CAT', 3, 3, 1.05, 3),
('DV056', 'D', 'V', 'AD BIRU', 3, 3, 1.15, 3),
('DV057', 'D', 'V', 'AD PTH', 3, 3, 1.05, 3),
('DV058', 'D', 'V', 'BUNGA AD', 3, 3, 1.05, 3),
('DV059', 'D', 'V', 'CAT MERI', 3, 3, 0.6, 3),
('DV060', 'D', 'V', 'CAT HK', 3, 3, 0.6, 3),
('DV061', 'D', 'V', '1 AD', 3, 3, 1, 3),
('DV062', 'D', 'V', 'CAT TSUM', 3, 3, 1.2, 3),
('DV063', 'D', 'V', 'HATI AD SALIPAN', 0, 3, 0.8, 3),
('DV064', 'D', 'V', 'HATI FULL AD', 0, 3, 0.75, 3),
('DV065', 'D', 'V', 'KUPU FULL AD', 0, 3, 0.9, 3),
('DV066', 'D', 'V', 'KUPU FULL AD', 0, 3, 0.9, 3),
('DV067', 'D', 'V', 'BUNGA FULL AD', 0, 3, 0.75, 3),
('DV068', 'D', 'V', 'BUNGA FULL AD', 0, 3, 0.75, 3),
('DV069', 'D', 'V', 'HATI FULL AD', 0, 3, 0.75, 3),
('DV070', 'D', 'V', 'CAT TIGER SALIPAN 2AD', 2, 3, 1.05, 3),
('DV071', 'D', 'V', 'CAT DORA 2AD SALIPAN', 2, 3, 1.1, 3),
('DV072', 'D', 'V', 'BNK CAT 2AD SALIPAN', 2, 3, 1.2, 3),
('DV073', 'D', 'V', 'CAT DORA', 9, 3, 1.3, 3),
('DV074', 'D', 'V', 'DORA CAT *', 3, 3, 1.05, 3),
('DV075', 'D', 'V', 'MICKEY CAT 2AD', 2, 3, 0.9, 3),
('DV076', 'D', 'V', 'MICKEY CAT', 3, 3, 1.05, 3),
('DV077', 'D', 'V', 'POOH CAT', 3, 3, 1.09, 3),
('DV078', 'D', 'V', '1AD BIRU', 3, 3, 0.9, 3),
('DV079', 'D', 'V', 'DORA CAT', 3, 3, 1.07, 3),
('DV080', 'D', 'V', 'HK CAT', 3, 3, 0.98, 3),
('DV081', 'D', 'V', 'MIKI CAT', 0, 2, 0.9, 3),
('DV082', 'D', 'V', 'MIKI CAT', 0, 2, 0.9, 3),
('DV083', 'D', 'V', 'HK FULL AD', 3, 3, 1, 3),
('DV084', 'D', 'V', 'BUNGA FULL AD', 3, 3, 0.71, 3),
('DV085', 'D', 'V', 'BUNGA VAR PTH', 3, 3, 1, 3),
('DV086', 'D', 'V', 'VAR PTH BNGA AD', 3, 3, 0.92, 3),
('DV087', 'D', 'V', 'HK FULL AD', 3, 3, 0.94, 3),
('DV088', 'D', 'V', 'VAR PTH HATI AD', 3, 3, 0.95, 3),
('DV089', 'D', 'V', 'MERI CAT*', 3, 3, 0.6, 3),
('DV090', 'D', 'V', 'PITA FULL AD SALIPAN', 0, 3, 0.9, 3),
('DV091', 'D', 'V', 'PITA FULL AD SALIPAN', 0, 3, 0.91, 3),
('DV092', 'D', 'V', 'PITA FULL AD SALIPAN', 0, 3, 0.9, 3),
('DV093', 'D', 'V', 'PITA FULL AD SALIPAN', 0, 3, 0.9, 3),
('DV094', 'D', 'V', 'KUPU FULL AD SALIPAN', 0, 3, 0.83, 3),
('DV095', 'D', 'V', 'KUPU FULL AD SALIPAN', 0, 3, 0.87, 3),
('DV096', 'D', 'V', 'HATI FULL AD SALIPAN', 0, 3, 0.7, 3),
('DV097', 'D', 'V', 'HATI FULL AD SALIPAN', 0, 3, 0.69, 3),
('DV098', 'D', 'V', 'BUNGA FULL AD SALIPAN', 0, 3, 0.7, 3),
('DV099', 'D', 'V', '2 HATI AD PINK SALIPAN', 0, 3, 0.76, 3),
('DV100', 'D', 'V', '2 HATI AD PINK SALIPAN', 0, 3, 0.75, 3),
('DV101', 'D', 'V', 'HK FULL AD*', 3, 2, 0.95, 3),
('DV102', 'D', 'V', 'STAMP HK*', 3, 2, 0.53, 3),
('DV103', 'D', 'V', 'BUNGA FULL AD*', 0, 3, 0.7, 3),
('DV104', 'D', 'V', 'BUNGA FULL AD', 0, 3, 0.7, 3),
('DV105', 'D', 'V', 'HATI FULL AD', 0, 3, 0.69, 3),
('DV106', 'D', 'V', 'HK AD*', 3, 3, 1, 3),
('DV107', 'D', 'V', 'KUPU AD', 0, 3, 0.83, 3),
('DV108', 'D', 'V', 'MELODY CAT*', 2, 3, 1.06, 3),
('DV109', 'D', 'V', 'BUNGA FULL AD', 0, 3, 0.69, 3),
('DV110', 'D', 'V', 'BUNGA AD* CU', 3, 3, 0.98, 4),
('DV112', 'D', 'V', 'BUNGA 1AD*', 0, 2, 0.6, 3),
('DV113', 'D', 'V', 'KUPU AD', 0, 3, 0.86, 3),
('DV114', 'D', 'V', 'H', 3, 3, 0.91, 3),
('DV115', 'D', 'V', 'STRO CAT 2AD*', 0, 2, 1.08, 3),
('DV116', 'D', 'V', 'BUNGA AD*', 0, 3, 0.69, 2),
('DV117', 'D', 'V', 'PITA CAT', 0, 3, 0.87, 3),
('DV118', 'D', 'V', 'HATI FULL AD', 0, 3, 0.68, 3),
('DV119', 'D', 'V', 'HATI FULL AD', 0, 3, 0.67, 3),
('DV120', 'D', 'V', 'BUNGA PUTIK AD', 0, 3, 0.74, 3),
('DV121', 'D', 'V', 'BUNGA PUTIK AD', 0, 3, 0.73, 3),
('DV122', 'D', 'V', 'BUNGA PUTIK AD', 0, 3, 0.71, 3),
('DV123', 'D', 'V', 'PONI PINK 2AD', 0, 2, 1.13, 3),
('DV124', 'D', 'V', 'CONI CAT', 0, 2, 1.16, 3),
('DV125', 'D', 'V', 'KUPU AD PINK BIRU', 3, 2, 1.02, 3),
('DV126', 'D', 'V', 'HK TIMBUL*', 3, 2, 0.53, 3),
('DV127', 'D', 'V', 'KUPU FULL AD*', 0, 3, 0.81, 3),
('DV128', 'D', 'V', 'HATI FULL AD*', 0, 3, 0.69, 3),
('DV129', 'D', 'V', 'BUNGA FULL AD', 0, 3, 0.69, 3),
('DV130', 'D', 'V', 'STRAW CAT TIMBUL', 3, 2, 0.51, 3),
('DV131', 'D', 'V', 'TSUM2 CAT AD', 3, 3, 1.15, 3),
('DV132', 'D', 'V', 'HK CAT', 3, 2, 0.96, 3),
('DV133', 'D', 'V', 'HATI FULL AD', 0, 3, 0.67, 3),
('DV134', 'D', 'V', 'HATI FULL AD', 0, 3, 0.68, 3),
('DV135', 'D', 'V', 'HATI FULL AD', 0, 3, 0.69, 3),
('DV136', 'D', 'V', 'BLT 1AD', 0, 2, 0.81, 2),
('DV137', 'D', 'V', 'BUNGA AD*', 0, 2, 0.6, 3),
('DV138', 'D', 'V', 'KUPU AD*', 0, 3, 0.83, 3),
('DV139', 'D', 'V', 'DORA VAT 2AD', 3, 3, 1.07, 3),
('DV140', 'D', 'V', 'TSUM CAT*', 3, 3, 1.16, 3),
('DV141', 'D', 'V', 'BUNGA AD+PUTIK *DV121', 0, 3, 0.73, 3),
('DV142', 'D', 'V', 'BUNGA FULL AD', 0, 3, 0.69, 3),
('DV143', 'D', 'V', 'BUNGA FULL AD', 0, 3, 0.69, 3),
('DV144', 'D', 'V', 'KUPU AD*', 0, 3, 0.85, 3),
('DV145', 'D', 'V', 'PITA AD*', 3, 3, 0.87, 3),
('DV146', 'D', 'V', 'BUNGA AD', 0, 3, 0.69, 3),
('DV147', 'D', 'V', 'HATI CAT 2AD', 3, 2, 0.99, 3),
('DV148', 'D', 'V', 'STRAWBERRY 1AD CAT', 3, 2, 0.96, 3),
('DV149', 'D', 'V', 'CAKE 2AD CAT', 3, 2, 1.08, 3),
('DV150', 'D', 'V', 'HATI AD PINK', 0, 3, 0.68, 3),
('DV151', 'D', 'V', '(B) HK CAT *DV060', 3, 3, 0.53, 3),
('DV152', 'D', 'V', 'HATI AD PINK', 0, 3, 0.67, 3),
('DV153', 'D', 'V', 'HK AD', 2, 3, 0.97, 3),
('DV154', 'D', 'V', '(B) KUPU AD', 0, 3, 0.85, 3),
('DV155', 'D', 'V', 'HATI AD PINK', 0, 3, 0.68, 3),
('DV156', 'D', 'V', 'PITA AD', 0, 3, 0.86, 3),
('DV157', 'D', 'V', 'BUNGA AD*', 0, 3, 0.69, 3),
('DV158', 'D', 'V', 'HK AD*', 3, 3, 0.97, 3),
('DV159', 'D', 'V', 'BUNGA PUTIK AD', 0, 3, 0.69, 3),
('DV160', 'D', 'V', 'BUNGA AD', 3, 3, 0.95, 3),
('DV161', 'D', 'V', 'DORA 2AD', 3, 3, 1.07, 3),
('DV162', 'D', 'V', 'KUDA PONI PINK*', 3, 2, 1.13, 3),
('DV163', 'D', 'V', 'BUNGA AD', 0, 3, 0.68, 3),
('DV164', 'D', 'V', 'KUPU AD', 0, 3, 0.84, 3),
('DV165', 'D', 'V', 'KUPU CAT AD PINK BIRU', 3, 2, 1, 3),
('DV166', 'D', 'V', '(B) HK CAT', 3, 2, 0.92, 3),
('DV167', 'D', 'V', 'HATI AD', 0, 3, 0.67, 3),
('DV168', 'D', 'V', '1AD BIRU', 3, 3, 1.07, 2),
('DV169', 'D', 'V', 'MICKEY CAT 2AD', 3, 3, 0.87, 3),
('DV170', 'D', 'V', 'PITA AD*', 0, 3, 0.86, 3),
('DV171', 'D', 'V', 'TSUM CAT', 3, 2, 1.2, 3),
('DV172', 'D', 'V', 'PITA AD', 0, 3, 0.86, 3),
('DV174', 'D', 'V', 'ESKRIM CAT 1AD*', 3, 2, 0.96, 2),
('DV175', 'D', 'V', 'CUPCAKE CAT 2AD*', 3, 2, 1.08, 3),
('DV176', 'D', 'V', '(B)HK CAT*', 3, 3, 0.55, 3),
('DV177', 'D', 'V', '1AD BIRU*', 3, 3, 0.9, 3),
('DV178', 'D', 'V', 'PITA AD*', 0, 3, 0.88, 3),
('DV179', 'D', 'V', 'HATI FULL AD', 0, 3, 0.7, 3),
('DV180', 'D', 'V', '(B) KEPALA MICKEY', 2, 3, 0.9, 2),
('DV181', 'D', 'V', 'BUNGA AD', 0, 3, 0.7, 3),
('DV182', 'D', 'V', 'KUPU AD', 0, 3, 0.82, 3),
('DV183', 'D', 'V', 'TIGER CAT AD', 3, 2, 1.02, 2),
('DV184', 'D', 'V', 'MELODI CAT AD', 3, 2, 1.08, 2),
('DV185', 'D', 'V', 'MINIE CAT AD', 3, 2, 1.1, 3),
('DV186', 'D', 'V', 'DORAEMON CAT AD', 3, 2, 1.08, 3),
('DV187', 'D', 'V', 'PONI CAT PTH AD', 3, 2, 1.03, 3),
('DV188', 'D', 'V', 'PONI BIRU AD', 3, 2, 0.55, 3),
('DV189', 'D', 'V', 'PONI PTH', 3, 2, 0.55, 3),
('DV190', 'D', 'V', 'PONI PINK', 3, 2, 0.6, 3),
('DV191', 'D', 'V', 'KELINCI CATT', 3, 2, 0.55, 3),
('DV192', 'D', 'V', '1AD BIRU*', 3, 3, 0.93, 2),
('DV193', 'D', 'V', 'PITA FULL AD', 0, 3, 0.92, 3),
('DV194', 'D', 'V', 'HATI FULL AD', 0, 3, 0.72, 3),
('DV195', 'D', 'V', '(B) CAT HK*', 3, 2, 1, 2),
('DV196', 'D', 'V', 'BUNGA 1AD*', 0, 2, 0.63, 3),
('DV197', 'D', 'V', 'MIKI CAT 1AD', 3, 3, 0.95, 3),
('DV198', 'D', 'V', 'HK CAT 2AD', 3, 3, 1, 3),
('DV199', 'D', 'V', 'HK CAT', 3, 3, 1.05, 3),
('DV200', 'D', 'V', 'STROBERI CAT 2AD', 3, 3, 1, 2),
('DV201', 'D', 'V', 'BNK CAT', 3, 3, 0.6, 3),
('DV202', 'D', 'V', 'HK CAT', 3, 3, 0.6, 3),
('DV203', 'D', 'V', 'HK CAT 2AD', 3, 3, 1.12, 3),
('DV204', 'D', 'V', '1AD PTH', 3, 3, 1.07, 2),
('DV205', 'D', 'V', 'DORAEMON CAT 2AD', 3, 3, 1.12, 2),
('DV206', 'D', 'V', 'MELODI CAT 2AD', 3, 3, 1.12, 2),
('DV207', 'D', 'V', 'PONI CAT PINK', 0, 2, 0.6, 3),
('DV208', 'D', 'V', 'PONI CAT BIRU', 0, 2, 0.6, 3),
('DV209', 'D', 'V', 'BEBEK CAT 3AD', 3, 2, 1.1, 2),
('DV210', 'D', 'V', 'STROBERI 1AD', 3, 2, 1.16, 2),
('GB001', 'G', 'B', 'VAR PUTIH', 3, 2, 5.05, 2),
('GB002', 'G', 'B', 'VAR PUTIH', 3, 2, 5.04, 2),
('GB003', 'G', 'B', 'VAR PUTIH', 0, 2, 5.11, 2),
('GB004', 'G', 'B', 'VAR PUTIH', 0, 2, 5.05, 3),
('GB005', 'G', 'B', 'VAR KOTAK', 1, 2, 4.43, 3),
('GB006', 'G', 'B', 'VAR KOTAK', 1, 2, 4.64, 3),
('GB007', 'G', 'B', 'VAR KOTAK', 1, 2, 4.52, 3),
('GB008', 'G', 'B', 'VAR PITA', 0, 2, 7.12, 3),
('GB009', 'G', 'B', 'VAR BAMBU PTH', 0, 2, 3.33, 3),
('GB010', 'G', 'B', 'VAR BAMBU PTH', 0, 2, 3.36, 3),
('GB011', 'G', 'B', 'VAR BAMBU PTH', 0, 2, 3.2, 3),
('GB012', 'G', 'B', 'VAR PUTIH', 0, 2, 5.25, 3),
('GB013', 'G', 'B', 'VAR PUTIH', 0, 2, 5.23, 3),
('GB018', 'G', 'B', 'OVAL VAR PTH MRH BTG', 0, 2, 3.14, 3),
('GB019', 'G', 'B', 'C VAR MRH PTH BTG', 0, 2, 3.12, 3),
('GB020', 'G', 'B', 'C VAR MRH PTH BTG', 0, 2, 3.18, 3),
('GB021', 'G', 'B', 'OVAL 2BOLA PASIRAN PISAH', 0, 2, 4.24, 3),
('GB022', 'G', 'B', 'OVAL 2BOLA PASIRAN PISAH', 0, 2, 4.14, 3),
('GB023', 'G', 'B', 'OVAL 2BOLA AD', 0, 2, 6.07, 3),
('GB026', 'G', 'B', 'OVAL 2BOLA PASIRAN SILANG', 0, 2, 3.6, 3),
('GB028', 'G', 'B', 'OVAL 7BOLA 3 WNA', 0, 2, 3.89, 3),
('GB030', 'G', 'B', 'OVAL 7BOLA 3WNA', 0, 2, 5.04, 3),
('GB031', 'G', 'B', 'OVAL 7BOLA 3WNA PASIRAN', 0, 2, 4.16, 3),
('GB032', 'G', 'B', 'OVAL FULL BOTORAN 3WNA', 0, 2, 4.67, 3),
('GB033', 'G', 'B', 'OVAL CARTIER', 0, 2, 4.49, 3),
('GB034', 'G', 'B', 'OVAL CARTIER', 0, 2, 4.61, 3),
('GB035', 'G', 'B', 'OVAL CARTIER 3WNA', 0, 2, 14.2, 3),
('GB036', 'G', 'B', 'OVAL ROMAWI AD', 0, 2, 5.38, 3),
('GB037', 'G', 'B', 'OVAL ROMAWI AD', 0, 2, 5.51, 3),
('GB0370', 'G', 'B', 'OVAL CARTIER*', 0, 2, 4.5, 3),
('GB0371', 'G', 'B', '(B) OVAL BNGA AD*', 0, 2, 3.07, 2),
('GB0372', 'G', 'B', 'OVAL 9BOLA MOZA*', 0, 2, 3.98, 2),
('GB0373', 'G', 'B', 'OVAL PAKU TUMPUK AD', 0, 2, 6.15, 3),
('GB0374', 'G', 'B', 'AD PINK', 0, 2, 4.05, 2),
('GB0375', 'G', 'B', 'OVAL CARTIER 6CM*', 0, 2, 4.58, 3),
('GB0376', 'G', 'B', 'OVAL CARTIER 6CM*', 0, 2, 4.83, 3),
('GB0377', 'G', 'B', 'OVAL PITA AD', 0, 2, 7.2, 2),
('GB0378', 'G', 'B', 'OVAL 3KUPU STGH AD*', 0, 2, 3.05, 3),
('GB0379', 'G', 'B', 'OVAL KUPU BOTORAN*', 0, 2, 5.1, 3),
('GB038', 'G', 'B', 'OVAL AD BIRU', 0, 2, 5.63, 3),
('GB0380', 'G', 'B', 'OVAL AD', 0, 2, 5.62, 3),
('GB0381', 'G', 'B', 'OVAL WAJIK FULL AD*RETUR', 0, 2, 7.98, 4),
('GB0382', 'G', 'B', 'OVAL BUNGA FULL AD', 0, 2, 7, 2),
('GB0383', 'G', 'B', '(B) OVAL DAUN AD PINK*', 0, 2, 6.47, 2),
('GB0384', 'G', 'B', 'OVAL 2BOLA PASIRAN*', 0, 2, 4.18, 2),
('GB0385', 'G', 'B', 'OVAL T SALIPN*', 0, 2, 3.76, 2),
('GB0386', 'G', 'B', '(B) BNGA AD*', 0, 2, 2.95, 2),
('GB0387', 'G', 'B', 'OVAL 7BOLA PSIRAN* 3WNA', 0, 2, 4.8, 2),
('GB0388', 'G', 'B', 'OVAL MIKI AD SALIPAN', 0, 2, 3.2, 3),
('GB0389', 'G', 'B', 'HATI BTG AD 1MN GYNG*', 0, 2, 4.03, 2),
('GB039', 'G', 'B', 'OVAL VAR AD ', 0, 2, 7.31, 3),
('GB0390', 'G', 'B', 'OVAL MIKI CAT HTM CANTOLA', 0, 2, 4.96, 3),
('GB0391', 'G', 'B', 'OVAL MIKI CAT HTM PISAH 1', 0, 2, 4.23, 3),
('GB0392', 'G', 'B', 'BOT MOZA 3WNA', 0, 2, 4.65, 2),
('GB0393', 'G', 'B', 'OVAL 7BOLA PASIR+MOZA*', 0, 2, 4.1, 2),
('GB0394', 'G', 'B', 'OVAL CARTIER*', 0, 2, 4.61, 2),
('GB0395', 'G', 'B', 'OVAL CARTIER*', 0, 2, 4.81, 2),
('GB040', 'G', 'B', 'OVAL VAR CAT AD', 0, 2, 8.42, 3),
('GB041', 'G', 'B', 'OVAL RANTAI VAR AD', 0, 2, 5.42, 3),
('GB042', 'G', 'B', 'OVAL PAKU AD', 0, 2, 6.39, 3),
('GB044', 'G', 'B', 'OVAL KUPU AD GOYANG', 0, 2, 3.99, 3),
('GB045', 'G', 'B', 'OVAL 3 KUPU AD', 0, 2, 3.04, 3),
('GB046', 'G', 'B', 'OVAL PITA AD GOYANG', 0, 2, 4.27, 3),
('GB047', 'G', 'B', 'OVAL H PISAH', 0, 2, 4.09, 3),
('GB048', 'G', 'B', 'OVAL C AD', 0, 2, 3.63, 3),
('GB049', 'G', 'B', 'OVAL ULIR BESAR VAR PUTIH', 0, 2, 6.15, 3),
('GB051', 'G', 'B', 'OVAL DAUN VAR PTH AD', 1, 2, 8.12, 3),
('GB052', 'G', 'B', 'OVAL DAUN VAR PTH AD PINK', 2, 2, 5.55, 3),
('GB053', 'G', 'B', 'OVAL PITA LBG AD', 0, 2, 7.19, 3),
('GB055', 'G', 'B', 'OVAL PANDA CAT', 6, 2, 4.72, 3),
('GB056', 'G', 'B', 'OVAL BOTORAN CAT', 6, 2, 7.77, 3),
('GB057', 'G', 'B', 'VAR PTH+AD PINK', 2, 2, 7.01, 3),
('GB058', 'G', 'B', 'VAR PTH+AD', 0, 2, 4.05, 3),
('GB059', 'G', 'B', 'VAR AD PINK', 0, 2, 4.04, 3),
('GB060', 'G', 'B', 'VAR PTH+AD PINK', 0, 2, 5.02, 3),
('GB061', 'G', 'B', 'VAR PTH+AD PINK GELOMBANG', 0, 2, 5.95, 2),
('GB062', 'G', 'B', 'VAR BUNGA AD', 0, 2, 3.1, 3),
('GB063', 'G', 'B', 'VAR PTH+AD PINK', 0, 2, 5, 3),
('GB064', 'G', 'B', 'VAR PTH DIAMOND AD PINK', 0, 2, 5.06, 3),
('GB065', 'G', 'B', 'VAR PTH AD PINK', 0, 2, 4.08, 3),
('GB066', 'G', 'B', 'VAR PTH AD PINK', 0, 2, 7.06, 2),
('GB067', 'G', 'B', 'VAR PTH AD PINK', 0, 2, 5.04, 3),
('GB068', 'G', 'B', 'VAR PTH AD PINK', 0, 2, 6.06, 3),
('GB069', 'G', 'B', 'VAR PTH PER AD HTM', 2, 2, 8.25, 3),
('GB071', 'G', 'B', 'OVAL STGH PIPA FULL AD', 0, 3, 5.23, 3),
('GB072', 'G', 'B', 'OVAL PAKU AD', 0, 3, 6.05, 3),
('GB073', 'G', 'B', 'OVAL CARTIER AD', 0, 3, 6.91, 3),
('GB074', 'G', 'B', 'OVAL 2 BLT AD', 0, 3, 5.68, 3),
('GB075', 'G', 'B', 'OVAL BLT AD', 2, 3, 6.1, 3),
('GB076', 'G', 'B', 'OVAL 2BOLA PASIRAN PISAH', 0, 2, 4.28, 3),
('GB077', 'G', 'B', 'OVAL PAKU TUSUK 7 AD', 0, 2, 6.26, 3),
('GB078', 'G', 'B', 'OVAL BUNGA AD', 0, 2, 3.06, 3),
('GB079', 'G', 'B', 'MOZAIK', 1, 2, 2.28, 3),
('GB080', 'G', 'B', 'OVAL TABUNG AD', 0, 3, 5.22, 3),
('GB081', 'G', 'B', 'VAR PTH MOZAIK 34AD *GB05', 0, 2, 4.05, 3),
('GB082', 'G', 'B', 'CARTIER', 0, 2, 4.92, 3),
('GB083', 'G', 'B', 'CARTIER', 1, 2, 6.78, 3),
('GB084', 'G', 'B', 'OVAL PAKU KOTAK AD', 2, 3, 6.04, 3),
('GB085', 'G', 'B', 'OVAL 7BOLA MOZAIK 3WNA', 0, 2, 4, 3),
('GB086', 'G', 'B', 'OVAL 6BOLA KCL 1BOLA BSR ', 0, 2, 5, 3),
('GB087', 'G', 'B', 'BULAT 11BOLA 3WNA', 0, 2, 4.4, 3),
('GB088', 'G', 'B', 'OVAL 1HATI 2BOLA MOZAIK', 0, 2, 3.46, 3),
('GB089', 'G', 'B', 'OVAL PAKU AD', 0, 2, 6.4, 3),
('GB090', 'G', 'B', 'OVAL VAR PTH SEGIENAM', 3, 2, 7.25, 3),
('GB091', 'G', 'B', 'OVAL GELOMBANG AD', 0, 3, 8.25, 3),
('GB092', 'G', 'B', 'OVAL CARTIER AD', 1, 3, 5.2, 3),
('GB093', 'G', 'B', 'OVAL PERSEGI PJG AD', 0, 3, 5.21, 3),
('GB094', 'G', 'B', 'OVAL 3 BLT PASIRAN 3 WNA ', 0, 2, 4.25, 3),
('GB095', 'G', 'B', 'OVAL BOTORAN 3 WNA', 0, 2, 4.65, 3),
('GB097', 'G', 'B', 'OVAL BLT VAR PTH BOTORAN', 10, 3, 5.9, 3),
('GB098', 'G', 'B', 'OVAL 2 MICKEY AD', 10, 3, 4.5, 3),
('GB099', 'G', 'B', 'OVAL 7BOLA 3WNA PASIRAN', 0, 2, 4.35, 3),
('GB100', 'G', 'B', 'OVAL BUNGA AD', 0, 2, 3, 3),
('GB101', 'G', 'B', 'OVAL VAR PTH KUPU AD', 0, 2, 5.1, 3),
('GB102', 'G', 'B', 'OVAL VAR PTH MRH BTG', 0, 2, 3.14, 3),
('GB103', 'G', 'B', 'VAR PTH', 8, 3, 3.05, 3),
('GB104', 'G', 'B', 'VAR PTH', 8, 3, 3.05, 3),
('GB105', 'G', 'B', 'VAR PTH', 8, 3, 3, 3),
('GB106', 'G', 'B', 'VAR PTH', 8, 3, 3.05, 3),
('GB107', 'G', 'B', 'VAR PTH', 8, 3, 3, 3),
('GB108', 'G', 'B', 'VAR PTH', 8, 3, 3.05, 3),
('GB109', 'G', 'B', 'VAR KOTAK', 1, 3, 2.7, 3),
('GB110', 'G', 'B', 'VAR KOTAK', 1, 3, 2.82, 3),
('GB111', 'G', 'B', 'VAR KOTAK', 1, 3, 2.65, 3),
('GB112', 'G', 'B', 'VAR KOTAK', 1, 3, 2.7, 3),
('GB113', 'G', 'B', 'VAR KOTAK', 1, 3, 2.71, 3),
('GB114', 'G', 'B', 'OVAL 2BOLA PASIRAN PISAH', 0, 2, 4.14, 3),
('GB115', 'G', 'B', 'VAR PTH +AD *GB063', 0, 2, 5, 3),
('GB116', 'G', 'B', 'OVAL TABUNG FULL AD *GB08', 0, 3, 5.22, 3),
('GB117', 'G', 'B', 'OVAL 7BOLA 3WNA PASIRAN', 0, 2, 4, 3),
('GB118', 'G', 'B', 'OVAL RANTAI CARTIER AD', 0, 3, 6.8, 3),
('GB119', 'G', 'B', 'OVAL ULIR BOT MOZAIK + PA', 0, 3, 3.4, 3),
('GB120', 'G', 'B', 'OVAL BUNGA AD PINK', 0, 3, 2.9, 3),
('GB121', 'G', 'B', 'DAUN LBG AD', 0, 3, 7.8, 2),
('GB122', 'G', 'B', 'DAUN LBG AD MOZAIK', 0, 3, 8.5, 3),
('GB123', 'G', 'B', 'OVAL 2 BNG ', 0, 2, 3, 3),
('GB124', 'G', 'B', 'OVAL RANTE AD', 0, 3, 7, 3),
('GB125', 'G', 'B', 'OVAL PERSEGI PANJANG AD', 0, 3, 5.15, 3),
('GB126', 'G', 'B', 'OVAL AD BIRU *', 0, 2, 5.65, 3),
('GB127', 'G', 'B', 'VAR PTH AD PINK MERAH*', 3, 2, 5.1, 2),
('GB128', 'G', 'B', 'ULIR LAPIS 1BLT 2KTK AD', 0, 3, 3.8, 3),
('GB130', 'G', 'B', 'KUPU RAINBOW', 0, 2, 5.95, 3),
('GB131', 'G', 'B', 'CARTIER PAKU TUSUK AD', 0, 2, 8.3, 3),
('GB132', 'G', 'B', 'BUNGA FULL AD', 0, 2, 3.05, 3),
('GB133', 'G', 'B', 'PAKU AD', 0, 2, 6.45, 3),
('GB134', 'G', 'B', 'CARTIER', 0, 2, 5.05, 3),
('GB135', 'G', 'B', 'PAKU TUSUK AD', 0, 2, 6.45, 3),
('GB137', 'G', 'B', 'MOZAIK', 1, 3, 2.7, 3),
('GB138', 'G', 'B', 'OVAL 7BOLA PASIRAN 3WNA', 0, 3, 4.8, 3),
('GB139', 'G', 'B', 'OVAL 7BOLA MOZAIK+PASIRAN', 0, 3, 4.2, 3),
('GB140', 'G', 'B', 'OVAL CARTIER RANTE AD', 0, 3, 5.25, 3),
('GB141', 'G', 'B', 'OVAL BULAT FULL AD', 0, 3, 4.1, 3),
('GB142', 'G', 'B', 'OVAL ULIR LAPIS *', 0, 3, 3.8, 3),
('GB143', 'G', 'B', 'OVAL SABUK AD', 10, 3, 5.3, 3),
('GB144', 'G', 'B', '2BOLA FULL AD', 0, 2, 5.85, 3),
('GB145', 'G', 'B', 'VAR PTH GELOMBANG 0,5CM', 10, 3, 3.05, 3),
('GB146', 'G', 'B', 'VAR PTH GELOMBANG 0,5CM', 10, 3, 3.05, 3),
('GB147', 'G', 'B', 'VAR PTH GELOMBANG 0,5CM', 10, 3, 3.05, 3),
('GB148', 'G', 'B', 'VAR PTH GELOMBANG 0,5CM', 10, 3, 3, 3),
('GB149', 'G', 'B', 'VAR PTH GELOMBANG 0,5CM', 10, 3, 3, 3),
('GB150', 'G', 'B', 'VAR PTH GELOMBANG 0,5CM', 10, 3, 3, 3),
('GB151', 'G', 'B', 'VAR PTH RANTE 0.4CM', 0, 3, 3.03, 3),
('GB152', 'G', 'B', 'VAR PTH DAUN AD *', 0, 2, 8.12, 2),
('GB153', 'G', 'B', 'OVAL BUNGA AD PINK *', 0, 3, 2.9, 3),
('GB154', 'G', 'B', 'OVAL 2BOLA FULL AD*', 0, 3, 5.68, 3),
('GB155', 'G', 'B', 'OVAL BUNGA FULL AD', 0, 3, 6.25, 3),
('GB156', 'G', 'B', 'OVAL BLT FULL AD', 0, 3, 4.25, 3),
('GB157', 'G', 'B', 'OVAL AD PINK', 0, 2, 6.95, 3),
('GB158', 'G', 'B', 'OVAL 3TABUNG AD', 0, 2, 5.9, 3),
('GB159', 'G', 'B', 'OVAL DAUN AD PINK', 0, 2, 6.45, 3),
('GB160', 'G', 'B', 'OVAL 1BOLA FULL AD+1BOLA ', 0, 2, 4.45, 3),
('GB161', 'G', 'B', 'OVAL CARTIER PAKU ATAS BA', 0, 2, 7.95, 3),
('GB162', 'G', 'B', 'OVAL CARTIER PAKU', 0, 2, 6.25, 3),
('GB163', 'G', 'B', 'VAR PTH AD', 10, 3, 7, 3),
('GB164', 'G', 'B', 'OVAL HATI AD 3BTG 1AD PEN', 0, 2, 4.03, 3),
('GB165', 'G', 'B', 'OVAL 9BOLA MOZAIK 3WNA', 0, 2, 3.98, 3),
('GB166', 'G', 'B', 'OVAL \"LOVE\" 1AD PENDEMAN', 0, 3, 3.25, 3),
('GB167', 'G', 'B', 'WAJIK AD VAR PTH', 3, 3, 3.07, 3),
('GB168', 'G', 'B', 'BUNGA AD PTH +AD PINK', 3, 3, 3.02, 3),
('GB169', 'G', 'B', 'OVAL  9BOLA MOZAIK 3WNA', 0, 2, 4.02, 3),
('GB170', 'G', 'B', 'OVAL 2BOLA PASIRAN PISAH', 0, 2, 4.18, 3),
('GB171', 'G', 'B', 'OVAL 2PANAH FULL AD', 0, 2, 5.75, 3),
('GB172', 'G', 'B', 'OVAL 2KUPU AD PTH', 0, 2, 6.11, 3),
('GB173', 'G', 'B', 'OVAL 7BOLA PASIRAN+MOZA 3', 0, 2, 4.23, 3),
('GB174', 'G', 'B', 'OVAL 7BOLA 3WNA', 0, 2, 4.38, 3),
('GB175', 'G', 'B', 'DISNEY MICKEY AD PINK', 0, 2, 3.55, 3),
('GB177', 'G', 'B', 'OVAL 1HATI 2BOLA*', 0, 2, 3.46, 3),
('GB178', 'G', 'B', 'OVAL KUPU AD*', 0, 2, 3.99, 3),
('GB180', 'G', 'B', 'BUNGA AD SABUK FULL AD', 0, 3, 5.58, 3),
('GB181', 'G', 'B', 'OVAL AD PINK+RANTAI AD', 0, 3, 4.88, 3),
('GB182', 'G', 'B', 'CARTIER AD ', 0, 3, 5.63, 3),
('GB183', 'G', 'B', 'HATI AD RANTE', 0, 3, 5.2, 3),
('GB184', 'G', 'B', 'OVAL 3BOLA BSR 4BOLA KCL ', 0, 2, 4.45, 3),
('GB185', 'G', 'B', 'OVAL 2BOLA FULL AD BOTORA', 0, 2, 6.83, 3),
('GB186', 'G', 'B', 'OVAL PP AD*', 0, 3, 5.26, 3),
('GB187', 'G', 'B', 'OVAL 2BOLA PASIRAN*', 0, 2, 4.3, 3),
('GB188', 'G', 'B', 'OVAL 2BOLA PASIRAN*', 0, 2, 4.17, 3),
('GB189', 'G', 'B', '0VAL KUPU STGH FULL AD', 0, 2, 3.04, 3),
('GB190', 'G', 'B', '0VAL AD PINK ', 0, 2, 5.53, 3),
('GB191', 'G', 'B', 'DISNEY MICKEY AD', 0, 2, 3.2, 3),
('GB192', 'G', 'B', 'CARTIER', 0, 2, 4.92, 3),
('GB193', 'G', 'B', 'OVAL CARTIER', 0, 2, 4.87, 3),
('GB194', 'G', 'B', 'OVAL T SALIPAN', 0, 2, 3.75, 3),
('GB195', 'G', 'B', 'OVAL 18BOLA TUMPUK', 0, 2, 3.9, 3),
('GB196', 'G', 'B', 'OVAL HATI LBG AD', 0, 2, 3.93, 3),
('GB197', 'G', 'B', 'VAR PTH HATI MOZAIK GYG*', 0, 2, 3.6, 3),
('GB198', 'G', 'B', 'PITA AD 1MN*', 0, 2, 4.44, 3),
('GB199', 'G', 'B', 'OVAL 2 PANAH FULL AD', 0, 2, 5.77, 3),
('GB200', 'G', 'B', 'CARTIER RANTE AD*', 0, 3, 6.94, 3),
('GB201', 'G', 'B', '2BOLA ULIR AD SALIPAN*', 0, 3, 5.7, 3),
('GB202', 'G', 'B', 'LOVE 1AD', 0, 3, 3.19, 3),
('GB203', 'G', 'B', 'OVAL ULIR 4 BOTORAN TMPUK', 0, 3, 3.4, 3),
('GB204', 'G', 'B', 'OVAL 1BOLA FULL AD 1BOLA ', 10, 3, 5.79, 2),
('GB205', 'G', 'B', '(B) OMBAK AD*', 0, 3, 8.29, 3),
('GB206', 'G', 'B', 'BLT FULL AD*', 0, 3, 4.09, 3),
('GB207', 'G', 'B', 'OVAL 2AD 2CARTIER', 10, 2, 4.67, 3),
('GB208', 'G', 'B', 'OVAL C AD', 0, 2, 3.58, 3),
('GB209', 'G', 'B', 'CARTIER*', 0, 2, 4.95, 3),
('GB210', 'G', 'B', '3 KUPU STGH AD*', 0, 2, 3.03, 3),
('GB211', 'G', 'B', 'OVAL BNGA AD *', 0, 3, 6.26, 2),
('GB212', 'G', 'B', 'OVAL STGH PIPA FULL AD', 0, 3, 5.17, 3),
('GB213', 'G', 'B', 'OVAL PAKU TUSUK AD*', 0, 2, 6.3, 3),
('GB214', 'G', 'B', 'OVAL PAKU TUSUK AD*', 0, 2, 6.48, 3),
('GB215', 'G', 'B', 'OVAL PAKU TUSUK AD SALIPA', 0, 2, 7.96, 3),
('GB216', 'G', 'B', 'PANAH TUSUK AD*', 0, 2, 5.76, 3),
('GB217', 'G', 'B', 'RANTE AD*', 0, 2, 8.26, 3),
('GB218', 'G', 'B', 'OVAL CARTIER 3 WNA', 0, 2, 14.62, 3),
('GB219', 'G', 'B', 'OVAL CARTIER*', 0, 2, 4.88, 3),
('GB220', 'G', 'B', 'CARTIER AD', 0, 2, 7.23, 3),
('GB221', 'G', 'B', 'BUNGA BLT FULL AD', 0, 2, 4.96, 3),
('GB222', 'G', 'B', 'ROMAWI PAKU', 0, 2, 5.34, 3),
('GB223', 'G', 'B', '3 STGH PIPA KCIL FULL AD*', 0, 2, 5.87, 3),
('GB224', 'G', 'B', 'KUPU RAINBOW*', 0, 2, 5.86, 3),
('GB225', 'G', 'B', 'PERSEGI PNJG FULL AD*', 0, 3, 5.11, 2),
('GB226', 'G', 'B', 'PIRAMID CAT*', 3, 2, 7.77, 2),
('GB227', 'G', 'B', 'MICKEY AD*', 0, 2, 3.51, 3),
('GB228', 'G', 'B', 'OVAL ROMAWI PAKU', 0, 2, 5.33, 3),
('GB229', 'G', 'B', 'PAKU*', 0, 3, 6.19, 3),
('GB230', 'G', 'B', 'BUNGA AD*', 0, 2, 2.95, 3),
('GB231', 'G', 'B', 'KUPU AD PINK MRH', 0, 2, 5.85, 3),
('GB232', 'G', 'B', 'VAR PTH RANTE AD', 0, 2, 8.79, 3),
('GB233', 'G', 'B', 'RANTE AD', 0, 3, 6.88, 2),
('GB234', 'G', 'B', '1AD BESAR + AD KECIL ', 0, 2, 5.25, 3),
('GB235', 'G', 'B', 'VAR PTH BOLA AD SALIPAN', 0, 2, 8.75, 3),
('GB236', 'G', 'B', 'OVAL 9BOLA MOZA*', 0, 2, 3.97, 3),
('GB237', 'G', 'B', 'OVAL 7BOLA MOZA*', 0, 2, 4.31, 3),
('GB238', 'G', 'B', 'OVAL 7BOLA MOZA*', 0, 2, 4.15, 3),
('GB239', 'G', 'B', 'OVAL 9BOLA MOZA*', 0, 2, 3.91, 3),
('GB240', 'G', 'B', 'CARTIER', 0, 2, 4.93, 3),
('GB241', 'G', 'B', 'CARTIER', 0, 2, 4.95, 3),
('GB242', 'G', 'B', 'BLT FULL AD*', 0, 3, 4.26, 2),
('GB243', 'G', 'B', 'OVAL CARTIER', 0, 2, 4.81, 3),
('GB244', 'G', 'B', 'OVAL CARTIER 1AD BESAR + ', 0, 2, 7.23, 3),
('GB245', 'G', 'B', 'OVAL 7BOLA 3WNA*', 0, 2, 5.04, 3),
('GB246', 'G', 'B', 'OVAL 2BOLA PASIRAN', 0, 2, 4.28, 3),
('GB247', 'G', 'B', 'AD PINK MRH*', 0, 2, 4.03, 2),
('GB248', 'G', 'B', 'OVAL BLT FULL AD*', 0, 3, 4.08, 3),
('GB249', 'G', 'B', 'OVAL BOLA MOZA+PASIR SALI', 0, 3, 3.43, 3),
('GB250', 'G', 'B', 'OVAL 2 BOLA FULL AD*', 0, 2, 6.11, 3),
('GB251', 'G', 'B', 'KUPU AD*', 0, 2, 6.1, 3),
('GB252', 'G', 'B', '2BOLA PASIRAN PISAH*', 0, 2, 4.15, 3),
('GB253', 'G', 'B', 'OVAL PAKU CARTIER AD*', 0, 2, 7.95, 3),
('GB254', 'G', 'B', 'OVAL CARTIER RANTE AD', 0, 2, 6.76, 3),
('GB255', 'G', 'B', 'OVAL 3BUNGA AD', 0, 2, 4.18, 3),
('GB256', 'G', 'B', 'OVAL CARTIER', 0, 2, 4.93, 3),
('GB257', 'G', 'B', 'OVAL CARTIER', 0, 2, 5.04, 3),
('GB258', 'G', 'B', 'OVAL STGH TABUNG AD', 0, 3, 5.2, 3),
('GB259', 'G', 'B', 'RANTE AD', 0, 3, 4.85, 3),
('GB260', 'G', 'B', 'OVAL 7BOLA 3WNA*', 0, 2, 4.16, 3),
('GB261', 'G', 'B', 'BUNGA AD KRWNG*', 0, 2, 3.08, 3),
('GB262', 'G', 'B', 'OVAL AD', 0, 3, 3.96, 3),
('GB263', 'G', 'B', 'CARTIER', 0, 2, 4.86, 3),
('GB265', 'G', 'B', 'OVAL CARTIER RANTE AD*', 0, 2, 6.76, 3),
('GB266', 'G', 'B', 'OVAL CARTIER 1AD BESAR+KC', 0, 2, 7.24, 3),
('GB267', 'G', 'B', 'OVAL LOVE 1AD*', 0, 3, 3.3, 3),
('GB268', 'G', 'B', 'OVAL 7BOLA 3WNA*', 0, 2, 4.67, 2),
('GB269', 'G', 'B', 'OVAL C AD', 0, 2, 3.53, 3),
('GB270', 'G', 'B', 'OVAL CARTIER', 0, 2, 4.57, 3),
('GB271', 'G', 'B', 'OVAL CARTIER', 0, 2, 4.63, 3),
('GB272', 'G', 'B', 'OVAL CARTIER', 0, 2, 4.68, 3),
('GB273', 'G', 'B', 'OVAL HATI FULL AD LBG*GB1', 0, 2, 4, 3),
('GB274', 'G', 'B', 'OVAL BOLA FULL AD HITAM+P', 0, 2, 5.85, 3),
('GB278', 'G', 'B', 'OVAL CARTIER', 0, 2, 4.49, 3),
('GB280', 'G', 'B', 'OVAL AD PINK+PTH*', 0, 2, 6.45, 3),
('GB281', 'G', 'B', 'OVAL 12AD*', 0, 3, 3.96, 3),
('GB283', 'G', 'B', 'PAKU AD*', 0, 2, 6.39, 3),
('GB285', 'G', 'B', 'OVAL CARTIER RANTE*', 0, 2, 6.76, 3),
('GB286', 'G', 'B', 'OVAL PAKU AD*', 0, 2, 6.39, 3),
('GB287', 'G', 'B', 'OVAL 12 AD*', 0, 3, 3.96, 3),
('GB288', 'G', 'B', 'BUNGA AD PINK', 3, 3, 2.97, 3),
('GB289', 'G', 'B', 'OVAL PAKU AD', 0, 2, 6.36, 2),
('GB290', 'G', 'B', 'OVAL 9 BOLA MOZA*GB239', 0, 2, 3.91, 3),
('GB291', 'G', 'B', 'OVAL 1BOLA MOZA KUNING+6B', 0, 2, 5.04, 2),
('GB292', 'G', 'B', 'OVAL 2BOLA PASIRAN SALIPA', 0, 2, 3.6, 3),
('GB293', 'G', 'B', 'OVAL 18BOLA MOZAIK TUMPUK', 0, 2, 3.9, 3),
('GB294', 'G', 'B', 'MOZA 2 KCING', 0, 2, 6.06, 3),
('GB295', 'G', 'B', 'OVAL 7BOLA MOZA 3WNA', 0, 2, 3.89, 3),
('GB296', 'G', 'B', '7BOLA PASIRAN 3WNA', 0, 2, 4.77, 3),
('GB297', 'G', 'B', 'OVAL ULIR BOLA MOZAIK 2BO', 0, 3, 3.38, 2),
('GB298', 'G', 'B', 'OVAL 3STGH PIPA FULL AD*', 0, 2, 5.87, 3),
('GB299', 'G', 'B', 'OVAL T AD SALIPAN*', 0, 2, 3.74, 3),
('GB300', 'G', 'B', 'OVAL DAUN AD', 0, 3, 8.37, 2),
('GB301', 'G', 'B', '2 BOLA AD PTH HTM*', 0, 2, 5.83, 3),
('GB302', 'G', 'B', 'OVAL C AD*', 0, 2, 3.53, 2),
('GB303', 'G', 'B', 'VAR  PTH MOZA*', 0, 2, 5.02, 2),
('GB304', 'G', 'B', 'OVAL BUNGA AD PINK', 0, 3, 2.77, 3),
('GB305', 'G', 'B', 'OVAL T PISAH', 0, 2, 4.08, 3),
('GB306', 'G', 'B', 'OVAL BLT AD ', 0, 3, 3.7, 3),
('GB307', 'G', 'B', 'OVAL BLT BUNGA AD', 0, 3, 5.55, 3),
('GB308', 'G', 'B', 'OVAL PERSEGI PJ RANTE AD', 0, 2, 5.4, 3),
('GB309', 'G', 'B', 'OVAL PERSEGI PJ AD ', 0, 3, 5.15, 3),
('GB310', 'G', 'B', 'OVAL VAR PTH PAKU AD', 0, 2, 6.25, 3),
('GB311', 'G', 'B', 'OVAL 7 BOLA MOZA 3WNA', 0, 2, 3.87, 3),
('GB312', 'G', 'B', '3TUMPUK VP MOZA AD ', 0, 2, 8.21, 3),
('GB313', 'G', 'B', '(B) BUNGA AD', 0, 2, 2.94, 3),
('GB314', 'G', 'B', '(B) BUNGA AD', 0, 2, 3.05, 3),
('GB315', 'G', 'B', '(B) OVAL AD PINK', 0, 2, 6.92, 2),
('GB316', 'G', 'B', 'AD TUMPUK', 0, 2, 5.26, 3),
('GB317', 'G', 'B', 'OVAL CARTIER* 6CM', 0, 2, 4.81, 3),
('GB318', 'G', 'B', 'OVAL PAKU*', 0, 3, 6.06, 3),
('GB319', 'G', 'B', 'OVAL CARTIER 5.5CM*', 0, 2, 4.49, 3),
('GB320', 'G', 'B', 'OVAL CARTIER 5.5CM*', 0, 2, 4.56, 3),
('GB321', 'G', 'B', 'OVAL CARTIER 5.5CM*', 0, 2, 4.62, 3),
('GB322', 'G', 'B', 'OVAL 4BOLA MOZA+3BOLA PAS', 0, 2, 4.09, 3),
('GB323', 'G', 'B', 'RANTE FULL AD*', 0, 3, 6.77, 2),
('GB324', 'G', 'B', 'CARTIER 6CM*', 0, 2, 4.92, 3),
('GB325', 'G', 'B', 'VAR PTH AD PINK*', 0, 2, 7.01, 2),
('GB326', 'G', 'B', 'OVAL MICKEY AD', 0, 2, 3.17, 3),
('GB327', 'G', 'B', 'OVAL BUNGA AD*', 0, 2, 2.95, 3),
('GB328', 'G', 'B', 'OVAL 2 BOLA PASIRAN*', 0, 2, 4.18, 3),
('GB329', 'G', 'B', 'OVAL BUNGA RANTE AD', 0, 3, 5.55, 3),
('GB330', 'G', 'B', 'OVAL AD', 10, 3, 5.19, 3),
('GB331', 'G', 'B', 'OVAL BUNGA AD PINK', 0, 3, 2.77, 3),
('GB332', 'G', 'B', 'OVAL 2 BOLA PASIRAN*', 0, 2, 3.58, 3),
('GB333', 'G', 'B', 'OVAL CARTIER 18AD*', 0, 2, 6.75, 3),
('GB334', 'G', 'B', 'OVAL RANTE AD*', 0, 2, 8.26, 3),
('GB335', 'G', 'B', 'OVAL MICKEY+PITA AD SALIP', 0, 2, 3.5, 3),
('GB336', 'G', 'B', '(B) CARTIER', 0, 2, 4.51, 3),
('GB337', 'G', 'B', 'PERSEGI PJ FULL AD*', 0, 2, 5.4, 3),
('GB338', 'G', 'B', 'OVAL PAKU CARTIER VAR PTH', 0, 2, 6.25, 3),
('GB339', 'G', 'B', 'OVAL 7BOLA MOZA 3WNA', 0, 2, 3.89, 3),
('GB340', 'G', 'B', '2 BOLA PASIRAN SALIPAN*', 0, 2, 3.58, 3),
('GB341', 'G', 'B', '7 BOLA MOZA 3WNA*', 0, 2, 3.94, 2),
('GB342', 'G', 'B', 'BAMBU KUNING VAR PTH*', 0, 2, 3.18, 2),
('GB343', 'G', 'B', 'OVAL BUNGA AD*', 0, 2, 2.95, 3),
('GB344', 'G', 'B', 'OVAL 3KUPU STGH AD', 0, 2, 3.03, 3),
('GB345', 'G', 'B', 'BUNGA FULL AD', 0, 2, 5.55, 3),
('GB346', 'G', 'B', 'KUNING VAR PTH*', 0, 2, 3.21, 2),
('GB347', 'G', 'B', 'KUNING VAR PTH*', 0, 2, 3.26, 3),
('GB348', 'G', 'B', 'KUNING VAR PTH*', 0, 2, 3.25, 3),
('GB349', 'G', 'B', 'KUNING VAR PTH*', 0, 2, 3.24, 3),
('GB350', 'G', 'B', 'OVAL SABUK CAT', 0, 2, 7.47, 3),
('GB351', 'G', 'B', 'OVAL T PISAH*', 0, 2, 4.08, 3),
('GB352', 'G', 'B', 'OVAL 2 BOLA MOZA AD*', 0, 2, 8.8, 3),
('GB353', 'G', 'B', 'OVAL KEPALA MICKEY AD', 10, 3, 4.45, 3),
('GB354', 'G', 'B', 'PAKU KOTAK AD', 0, 3, 6, 3),
('GB355', 'G', 'B', 'OVAL KRWNG AD', 0, 2, 8.65, 3),
('GB356', 'G', 'B', 'OVAL 9BOLA MOZA', 0, 2, 3.98, 3),
('GB357', 'G', 'B', 'OVAL 2HT 5BOLA PASR+6BOLA', 0, 2, 6, 3),
('GB358', 'G', 'B', '(B) OVAL BUNGA AD PINK*', 0, 2, 5.6, 2),
('GB359', 'G', 'B', 'OVAL CARTIER*', 0, 2, 4.65, 3),
('GB360', 'G', 'B', 'VAR PTH AD PINK*', 0, 2, 5.05, 3),
('GB361', 'G', 'B', '7BOLA MOZA GRS*', 0, 2, 3.9, 2),
('GB362', 'G', 'B', '3WNA MOZA*', 0, 2, 3.16, 3),
('GB363', 'G', 'B', '3WNA MOZA', 0, 2, 3.14, 3),
('GB364', 'G', 'B', '3WNA MOZA*', 0, 2, 3.2, 3),
('GB365', 'G', 'B', 'OVAL LOVE*', 0, 3, 3.33, 3),
('GB366', 'G', 'B', 'OVAL T AD*', 0, 2, 4.1, 2),
('GB367', 'G', 'B', 'VAR PTH AD PINK*', 0, 2, 5.05, 2),
('GB368', 'G', 'B', '(B)OVAL BUNGA AD PINK*', 0, 2, 2.8, 2),
('GB369', 'G', 'B', 'OVAL OMBAK AD*', 0, 3, 8.3, 3),
('GC004', 'G', 'C', 'VAR PTH', 8, 3, 3.03, 3),
('GC005', 'G', 'C', 'VAR PTH', 8, 3, 3.05, 3),
('GC006', 'G', 'C', 'VAR PTH', 8, 3, 3.04, 3),
('GC007', 'G', 'C', 'VAR PTH', 8, 3, 3, 3),
('GC008', 'G', 'C', 'VAR PTH', 8, 3, 3.05, 3),
('GC009', 'G', 'C', 'VAR PTH', 8, 3, 3.06, 3),
('GC010', 'G', 'C', 'VAR PTH', 10, 3, 3.28, 3),
('GC011', 'G', 'C', 'VAR PTH', 10, 3, 3.34, 3),
('GC0111', 'G', 'C', 'VELG DOUBLE 6.8CM', 7, 4, 3.82, 2),
('GC0112', 'G', 'C', 'VELG DOUBLE 6,8CM', 7, 4, 3.43, 2),
('GC0113', 'G', 'C', 'VELG DOUBLE 6,8CM', 7, 4, 3.95, 2),
('GC0114', 'G', 'C', 'VAR PTH RANTE*', 8, 3, 3.05, 2),
('GC0115', 'G', 'C', 'VAR PTH RANTE*', 8, 3, 3.12, 3),
('GC0116', 'G', 'C', 'VAR PTH BAMBU 6 CM*', 0, 2, 3.4, 2),
('GC0117', 'G', 'C', 'VAR PTH BAMBU 6 CM*', 0, 2, 3.4, 2),
('GC0118', 'G', 'C', '3PCS MOZA 3WNA', 0, 2, 4.65, 2),
('GC0119', 'G', 'C', 'KUNING VAR PTH*', 0, 2, 3.28, 2),
('GC012', 'G', 'C', 'VAR PTH', 10, 3, 3.3, 3),
('GC0120', 'G', 'C', 'KUNING VAR PTH*', 0, 2, 3.26, 2),
('GC0121', 'G', 'C', 'KUNING ULIR 7CM*RETUR', 0, 2, 11.15, 4),
('GC0122', 'G', 'C', '3 KUNING ULIR 6CM', 0, 2, 10.15, 2),
('GC0123', 'G', 'C', '6-  3WNA BOLA 6CM', 0, 2, 8.65, 3),
('GC0124', 'G', 'C', '6-  3WNA BOLA 6CM', 0, 2, 9.25, 3),
('GC0125', 'G', 'C', 'MOZA 3WNA 6CM', 0, 2, 3.16, 2),
('GC0126', 'G', 'C', 'MOZA 3WNA 6CM', 0, 2, 3.2, 3),
('GC0127', 'G', 'C', 'MOZA 3WNA 6CM', 0, 2, 3.07, 1),
('GC0128', 'G', 'C', 'MOZA 3WNA 6CM', 0, 2, 3.09, 1),
('GC0129', 'G', 'C', 'MOZA 3WNA 6CM', 0, 2, 3.05, 1),
('GC013', 'G', 'C', 'VAR PTH', 10, 3, 3.34, 3),
('GC0130', 'G', 'C', 'MOZA 3WNA 6CM', 0, 2, 3.12, 2),
('GC0131', 'G', 'C', 'MOZA 3WNA 5CM', 0, 2, 2.61, 2),
('GC0132', 'G', 'C', 'MOZA 3WNA 5CM', 0, 2, 2.6, 2),
('GC0133', 'G', 'C', 'MOZA 3WNA 5CM', 0, 2, 2.53, 2),
('GC0134', 'G', 'C', 'PITA TIMBUL*', 0, 2, 7.15, 2),
('GC0135', 'G', 'C', '6in1 MOZA BOT 3WNA', 0, 2, 9.28, 3),
('GC0136', 'G', 'C', 'VAR PTH RANTE*', 8, 3, 3.04, 2),
('GC0137', 'G', 'C', 'VAR PTH RANTE*', 8, 3, 3.04, 2),
('GC0138', 'G', 'C', 'VAR PTH RANTE*', 8, 3, 3.08, 2),
('GC0139', 'G', 'C', 'VAR PTH RANTE*', 8, 3, 3, 2),
('GC014', 'G', 'C', 'VAR PTH', 10, 3, 3.26, 3),
('GC0140', 'G', 'C', 'VAR PTH RANTE*', 8, 3, 3.08, 2),
('GC0141', 'G', 'C', 'VAR PTH RANTE*', 8, 3, 2.98, 2),
('GC015', 'G', 'C', 'VAR PTH', 10, 3, 3.32, 3),
('GC016', 'G', 'C', 'VAR PTH RANTE', 8, 3, 3.05, 3),
('GC017', 'G', 'C', 'VAR PTH RANTE', 8, 3, 3, 3),
('GC018', 'G', 'C', 'VAR PTH RANTE', 8, 3, 3.05, 3),
('GC019', 'G', 'C', 'VAR PTH RANTE', 8, 3, 3.05, 3),
('GC020', 'G', 'C', 'VAR PTH RANTE', 8, 3, 3.08, 3),
('GC021', 'G', 'C', 'VAR PTH RANTE', 8, 3, 3.03, 3),
('GC022', 'G', 'C', 'VAR PTH RANTE', 8, 3, 3.1, 3),
('GC023', 'G', 'C', 'VAR PTH RANTE', 8, 3, 3.04, 3),
('GC024', 'G', 'C', 'VAR PTH RANTE', 8, 3, 3.08, 3),
('GC025', 'G', 'C', 'VAR PTH RANTE*', 8, 3, 3.02, 3),
('GC026', 'G', 'C', 'VAR PTH RANTE*', 8, 3, 2.96, 3),
('GC027', 'G', 'C', 'VAR PTH RANTE*', 8, 3, 3, 3),
('GC028', 'G', 'C', 'MOZAIK*', 1, 3, 2.63, 3),
('GC029', 'G', 'C', 'MOZAIK*', 1, 3, 2.67, 2),
('GC030', 'G', 'C', 'MOZAIK*', 1, 3, 2.65, 2),
('GC031', 'G', 'C', 'MOZAIK*', 1, 3, 2.68, 2),
('GC032', 'G', 'C', 'MOZAIK PASIRAN', 10, 3, 3.29, 2),
('GC033', 'G', 'C', 'MOZAIK PASIRAN', 10, 3, 3.3, 2),
('GC034', 'G', 'C', 'MOZAIK PASIRAN', 10, 3, 3.28, 2),
('GC035', 'G', 'C', 'MOZAIK PASIRAN', 10, 3, 3.27, 2),
('GC036', 'G', 'C', 'GARIS MOZA 6CM', 7, 4, 3.93, 2),
('GC037', 'G', 'C', 'GARIS MOZA 6CM', 7, 4, 3.88, 2),
('GC038', 'G', 'C', 'GARIS MOZA 6CM', 7, 4, 3.95, 2),
('GC039', 'G', 'C', 'GARIS MOZA 6.5CM', 7, 4, 3.87, 3),
('GC040', 'G', 'C', 'GARIS MOZA 6.5CM', 7, 4, 3.96, 3),
('GC041', 'G', 'C', 'GARIS MOZA 6.5CM', 7, 4, 3.88, 3),
('GC042', 'G', 'C', 'MOZA PELINTIR PASIRAN', 10, 3, 2.96, 3),
('GC043', 'G', 'C', 'VAR PTH RANTE*', 8, 3, 3, 3),
('GC044', 'G', 'C', 'VAR PTH RANTE*', 8, 3, 3.06, 3),
('GC045', 'G', 'C', 'MOZA 5CM*', 1, 2, 2.23, 3),
('GC046', 'G', 'C', 'MOZA 5CM*', 1, 2, 2.28, 3),
('GC047', 'G', 'C', 'MOZA 5CM*', 1, 2, 2.26, 3),
('GC048', 'G', 'C', 'MOZA 5CM*', 1, 2, 2.2, 3),
('GC049', 'G', 'C', 'MOZA 5CM*', 1, 2, 2.25, 3),
('GC050', 'G', 'C', 'VAR PTH MOZA 6CM*', 10, 3, 3.36, 3),
('GC051', 'G', 'C', 'VAR PTH MOZA 6CM*', 10, 3, 3.85, 2),
('GC052', 'G', 'C', 'VAR PTH MOZA 6CM*', 10, 3, 3.86, 2),
('GC053', 'G', 'C', 'VAR PTH MOZA 6CM*', 10, 3, 3.77, 2),
('GC055', 'G', 'C', 'VAR PTH MOZA 6CM*', 10, 3, 3.61, 3),
('GC056', 'G', 'C', 'MOZA 5CM*', 1, 2, 2.23, 3),
('GC057', 'G', 'C', 'MOZA 5CM*', 1, 2, 2.24, 3),
('GC058', 'G', 'C', 'VAR PTH RANTE 6CM', 8, 3, 3.1, 3),
('GC059', 'G', 'C', 'MOZA 5CM*', 1, 2, 2.2, 3),
('GC060', 'G', 'C', 'VAR PTH RANTE*GC020', 8, 3, 3.08, 3),
('GC061', 'G', 'C', '*', 8, 3, 3.05, 3),
('GC062', 'G', 'C', '(B) MOZA', 1, 2, 2.25, 3),
('GC063', 'G', 'C', '(B) MOZA', 1, 2, 2.27, 3),
('GC064', 'G', 'C', '(B) KUNING MOZA', 10, 3, 2.91, 3),
('GC065', 'G', 'C', '(B) KUNING MOZA', 10, 3, 2.9, 3),
('GC066', 'G', 'C', 'VAR PTH MOZA *GC026', 8, 3, 2.95, 3),
('GC067', 'G', 'C', 'VAR PTH MOZA *GC027', 8, 3, 3, 3),
('GC068', 'G', 'C', '(B) MOZA *GC062', 1, 2, 2.2, 3),
('GC069', 'G', 'C', '(B) MOZA *GC063', 1, 2, 2.26, 3),
('GC070', 'G', 'C', '*', 7, 4, 3.96, 3),
('GC071', 'G', 'C', '*', 7, 4, 3.88, 3),
('GC072', 'G', 'C', 'VAT PTH RANTE*', 8, 3, 3.08, 3),
('GC073', 'G', 'C', 'MOZA 5CM*', 1, 2, 2.2, 3),
('GC074', 'G', 'C', 'MOZA 5CM*', 1, 2, 2.23, 3),
('GC075', 'G', 'C', 'MOZA', 10, 3, 2.96, 3),
('GC076', 'G', 'C', 'VAR PTH RANTE 6CM*', 8, 3, 3.04, 3),
('GC077', 'G', 'C', 'VAR PTH RANTE 6CM*', 8, 3, 3.08, 3),
('GC078', 'G', 'C', 'VAR PTH RANTE 6CM*', 8, 3, 3.04, 3),
('GC079', 'G', 'C', 'VAR PTH 1 KNCINGAN 6CM', 0, 2, 3.24, 3),
('GC080', 'G', 'C', 'VAR PTH 1 KNCINGAN 6CM', 0, 2, 3.26, 3),
('GC081', 'G', 'C', 'VAR PTH 1 KNCINGAN 6CM', 0, 2, 3.25, 3),
('GC082', 'G', 'C', 'VAR PTH 1 KNCINGAN 6CM', 0, 2, 3.2, 2),
('GC083', 'G', 'C', 'VAR PTH 1 KNCINGAN 6CM', 0, 2, 3.21, 3),
('GC084', 'G', 'C', 'VAR PTH 1 KNCINGAN 6CM', 0, 2, 3.22, 3),
('GC085', 'G', 'C', 'VAR PTH MOZAIK*', 8, 3, 2.95, 3),
('GC086', 'G', 'C', 'MOZA 7CM', 1, 3, 2.7, 2),
('GC087', 'G', 'C', 'VAR PTH MOZA 6CM*', 10, 3, 3.31, 3),
('GC088', 'G', 'C', 'VAR PTH MOZA 6CM*', 10, 3, 3.29, 3),
('GC089', 'G', 'C', 'VAR PTH MOZA 6CM*', 10, 3, 3.25, 3),
('GC090', 'G', 'C', '(B) MOZA 5CM*', 1, 2, 2.18, 2),
('GC091', 'G', 'C', '(B) MOZA 5CM*', 1, 2, 2.25, 2),
('GC092', 'G', 'C', 'MOZA 5CM*', 1, 2, 2.2, 3),
('GC093', 'G', 'C', 'MOZA 5CM*', 1, 2, 2.24, 2),
('GC094', 'G', 'C', 'MOZA 5CM*', 1, 2, 2.26, 3),
('GC095', 'G', 'C', 'MOZA 5CM*', 1, 2, 2.24, 3),
('GC096', 'G', 'C', 'MOZA 5CM*', 1, 2, 2.26, 3),
('GC097', 'G', 'C', 'MOZA 5CM*', 1, 2, 2.27, 2),
('GC098', 'G', 'C', 'VAR PTH GLMBG 6CM*', 10, 3, 3.04, 3),
('GC099', 'G', 'C', 'VAR PTH GLMBG 6CM*', 10, 3, 2.96, 3),
('GC100', 'G', 'C', 'VAR PTH GLMBG 6CM*', 10, 3, 3.04, 3),
('GC101', 'G', 'C', 'VAR PTH GLMBG 6CM*', 10, 3, 3.04, 3),
('GC102', 'G', 'C', 'VAR PTH RANTE 6CM*', 8, 3, 3.02, 2),
('GC103', 'G', 'C', 'VAR PTH RANTE 6CM*', 8, 3, 3.03, 2),
('GC104', 'G', 'C', 'VAR PTH RANTE 6CM*', 8, 3, 3.04, 2),
('GC105', 'G', 'C', 'VAR PTH RANTE 6CM*', 8, 3, 3.05, 3),
('GC106', 'G', 'C', 'VAR PTH RANTAI*', 8, 3, 3.1, 3),
('GC107', 'G', 'C', 'VAR PTH RANTAI*', 8, 3, 3, 3),
('GC108', 'G', 'C', 'VAR PTH RANTE 6CM*', 8, 3, 3.08, 2),
('GC109', 'G', 'C', 'VAR PTH RANTE 6CM*', 8, 3, 3.08, 2),
('GC110', 'G', 'C', 'VAR PTH RANTE 6CM*', 8, 3, 3.08, 2),
('GK001', 'G', 'K', 'SANTA 2BEL', 0, 1, 2.02, 3),
('GK002', 'G', 'K', 'SANTA 2BEL', 0, 1, 3, 3),
('GK003', 'G', 'K', 'SANTA 2BEL', 0, 1, 2.04, 3),
('GK0036', 'G', 'K', 'SANTA 2BEL KOKOT PER', 0, 1, 2.96, 2),
('GK0037', 'G', 'K', 'SANTA 2BEL KOKOT PER', 0, 1, 2.05, 3),
('GK0038', 'G', 'K', 'SANTA 2BEL*', 0, 1, 2.05, 2),
('GK004', 'G', 'K', 'SANTA 2BEL', 1, 1, 2.97, 3),
('GK005', 'G', 'K', 'SANTA 2BEL', 0, 1, 3.04, 3),
('GK006', 'G', 'K', 'SANTA 2BEL', 0, 1, 2.05, 3),
('GK007', 'G', 'K', 'SANTA 5MAINAN', 0, 1, 3.18, 3),
('GK008', 'G', 'K', 'SANTA 5MAINAN', 0, 1, 3.2, 3),
('GK009', 'G', 'K', 'FNC 6MAINAN', 0, 2, 4.33, 3),
('GK010', 'G', 'K', 'FNC 6MAINAN', 0, 2, 4.31, 3),
('GK011', 'G', 'K', '*', 0, 1, 2.03, 3),
('GK012', 'G', 'K', '*', 0, 1, 2.02, 3),
('GK013', 'G', 'K', 'SANTA 8MN', 0, 1, 3.29, 3),
('GK014', 'G', 'K', 'SANTA 8MN', 0, 1, 2.39, 3),
('GK015', 'G', 'K', 'SANTA 5MN', 0, 1, 3.11, 3),
('GK016', 'G', 'K', 'SANTA 5MN', 0, 1, 2.69, 3),
('GK017', 'G', 'K', 'SANTA 2BEL*', 0, 1, 2, 3),
('GK018', 'G', 'K', 'SANTA 2BEL*', 0, 1, 2.02, 3),
('GK019', 'G', 'K', 'SANTA 2BEL*', 0, 1, 2.97, 3),
('GK020', 'G', 'K', 'SANTA 8MN*', 0, 1, 2.39, 3),
('GK021', 'G', 'K', '(B) 2BEL*', 0, 1, 2.94, 4),
('GK022', 'G', 'K', '(B) SANTA 2BEL*', 0, 1, 2.03, 4),
('GK023', 'G', 'K', 'SANTA 2BEL*', 0, 1, 2.02, 2),
('GK024', 'G', 'K', 'SANTA 2BEL *GK005', 0, 1, 3.03, 3),
('GK025', 'G', 'K', 'SANTA 2 BEL*', 0, 1, 2, 3),
('GK026', 'G', 'K', 'SANTA 8MN*', 0, 1, 3.3, 3),
('GK027', 'G', 'K', 'FNC 6MN', 0, 2, 4, 3),
('GK028', 'G', 'K', 'FNC 6MN', 0, 2, 4.18, 3),
('GK029', 'G', 'K', 'SANTA 5MN*', 0, 1, 2.7, 3),
('GK030', 'G', 'K', 'SANTA 2BEL KOKOT PER*', 0, 1, 2, 2),
('GK031', 'G', 'K', 'SANTA 2BEL*', 0, 1, 2.97, 3),
('GK032', 'G', 'K', 'FNC 6MN*', 0, 2, 4.18, 3),
('GK033', 'G', 'K', 'SANTA 5MN*', 0, 1, 3.2, 3),
('GK034', 'G', 'K', 'SANTA 5MN*', 0, 1, 3.15, 3),
('GK035', 'G', 'K', 'FNC 6MN*', 0, 2, 4.2, 2),
('GM001', 'G', 'M', 'FNC 8MN', 0, 2, 7.81, 3),
('GM002', 'G', 'M', 'FNC 10MN', 0, 2, 6.05, 3),
('GM003', 'G', 'M', 'FNC 5MN', 0, 2, 3.23, 3),
('GM004', 'G', 'M', 'FNC 8MN', 0, 2, 4.92, 3),
('GM005', 'G', 'M', 'FNC 8MN', 0, 2, 5.24, 3),
('GM006', 'G', 'M', 'FNC 11MN', 2, 2, 7.26, 3),
('GM007', 'G', 'M', 'FNC 5MN', 0, 2, 3.14, 3),
('GM008', 'G', 'M', 'FNC 5MN', 0, 2, 3.26, 3),
('GM009', 'G', 'M', 'FNC 8MN', 0, 2, 5.2, 3),
('GM010', 'G', 'M', 'FNC 10MN', 0, 2, 3.35, 3),
('GM011', 'G', 'M', 'ALFABET R', 2, 2, 1.86, 3),
('GM012', 'G', 'M', 'ALFABET S', 0, 2, 1.52, 3),
('GM014', 'G', 'M', 'ALFABET B', 0, 2, 1.66, 3),
('GM015', 'G', 'M', 'ALFABET O', 0, 2, 1.53, 3),
('GM016', 'G', 'M', 'ALFABET M', 0, 2, 1.96, 3),
('GM017', 'G', 'M', 'FNC 14MAINAN', 0, 2, 3.75, 3),
('GM018', 'G', 'M', 'FNC 14MAINAN', 0, 2, 3.8, 3),
('GM0187', 'G', 'M', 'PLAKATO OVAL DOUBLE*', 0, 3, 3.8, 3),
('GM0188', 'G', 'M', 'ANK FNCY 2TOMAT CAT* PUTU', 4, 2, 1.73, 4),
('GM0189', 'G', 'M', 'PLAKATO', 0, 3, 3.47, 3),
('GM019', 'G', 'M', 'COR VAR PTH', 3, 2, 9.54, 3),
('GM0190', 'G', 'M', 'FNC 4MN', 0, 3, 2.65, 3),
('GM0191', 'G', 'M', 'FNC 8MN*', 0, 2, 7.75, 2),
('GM0192', 'G', 'M', 'FNC VARIASI 13MN*', 0, 2, 4.53, 2),
('GM0193', 'G', 'M', 'FNCY KOTAK*', 0, 2, 2.07, 2),
('GM0194', 'G', 'M', 'FNC 9MN', 0, 2, 4.15, 2),
('GM0195', 'G', 'M', 'FNC M0ZA 2BEL KOKOT S', 0, 2, 4.13, 2),
('GM0196', 'G', 'M', 'PLAKATO MOZA', 0, 2, 3.27, 2),
('GM0197', 'G', 'M', 'FNC GARIS 5MN', 0, 2, 3.33, 2),
('GM0198', 'G', 'M', 'FNC 2BEL KOKOT S', 0, 2, 6.08, 2),
('GM0199', 'G', 'M', 'FNC RANTE 5MN', 0, 2, 4.85, 2),
('GM020', 'G', 'M', 'COR VAR PTH', 3, 2, 11.37, 3),
('GM0200', 'G', 'M', 'FNC 5MN', 0, 2, 3.86, 2),
('GM0201', 'G', 'M', 'PLAKATO MOZA', 0, 2, 3.14, 3),
('GM0202', 'G', 'M', 'FNC 7MN', 0, 2, 4.97, 3),
('GM0203', 'G', 'M', 'FNC 8MN', 0, 2, 3.57, 2),
('GM0204', 'G', 'M', 'FNC PLAKATO 6MN', 0, 2, 3.36, 2),
('GM0205', 'G', 'M', 'PLAKATO AD', 0, 2, 5.83, 3),
('GM0206', 'G', 'M', 'FNC 2BEL 14CM', 0, 2, 2.3, 2),
('GM0207', 'G', 'M', 'FNC 5MN*', 0, 3, 3.05, 3),
('GM0208', 'G', 'M', 'PLAKATO PATAH*', 1, 2, 4.15, 2),
('GM0209', 'G', 'M', 'FNC 2BEL', 0, 2, 2.05, 3),
('GM021', 'G', 'M', 'COR VAR PTH', 3, 2, 7.51, 3),
('GM0210', 'G', 'M', 'BOTORAN MOZA 3WNA*', 0, 2, 4.47, 2),
('GM0211', 'G', 'M', 'SQ PLAT BUNGA AD', 0, 2, 7.57, 2),
('GM0212', 'G', 'M', 'PLAKATO OVAL DOUBLE', 0, 2, 3.58, 3),
('GM0213', 'G', 'M', 'PLAKATO PERSEGI', 0, 2, 3.38, 2),
('GM0214', 'G', 'M', 'PATAH VAR PTH', 2, 2, 5.06, 2),
('GM0215', 'G', 'M', 'COR SISIK NAGA MOZA PTH', 5, 2, 8.6, 2),
('GM0216', 'G', 'M', 'PLAKATO OVAL', 0, 3, 3.56, 2),
('GM0217', 'G', 'M', 'PLAKATO AD*', 0, 2, 5.83, 2),
('GM0218', 'G', 'M', 'SISIK NAGA MOZA*', 3, 3, 6.12, 2),
('GM0219', 'G', 'M', 'FNC PATAH VAR PTH*', 0, 2, 3.04, 2),
('GM022', 'G', 'M', 'COR VAR PTH', 5, 2, 8.6, 3),
('GM023', 'G', 'M', 'COR MOZAIK', 5, 2, 7.34, 3),
('GM024', 'G', 'M', 'COR MOZAIK PASIR', 5, 2, 15.25, 3),
('GM025', 'G', 'M', 'COR VAR PTH MOZAIK', 5, 2, 6.04, 3),
('GM026', 'G', 'M', 'COR PLAT AD', 1, 2, 9.8, 3),
('GM027', 'G', 'M', 'FNC VARIASI', 0, 2, 4.1, 3),
('GM028', 'G', 'M', 'FNC VARIASI', 0, 2, 4.1, 3),
('GM029', 'G', 'M', 'HLW 5 MAINAN 3 WNA', 0, 2, 5.85, 3),
('GM031', 'G', 'M', 'HLW 3BOLA AD', 0, 2, 5.56, 3),
('GM032', 'G', 'M', 'FNC PLAKATO 7MAINAN', 0, 2, 4.5, 3),
('GM033', 'G', 'M', 'PLAKATO GEMBOK HATI', 1, 2, 6.25, 3),
('GM034', 'G', 'M', 'SANTA 2BOLA PTH 1BOLA HTM', 0, 1, 4.63, 3),
('GM035', 'G', 'M', 'DOUBLE PERSEGI PJG VAR PT', 0, 2, 8.53, 3),
('GM037', 'G', 'M', 'FNC 3MN BULAT 2HATI', 0, 3, 3.1, 3),
('GM038', 'G', 'M', 'FNC 4MN', 0, 3, 3.06, 3),
('GM039', 'G', 'M', 'COR VAR PTH *GM022', 5, 2, 8.6, 3),
('GM040', 'G', 'M', 'RANTAI MOZAIK 2WNA', 5, 3, 10.85, 3),
('GM041', 'G', 'M', 'FNC VARIASI *GM028', 1, 2, 4.3, 3),
('GM042', 'G', 'M', 'ALFABET S *GM012', 0, 2, 1.53, 3),
('GM043', 'G', 'M', 'COR VAR PTH', 1, 3, 6.2, 3),
('GM044', 'G', 'M', 'FNC 4MAINAN', 0, 2, 3.15, 3),
('GM045', 'G', 'M', 'COIN 3BLT 4MN', 0, 3, 4.5, 3),
('GM046', 'G', 'M', 'FNC 10MN', 0, 2, 6.05, 3),
('GM047', 'G', 'M', 'COR SISIK NAGA VAR PTH', 0, 2, 9.1, 3),
('GM048', 'G', 'M', 'COR SISIK NAGA KUNING', 5, 2, 6.75, 3),
('GM049', 'G', 'M', 'COR VAR PTH LBG *', 3, 2, 9.55, 3),
('GM050', 'G', 'M', 'COR SISIK NAGA VAR PTH', 0, 2, 7.25, 3),
('GM051', 'G', 'M', 'FNC PLAKATO OVAL', 0, 3, 3.65, 3),
('GM052', 'G', 'M', 'PLAKATO PRSG PNJG', 0, 3, 3.1, 3),
('GM053', 'G', 'M', 'PLAKATO OVAL DOUBLE MR', 0, 3, 3.85, 3),
('GM054', 'G', 'M', 'PLAKATO OVAL DOUBLE ', 0, 3, 3.7, 3),
('GM055', 'G', 'M', 'PLAKATO WAJIK', 0, 3, 3.2, 3),
('GM056', 'G', 'M', 'PLAKATO PRSG PJG', 0, 3, 3.5, 3),
('GM057', 'G', 'M', 'COR SISIK NAGA VAR PTH*', 5, 3, 10.85, 3),
('GM058', 'G', 'M', 'FANCY 8MN *', 0, 2, 4.95, 2),
('GM059', 'G', 'M', 'PLAKATO', 0, 3, 3.6, 3),
('GM060', 'G', 'M', 'PLAKATO', 0, 3, 3.17, 3),
('GM061', 'G', 'M', 'PLAKATO', 0, 3, 3.49, 3),
('GM062', 'G', 'M', 'PLAKATO', 0, 3, 3.83, 3),
('GM063', 'G', 'M', 'PLAKATO MOZA', 0, 2, 3.2, 3),
('GM064', 'G', 'M', 'PLAKATO MOZA', 0, 2, 2.37, 3),
('GM065', 'G', 'M', 'BOTORAN', 0, 2, 4.6, 3),
('GM066', 'G', 'M', 'COR SISIK NAGA VAR PTH*', 0, 2, 9.1, 3),
('GM067', 'G', 'M', 'FNC 4 DOLLAR ', 0, 2, 3.98, 3),
('GM068', 'G', 'M', 'FNC PLAKATO 4MN*', 0, 3, 3.08, 3),
('GM069', 'G', 'M', 'ALFABET R*', 0, 2, 1.87, 3),
('GM070', 'G', 'M', 'FNC 5MN', 0, 2, 3.12, 3),
('GM071', 'G', 'M', 'FNC PLAKATO 4MN', 0, 3, 3.05, 3),
('GM072', 'G', 'M', 'PLAKATO OVAL', 0, 3, 4.53, 3),
('GM073', 'G', 'M', 'FANCY PLAKATO 4MN', 0, 3, 3.03, 3),
('GM074', 'G', 'M', 'FANCY 6MN*', 1, 3, 4.42, 2),
('GM075', 'G', 'M', 'FNC PLAKATO 4MN', 0, 3, 3.28, 2),
('GM076', 'G', 'M', 'FANCY PLAKATO 4MN*', 0, 3, 2.7, 3),
('GM077', 'G', 'M', 'FNC 1BEL+1BUNGA MOZA', 4, 2, 2.06, 3),
('GM078', 'G', 'M', 'FNC KEMBANG 1BEL+1BLT MOZ', 4, 2, 2, 3),
('GM079', 'G', 'M', 'CANDY 1BEL+BNG MOZA', 4, 2, 5.03, 3),
('GM080', 'G', 'M', 'CANDY 1BEL+BNG MOZA', 4, 2, 4.9, 3),
('GM081', 'G', 'M', 'FNC 8MN', 0, 2, 7.69, 3),
('GM082', 'G', 'M', 'FNC PLAKATO 5MN', 0, 2, 4.5, 2),
('GM083', 'G', 'M', 'R*', 0, 2, 1.85, 3),
('GM084', 'G', 'M', 'KOIN 3WNA', 0, 2, 3.92, 3),
('GM085', 'G', 'M', 'FNC 11MN', 0, 2, 6.98, 3),
('GM086', 'G', 'M', 'FNC 5MN KOKOT PER', 0, 2, 3.2, 2),
('GM087', 'G', 'M', 'RANTE 5MN', 0, 2, 5.1, 3),
('GM088', 'G', 'M', 'FNC 8MN', 0, 2, 5.12, 3),
('GM089', 'G', 'M', 'PLAKATO OVAL PERSEGI', 0, 3, 3.56, 3),
('GM090', 'G', 'M', 'FNC 4MN 2HTI 2BTG*', 0, 3, 2.68, 3),
('GM091', 'G', 'M', 'FNC 4MN 2BLT 2TETES', 0, 3, 3.05, 3),
('GM092', 'G', 'M', 'DOUBLE PERSEGI GANDENG*', 0, 2, 8.43, 3),
('GM093', 'G', 'M', 'FNC PLAKATO 4MN', 0, 3, 3.03, 3),
('GM094', 'G', 'M', 'ALFABER R*', 0, 2, 1.85, 3),
('GM095', 'G', 'M', 'CANDY 2BEL', 0, 2, 4.6, 3),
('GM096', 'G', 'M', 'CANDY 2BEL', 0, 2, 4.58, 3),
('GM097', 'G', 'M', 'FNC 7MN', 0, 2, 4.4, 3),
('GM098', 'G', 'M', 'PLAKATO 2MN DOLLAR', 0, 2, 5.98, 3),
('GM099', 'G', 'M', 'PLAKATO *GM060', 0, 3, 3.16, 3),
('GM100', 'G', 'M', 'COR MOZA PASIRAN*', 0, 2, 15.24, 3),
('GM101', 'G', 'M', 'FNC 5MN LOVE', 0, 2, 2.45, 3),
('GM102', 'G', 'M', 'ALFABET O', 0, 2, 1.55, 3),
('GM103', 'G', 'M', 'FNC KEMBANG 1BEL+1BLT MOZ', 4, 2, 2, 3),
('GM104', 'G', 'M', 'PLAKATO TRIPLE', 0, 2, 6.18, 3),
('GM105', 'G', 'M', 'PLAKATO PATAH', 1, 2, 4.32, 3),
('GM106', 'G', 'M', 'FANCY PATAH', 1, 2, 4.45, 3),
('GM107', 'G', 'M', 'BOTORAN 3WNA', 1, 2, 4, 3),
('GM108', 'G', 'M', 'HATI 3WNA', 1, 2, 5.09, 3),
('GM109', 'G', 'M', 'FNC 5MN', 0, 3, 3.04, 3),
('GM110', 'G', 'M', 'ALFABET \"B\"', 0, 2, 1.66, 3),
('GM111', 'G', 'M', 'FNC BAMBU BTG', 1, 2, 4.1, 3),
('GM112', 'G', 'M', 'PLAKATO*', 0, 3, 3.69, 3),
('GM113', 'G', 'M', '(B) FNC KOTAK MOZA 2BEL', 0, 3, 2.14, 3),
('GM114', 'G', 'M', 'SISIK NAGA MOZA', 3, 3, 6.12, 3),
('GM115', 'G', 'M', '(B) PLAKATO OVAL*', 0, 3, 3.83, 3),
('GM116', 'G', 'M', 'FNC PATAH VAR PTH', 0, 2, 7.03, 3),
('GM117', 'G', 'M', 'PLAKATO MOZA', 0, 2, 3.2, 3),
('GM118', 'G', 'M', 'COR SISIK NAGA', 5, 2, 7.28, 3),
('GM119', 'G', 'M', 'PLAKATO OVAL DOUBLE*', 0, 3, 3.78, 3),
('GM120', 'G', 'M', 'HLW PATAH *GM116', 0, 2, 7.03, 2),
('GM121', 'G', 'M', 'FNC 10MN *GM046', 0, 2, 6.02, 3),
('GM122', 'G', 'M', 'CANDY 1BEL *GM080', 4, 2, 4.9, 3),
('GM123', 'G', 'M', 'FNCY KOTAK 10MN*GP104', 0, 2, 3.33, 2),
('GM124', 'G', 'M', 'PLAKATO PATAH *', 1, 2, 4.32, 3),
('GM125', 'G', 'M', 'PLAKATO OVAL', 0, 3, 3.36, 3),
('GM126', 'G', 'M', 'PLAKATO*', 0, 3, 3.28, 3),
('GM127', 'G', 'M', 'PLAKATO TRIPLE*', 0, 2, 6.18, 3),
('GM128', 'G', 'M', 'FNC PLAKATO 4MN', 0, 3, 2.68, 3),
('GM129', 'G', 'M', 'DOUBLE PERSEGI KRWNG*', 0, 2, 8.43, 2),
('GM130', 'G', 'M', '12HATI + 2BEL', 0, 2, 3.72, 3),
('GM131', 'G', 'M', 'HLW PATAH ', 0, 2, 6.01, 3),
('GM132', 'G', 'M', 'HLW PATAH', 0, 2, 10.05, 2);
INSERT INTO `master_items` (`id`, `category`, `subcategory`, `nama`, `supplier`, `karat`, `berat`, `stocks`) VALUES
('GM133', 'G', 'M', 'FNC PLAKATO', 0, 2, 5.15, 3),
('GM134', 'G', 'M', 'BLT PATAH MOZA', 0, 2, 5.19, 3),
('GM135', 'G', 'M', 'BOLA MOZA 3WNA', 0, 2, 4.45, 3),
('GM136', 'G', 'M', 'BOLA PIPIH VAR PTH MOZA', 0, 2, 4.86, 3),
('GM137', 'G', 'M', 'MEDAN 2BEL*', 0, 2, 2.72, 3),
('GM138', 'G', 'M', 'VAR PTH TANGGA', 1, 2, 7.13, 3),
('GM139', 'G', 'M', 'FNC VARIASI 3 BOLA', 0, 2, 6.72, 3),
('GM140', 'G', 'M', 'PLAKATO VARIASI3WNA*', 0, 2, 4.9, 2),
('GM141', 'G', 'M', 'COR SISIK NAGA* rusak', 0, 2, 7.22, 4),
('GM142', 'G', 'M', 'COR SISIK NAGA*', 5, 2, 6.7, 3),
('GM143', 'G', 'M', 'FNC PLAKATO 4MN*', 0, 3, 2.68, 3),
('GM144', 'G', 'M', 'FANCY KOTAK', 4, 2, 2.07, 3),
('GM145', 'G', 'M', 'PLAKATO PATAH VAR PTH MOZ', 1, 2, 4.15, 3),
('GM146', 'G', 'M', 'PLAKATO TRIPLE*', 0, 2, 6.18, 3),
('GM147', 'G', 'M', 'PLAKATO', 0, 3, 4.34, 3),
('GM148', 'G', 'M', 'PLAKATO*', 0, 3, 3.6, 3),
('GM149', 'G', 'M', 'FNC PATAH MOZA', 0, 2, 3.04, 3),
('GM150', 'G', 'M', 'FNC VARIASI 2 MN BOLA', 0, 2, 5.46, 2),
('GM151', 'G', 'M', 'COR SISIK NAGA VAR PTH', 5, 2, 6, 2),
('GM153', 'G', 'M', 'COR SISIK NAGA VAR PTH', 5, 2, 8.6, 3),
('GM154', 'G', 'M', 'FNC PATAH MOZA', 0, 2, 3.05, 3),
('GM155', 'G', 'M', 'COR BOLA ', 3, 2, 7.35, 2),
('GM156', 'G', 'M', 'FNC 1BOLA+2BOLA KRWNG*', 0, 2, 6.72, 3),
('GM157', 'G', 'M', '(B) FNC 2BEL*', 0, 2, 3.1, 3),
('GM158', 'G', 'M', 'BOLA PIPIH VAR PTH MOZA *', 0, 2, 4.88, 3),
('GM159', 'G', 'M', 'CANDY 2 BEL*', 0, 2, 4.58, 3),
('GM160', 'G', 'M', 'HOLLOW PATAH*', 0, 2, 4.04, 3),
('GM161', 'G', 'M', 'CANDY 1BEL 1PLAT*', 4, 2, 5.03, 3),
('GM162', 'G', 'M', 'PLAKATO MOZA*', 0, 2, 2.37, 3),
('GM163', 'G', 'M', 'FNC 14MN*', 0, 2, 3.69, 2),
('GM164', 'G', 'M', 'PLAKATO OVAL*', 0, 3, 3.6, 3),
('GM165', 'G', 'M', 'FANCY PATAH MOZA*', 0, 2, 3.04, 3),
('GM166', 'G', 'M', 'FANCY BAMBU*', 1, 2, 4.1, 3),
('GM167', 'G', 'M', 'PLAKATO 3BLT OVAL', 0, 2, 3.88, 3),
('GM168', 'G', 'M', 'PLAKATO 2BLT OVAL', 0, 2, 2.64, 3),
('GM169', 'G', 'M', 'PLAKATO OVAL', 0, 2, 2.67, 3),
('GM170', 'G', 'M', '4MN HATI 1 \"LOVE\"*', 0, 2, 2.45, 2),
('GM171', 'G', 'M', 'PLAKATO OVAL*', 0, 2, 3.6, 3),
('GM172', 'G', 'M', 'PLAKATO OVAL 3WNA*', 0, 2, 4.84, 2),
('GM173', 'G', 'M', 'PLAKATO*', 0, 2, 3.2, 3),
('GM174', 'G', 'M', 'HOLLOW PATAH*', 0, 2, 4.1, 3),
('GM175', 'G', 'M', 'BOLA MOZA 3WNA*', 0, 2, 4.45, 3),
('GM176', 'G', 'M', 'FNC KOTAK MOZA BEL 1MN', 4, 2, 2.02, 3),
('GM177', 'G', 'M', 'FNC KOTAK MOZA BEL 1MN', 4, 2, 2.07, 3),
('GM178', 'G', 'M', 'PLAKATO', 0, 2, 2.34, 3),
('GM179', 'G', 'M', 'FANCY KOTAK 2BEL', 0, 3, 2.15, 3),
('GM180', 'G', 'M', 'FANCY KOTAK 2BEL', 0, 3, 2.3, 3),
('GM181', 'G', 'M', 'FNC 2BEL KNG*', 0, 2, 2.12, 3),
('GM182', 'G', 'M', 'FNCY 11 MN*', 0, 2, 7.05, 2),
('GM183', 'G', 'M', 'COR MOZA PASIRAN*', 0, 2, 15.3, 3),
('GM184', 'G', 'M', 'MEDAN 2BEL*', 0, 2, 4.2, 2),
('GM185', 'G', 'M', 'HATI MOZA 3WNA*', 1, 2, 5.1, 2),
('GM186', 'G', 'M', 'FNCY 2BOLA KRWNG + 1 BOLA', 0, 2, 6.75, 2),
('GP001', 'G', 'P', 'HLW PATAH VAR PTH', 3, 2, 3, 3),
('GP002', 'G', 'P', 'HLW PATAH VAR PTH', 0, 2, 4.11, 3),
('GP003', 'G', 'P', 'HLW PATAH VAR PTH', 0, 2, 7.05, 3),
('GP004', 'G', 'P', 'HLW PATAH VAR PTH', 0, 2, 4.05, 3),
('GP005', 'G', 'P', 'HLW PATAH VAR PTH', 0, 2, 6.02, 3),
('GP006', 'G', 'P', 'FNC PATAH VAR PTH', 1, 2, 4.1, 3),
('GP007', 'G', 'P', 'FNC PATAH VAR PTH', 1, 2, 4, 3),
('GP008', 'G', 'P', 'HLW', 0, 1, 8.16, 1),
('GP010', 'G', 'P', 'HLW', 0, 1, 12.14, 2),
('GP012', 'G', 'P', 'HLW', 0, 1, 8.03, 2),
('GP0125', 'G', 'P', 'HOLLOW KUNING', 0, 2, 2.08, 2),
('GP0126', 'G', 'P', 'HOLLOW KUNING', 0, 2, 5.92, 2),
('GP014', 'G', 'P', 'HLW', 0, 1, 8.07, 3),
('GP016', 'G', 'P', 'SQ DOUBLE', 0, 1, 4.14, 2),
('GP017', 'G', 'P', 'SQ DOUBLE', 0, 1, 3.13, 2),
('GP018', 'G', 'P', 'SQ DOUBLE', 0, 1, 1.94, 2),
('GP019', 'G', 'P', 'SQ DOUBLE', 0, 1, 3.05, 2),
('GP020', 'G', 'P', 'SQ DOUBLE', 0, 1, 2.09, 2),
('GP021', 'G', 'P', 'SQ DOUBLE', 0, 1, 2, 2),
('GP022', 'G', 'P', 'SQ DOUBLE', 0, 1, 4.2, 3),
('GP023', 'G', 'P', 'SQ DOUBLE', 1, 2, 5.1, 3),
('GP024', 'G', 'P', 'SQ DOUBLE', 1, 2, 7.06, 3),
('GP025', 'G', 'P', 'SQ DOUBLE', 0, 2, 15.15, 3),
('GP026', 'G', 'P', 'SQ DOUBLE', 1, 2, 5.08, 3),
('GP027', 'G', 'P', 'SQ DOUBLE', 1, 2, 5.1, 3),
('GP028', 'G', 'P', 'SQ DOUBLE', 0, 2, 10.12, 3),
('GP030', 'G', 'P', 'SQ DOUBLE', 0, 2, 10.09, 3),
('GP032', 'G', 'P', 'FNC 2BEL', 0, 2, 4.12, 3),
('GP033', 'G', 'P', 'FNC 2BEL', 0, 2, 2.12, 3),
('GP034', 'G', 'P', 'FNC 2BEL*RETUR', 0, 2, 5.12, 4),
('GP036', 'G', 'P', 'FNC 2BEL', 0, 2, 7.15, 3),
('GP038', 'G', 'P', 'FNC 2BEL', 0, 2, 3.12, 3),
('GP039', 'G', 'P', 'FNC BUNGA 1BEL 1MN', 0, 2, 2.09, 3),
('GP040', 'G', 'P', 'FNC BUNGA 1BEL 1MN', 0, 2, 2.07, 3),
('GP041', 'G', 'P', 'MEDAN 2BEL', 0, 2, 2.73, 3),
('GP042', 'G', 'P', 'MEDAN BUNGA 2 BEL', 1, 2, 4.15, 3),
('GP043', 'G', 'P', 'MEDAN BUNGA 2BEL', 0, 2, 4, 3),
('GP044', 'G', 'P', 'HLW PLAT', 1, 2, 2.43, 3),
('GP045', 'G', 'P', 'HLW PLAT', 1, 2, 2.37, 3),
('GP046', 'G', 'P', 'PLAKATO', 0, 2, 4.77, 3),
('GP047', 'G', 'P', 'HLW SQ PLAT AD', 6, 2, 7.07, 3),
('GP048', 'G', 'P', 'FANCY', 0, 3, 4.6, 3),
('GP049', 'G', 'P', 'FANCY', 0, 3, 3.62, 3),
('GP050', 'G', 'P', 'FANCY', 0, 3, 3.83, 3),
('GP051', 'G', 'P', 'FANCY 2 BEL', 1, 3, 2.32, 3),
('GP052', 'G', 'P', 'FANCY', 0, 3, 3.5, 3),
('GP053', 'G', 'P', 'FANCY', 1, 3, 3.72, 3),
('GP054', 'G', 'P', 'PLAKATO', 1, 3, 3.1, 3),
('GP055', 'G', 'P', 'SQ DOUBLE', 0, 2, 10, 3),
('GP056', 'G', 'P', 'PLAKATO', 0, 3, 3.65, 3),
('GP057', 'G', 'P', 'SQ DOUBLE', 0, 2, 10.1, 1),
('GP058', 'G', 'P', 'SQ DOUBLE', 0, 2, 10.1, 1),
('GP059', 'G', 'P', 'SQ DOUBLE', 0, 2, 15.2, 3),
('GP060', 'G', 'P', 'PERSEGI MOZAIK 2BEL', 0, 3, 2.35, 3),
('GP061', 'G', 'P', 'SQ DOUBLE *', 0, 2, 10.12, 3),
('GP062', 'G', 'P', 'FANCY 2BEL*', 0, 3, 2.1, 3),
('GP063', 'G', 'P', 'MOZAIK 2BEL', 0, 3, 2.35, 3),
('GP064', 'G', 'P', 'FANCY 2BEL', 0, 3, 2.07, 3),
('GP065', 'G', 'P', 'HLW PLAT', 1, 2, 2.43, 3),
('GP066', 'G', 'P', 'SQ DOUBLE*', 0, 2, 5.18, 3),
('GP067', 'G', 'P', 'SQUARE DOUBLE *', 1, 2, 5.08, 3),
('GP068', 'G', 'P', 'VAR PTH MOZAIK 6.5CM', 10, 3, 3.37, 3),
('GP069', 'G', 'P', 'VAR PTH MOZAIK 6.5CM', 10, 3, 3.4, 3),
('GP070', 'G', 'P', 'VAR PTH MOZAIK 6.5CM', 10, 3, 3.37, 3),
('GP071', 'G', 'P', 'VAR PTH MOZAIK 6.5CM', 10, 3, 3.32, 3),
('GP072', 'G', 'P', 'VAR PTH MOZAIK 6.5CM', 10, 3, 3.33, 3),
('GP073', 'G', 'P', 'VAR PTH MOZAIK 6.5CM', 10, 3, 3.35, 3),
('GP074', 'G', 'P', 'MOZAIK 5CM*', 1, 2, 2.25, 3),
('GP076', 'G', 'P', 'FANCY 2BEL*', 0, 2, 2.19, 3),
('GP077', 'G', 'P', 'FNC 2BEL*RETUR', 0, 2, 7.14, 4),
('GP078', 'G', 'P', 'COR SISIK NAGA*', 3, 3, 6.17, 3),
('GP079', 'G', 'P', 'PLAKATO*', 0, 3, 3.14, 3),
('GP080', 'G', 'P', 'COR SISIK NAGA', 5, 3, 10.64, 3),
('GP082', 'G', 'P', 'FNCY PLAKATO 4MN*', 0, 3, 2.73, 3),
('GP083', 'G', 'P', 'COR VAR PTH*', 3, 2, 11.36, 3),
('GP084', 'G', 'P', 'FNC 2BEL*', 0, 2, 3.14, 3),
('GP085', 'G', 'P', 'FNC PATAH VAR PTH MOZAIK*', 1, 2, 4.1, 3),
('GP086', 'G', 'P', 'PLAKATO', 0, 2, 2.36, 3),
('GP087', 'G', 'P', 'VAR PTH HLW PATAH*', 0, 2, 6.02, 3),
('GP088', 'G', 'P', 'FNC 5MN*', 0, 2, 3.3, 2),
('GP089', 'G', 'P', 'FNC MOZAIK 2BEL*', 0, 3, 2.18, 3),
('GP090', 'G', 'P', 'FANCY 14MN', 0, 2, 3.75, 3),
('GP091', 'G', 'P', 'PLAKATO', 0, 3, 3.54, 3),
('GP092', 'G', 'P', 'FNC VARIASI 5MN 3WNA', 0, 2, 3.73, 3),
('GP093', 'G', 'P', 'FNC VARIASI 10MN 3WNA', 0, 2, 4.07, 3),
('GP094', 'G', 'P', 'FNC PLAKATO VAR PTH 3WNA', 0, 2, 4.86, 3),
('GP095', 'G', 'P', 'FNC 5MN VAR PTH 3WNA', 0, 2, 2.42, 3),
('GP096', 'G', 'P', 'PLAKATO OVAL*', 0, 3, 3.56, 3),
('GP097', 'G', 'P', 'PERSEGI MOZAIK*', 0, 3, 2.35, 3),
('GP098', 'G', 'P', 'FNC 8MN', 0, 2, 7.69, 3),
('GP099', 'G', 'P', 'FNC 2BEL', 0, 3, 2.05, 3),
('GP100', 'G', 'P', 'FNC 8MN 4HT MOZA 4HATI PO', 0, 2, 5.12, 3),
('GP101', 'G', 'P', 'PLAKATO OVAL*', 0, 3, 3.82, 3),
('GP102', 'G', 'P', 'FNC PLAKATO 4MN*', 0, 3, 2.7, 3),
('GP103', 'G', 'P', 'FNC 8MN*', 0, 2, 7.8, 2),
('GP104', 'G', 'P', 'FNC 10MN*', 0, 2, 3.33, 3),
('GP105', 'G', 'P', 'COR SISIK NAGA*', 5, 3, 10.64, 3),
('GP106', 'G', 'P', 'HLW SQ PLAT AD', 6, 2, 7.07, 3),
('GP107', 'G', 'P', 'HLW PATAH*', 3, 2, 3, 3),
('GP108', 'G', 'P', '(B) FNC PLAKATO 4MN', 0, 3, 2.7, 3),
('GP109', 'G', 'P', 'PLAKATO 3WNA', 0, 2, 4.84, 3),
('GP110', 'G', 'P', 'FNC 5HATI + 2HATI GNTUNG', 0, 2, 3.11, 3),
('GP111', 'G', 'P', 'FNC 4HATI PTH+7BOLA 3WNA', 0, 2, 4.51, 3),
('GP112', 'G', 'P', 'SQUARE DOUBLE', 0, 2, 5.1, 2),
('GP113', 'G', 'P', 'HOLLOW PLAT MOZA', 1, 2, 2.42, 3),
('GP114', 'G', 'P', 'SQUARE DOUBLE', 1, 2, 7.23, 2),
('GP115', 'G', 'P', 'SQUARE DOUBLE', 1, 2, 7.09, 1),
('GP116', 'G', 'P', 'FNC PERSEGI *GP097', 0, 3, 2.29, 3),
('GP117', 'G', 'P', 'MEDAN MOZA *GP043', 0, 2, 3.99, 2),
('GP118', 'G', 'P', 'HOLLOW PATAH *GP002', 0, 2, 4.09, 3),
('GP119', 'G', 'P', 'SQUARE DOUBLE*', 1, 2, 5.08, 3),
('GP120', 'G', 'P', 'FNC 2BEL*', 0, 3, 2.05, 3),
('GP121', 'G', 'P', 'HOLLOW DOUBLE', 0, 1, 7.95, 2),
('GP122', 'G', 'P', 'SQUARE DOUBLE*', 0, 2, 15.15, 3),
('GP123', 'G', 'P', 'FNC 2 BEL*', 0, 3, 2.05, 3),
('GP124', 'G', 'P', 'HOLLOW KUNING', 0, 1, 15.1, 2),
('HB001', 'H', 'B', 'MOZAIK', 1, 1, 2.25, 3),
('HB002', 'H', 'B', 'MOZAIK', 1, 1, 2.21, 3),
('HB003', 'H', 'B', 'AD ANK STGH WARU', 3, 2, 3.23, 3),
('HB004', 'H', 'B', 'AD ANK 2 WARU', 3, 2, 3.1, 3),
('HB005', 'H', 'B', 'AD ANK STGH WARU', 3, 2, 3.2, 3),
('HB006', 'H', 'B', 'AD ANK STGH WARU PINK', 3, 2, 3.32, 3),
('HB007', 'H', 'B', 'AD ANK STGH WARU', 3, 2, 3.11, 3),
('HB008', 'H', 'B', 'AD ANK STGH WARU', 3, 2, 3.04, 3),
('HB009', 'H', 'B', 'AD ANK STGH 2 WARU', 3, 2, 3.06, 3),
('HB010', 'H', 'B', 'AD ANK WAJIK', 3, 2, 3.26, 3),
('HB011', 'H', 'B', 'AD ANK 2 WARU', 3, 2, 3.07, 3),
('HB012', 'H', 'B', 'VAR 6 DAUN TIMBUL', 0, 3, 3.7, 3),
('HB0124', 'H', 'B', 'HATI AD PINK PTH', 0, 3, 1.9, 3),
('HB0125', 'H', 'B', 'BNK CAT', 0, 2, 1.46, 2),
('HB0126', 'H', 'B', 'MOZA 3WNA*', 0, 2, 2.25, 2),
('HB0127', 'H', 'B', 'MOZA 3WNA*', 0, 2, 2.28, 2),
('HB0128', 'H', 'B', '(B) BNK CAT AD', 3, 2, 2.08, 2),
('HB0129', 'H', 'B', 'MICKEY AD', 0, 2, 1.65, 3),
('HB013', 'H', 'B', 'DAUN MOZAIK', 0, 3, 3.65, 3),
('HB014', 'H', 'B', 'DAUN MOZAIK', 0, 3, 3.55, 3),
('HB015', 'H', 'B', 'DAUN MOZAIK', 0, 3, 3.6, 3),
('HB016', 'H', 'B', 'MOZAIK', 1, 2, 2.25, 3),
('HB017', 'H', 'B', 'MOZAIK', 1, 2, 2.3, 3),
('HB018', 'H', 'B', 'MOZAIK', 1, 2, 2.3, 3),
('HB019', 'H', 'B', 'VAR 6 DAUN TIMBUL', 0, 3, 3.7, 2),
('HB020', 'H', 'B', 'VAR 6 DAUN TIMBUL', 0, 3, 3.65, 2),
('HB021', 'H', 'B', 'VAR 6 DAUN TIMBUL', 0, 3, 3.6, 2),
('HB022', 'H', 'B', 'VAR 6 DAUN TIMBUL', 0, 3, 3.65, 2),
('HB023', 'H', 'B', 'VAR 6 DAUN TIMBUL', 0, 3, 3.7, 2),
('HB024', 'H', 'B', 'VAR 6 DAUN TIMBUL', 0, 3, 3.6, 2),
('HB025', 'H', 'B', 'VAR PTH ', 0, 3, 3.05, 3),
('HB026', 'H', 'B', 'VAR PTH ', 0, 3, 2.9, 2),
('HB027', 'H', 'B', 'BLT ULIR AD PINK MERAH', 0, 3, 2, 2),
('HB028', 'H', 'B', 'HATI AD PINK', 0, 3, 2.05, 3),
('HB029', 'H', 'B', 'HATI AD PINK', 0, 3, 2.05, 3),
('HB030', 'H', 'B', 'BLT AD PINK MERAH', 0, 3, 2, 3),
('HB031', 'H', 'B', 'KUPU AD PINK', 0, 3, 2, 3),
('HB032', 'H', 'B', 'KUPU AD PINK', 0, 3, 2.05, 3),
('HB033', 'H', 'B', 'MOZAIK 3WNA 4MM D4CM', 0, 3, 2.62, 3),
('HB034', 'H', 'B', 'MOZAIK 3WNA 4MM D4CM', 0, 3, 2.61, 2),
('HB035', 'H', 'B', 'MOZAIK 3WNA 4MM D4CM', 0, 3, 2.62, 2),
('HB036', 'H', 'B', 'MOZAIK 3WNA 4MM D4CM', 0, 3, 2.67, 3),
('HB037', 'H', 'B', 'MOZAIK 3WNA 4MM D4CM', 0, 3, 2.65, 3),
('HB038', 'H', 'B', 'MOZAIK 3WNA 3MM D4CM', 0, 3, 2.12, 3),
('HB039', 'H', 'B', 'MOZAIK 3WNA 3MM D4CM', 0, 3, 2.06, 3),
('HB040', 'H', 'B', 'MOZAIK 3WNA 3MM D4CM', 0, 3, 2.11, 3),
('HB041', 'H', 'B', 'MOZAIK 3WNA 3MM D4CM', 0, 3, 2.08, 3),
('HB042', 'H', 'B', '2BOLA AD SALIPAN', 0, 3, 2.8, 3),
('HB043', 'H', 'B', '2BOLA AD SALIPAN', 0, 3, 2.82, 3),
('HB044', 'H', 'B', 'ULIR 2MN HATI', 0, 3, 2.15, 3),
('HB045', 'H', 'B', 'ULIR 2MN HATI', 0, 3, 2.15, 3),
('HB046', 'H', 'B', 'VAR PTH MOZAIK 0.4CM', 3, 3, 2.02, 2),
('HB047', 'H', 'B', 'VAR PTH MOZAIK 0.4CM', 3, 3, 2.05, 3),
('HB048', 'H', 'B', 'VAR PTH MOZAIK 0.4CM', 3, 3, 2.04, 3),
('HB049', 'H', 'B', 'VAR PTH MOZAIK 0.4CM', 3, 3, 2, 3),
('HB050', 'H', 'B', 'VAR PTH MOZAIK 0.4CM', 3, 3, 2.05, 3),
('HB051', 'H', 'B', 'VAR PTH MOZAIK 0.4CM', 3, 3, 2.05, 3),
('HB052', 'H', 'B', 'HK PITA CAT', 0, 2, 2.25, 2),
('HB053', 'H', 'B', 'HK PITA CAT', 0, 2, 2.25, 2),
('HB055', 'H', 'B', 'MELODY CAT', 0, 2, 2.1, 2),
('HB057', 'H', 'B', 'TSUM CAT CO', 0, 2, 1.5, 3),
('HB060', 'H', 'B', 'BUNGA KUPU CAT AD', 0, 2, 2.37, 3),
('HB061', 'H', 'B', 'BUNGA KUPU CAT AD', 0, 2, 2.43, 3),
('HB062', 'H', 'B', 'MOZAIK', 1, 2, 2.22, 3),
('HB063', 'H', 'B', 'MOZAIK', 1, 2, 2.25, 3),
('HB064', 'H', 'B', 'MOZAIK', 1, 2, 2.26, 3),
('HB065', 'H', 'B', 'VAR PTH BAMBU', 0, 2, 2.98, 3),
('HB066', 'H', 'B', 'VAR PTH BAMBU', 0, 2, 2.92, 3),
('HB067', 'H', 'B', 'VAR PTH BAMBU', 0, 2, 2.94, 3),
('HB068', 'H', 'B', 'VAR PTH MOZAIK', 0, 2, 2.92, 2),
('HB069', 'H', 'B', 'VAR PTH MOZAIK', 0, 2, 2.9, 2),
('HB070', 'H', 'B', 'VAR PTH MOZAIK', 0, 2, 2.9, 2),
('HB071', 'H', 'B', '5BOLA (1MOZAIK 4PASIRAN)', 0, 2, 2.75, 3),
('HB072', 'H', 'B', '5BOLA (1MOZAIK 4PASIRAN)', 0, 2, 2.7, 3),
('HB073', 'H', 'B', '5BOLA (1MOZAIK 4PASIRAN)', 0, 2, 2.66, 3),
('HB074', 'H', 'B', '5BOLA (1MOZAIK 4PASIRAN)', 0, 2, 2.7, 3),
('HB075', 'H', 'B', '5BOLA (3MOZAIK 2PASIRAN)', 0, 2, 2.56, 3),
('HB076', 'H', 'B', '5BOLA (3MOZAIK 2PASIRAN)', 0, 2, 2.56, 3),
('HB077', 'H', 'B', 'VAR PTH AD', 0, 2, 2.73, 3),
('HB078', 'H', 'B', 'VAR PTH AD', 0, 2, 2.73, 3),
('HB079', 'H', 'B', 'VAR PTH MOZA', 3, 2, 2.91, 3),
('HB080', 'H', 'B', 'VAR PTH GELOMBANG', 0, 2, 2.69, 3),
('HB081', 'H', 'B', 'KUPU AD PINK', 0, 3, 1.92, 3),
('HB082', 'H', 'B', 'HATI AD PINK', 0, 3, 1.95, 3),
('HB083', 'H', 'B', 'HATI AD PINK', 0, 3, 1.95, 3),
('HB084', 'H', 'B', 'OVAL KUPU AD PINK', 0, 3, 1.93, 3),
('HB085', 'H', 'B', 'BUNGA KUPU CAT', 0, 2, 2.36, 2),
('HB086', 'H', 'B', 'BUNGA KUPU CAT', 0, 2, 2.41, 2),
('HB087', 'H', 'B', 'BLT FULL AD SALIPAN*', 0, 3, 2.81, 3),
('HB088', 'H', 'B', 'HATI AD*', 3, 2, 3.04, 3),
('HB089', 'H', 'B', 'PELINTIR MOZA ', 3, 3, 3.03, 3),
('HB090', 'H', 'B', 'BUNGA MOZA STGH BLT', 3, 3, 1.98, 2),
('HB091', 'H', 'B', 'BUNGA MOZA STGH BLT', 3, 3, 1.98, 2),
('HB092', 'H', 'B', 'BAMBU MOZA', 0, 3, 2.16, 3),
('HB093', 'H', 'B', 'BAMBU MOZA', 0, 3, 2.15, 3),
('HB094', 'H', 'B', 'STGH BLT FULL AD SALIPAN*', 0, 3, 2.76, 2),
('HB095', 'H', 'B', 'BNK CAT*', 3, 2, 1.48, 3),
('HB096', 'H', 'B', 'VAR PTH KOTAK AD', 3, 3, 3.05, 3),
('HB097', 'H', 'B', 'VAR PTH MRH MOZA', 0, 2, 2.2, 2),
('HB098', 'H', 'B', 'MOZA 4CM', 1, 2, 1.75, 3),
('HB099', 'H', 'B', 'MOZA', 0, 3, 2.58, 2),
('HB100', 'H', 'B', 'DAUN MOZA', 0, 3, 3.58, 2),
('HB101', 'H', 'B', 'VAR PTH GARIS MOZA*', 0, 2, 2.89, 2),
('HB102', 'H', 'B', '(B) WARU STGH AD', 3, 2, 3, 3),
('HB103', 'H', 'B', '(B) WARU STGH AD', 3, 2, 3.18, 2),
('HB104', 'H', 'B', '(B) WARU STGH AD PINK', 3, 2, 3.2, 3),
('HB105', 'H', 'B', 'MOZA', 3, 2, 2.1, 3),
('HB106', 'H', 'B', 'MOZA', 3, 2, 2.13, 3),
('HB107', 'H', 'B', 'HATI AD *HB088', 3, 2, 3.04, 3),
('HB108', 'H', 'B', 'VAR PTH MOZA 4.5 CM', 0, 3, 2.37, 2),
('HB109', 'H', 'B', 'DAUN VAR PTH 4.5CM', 0, 3, 3.27, 3),
('HB110', 'H', 'B', 'DAUN VAR PTH 5CM', 0, 3, 3.63, 2),
('HB111', 'H', 'B', '(B)  DAUN MOZA 5CM', 0, 3, 3.56, 2),
('HB112', 'H', 'B', '(B)  DAUN MOZA 5CM', 0, 3, 3.51, 2),
('HB113', 'H', 'B', 'MOZA 4CM', 1, 2, 1.75, 2),
('HB114', 'H', 'B', 'DAUN MOZA 4CM', 0, 3, 3.17, 2),
('HB115', 'H', 'B', 'MOZA PASIRAN 4CM', 5, 2, 2.03, 3),
('HB116', 'H', 'B', 'MOZA 4CM', 0, 3, 2.36, 3),
('HB117', 'H', 'B', 'BAMBU MOZA 5CM', 0, 2, 2.92, 2),
('HB118', 'H', 'B', 'HATI AD', 3, 2, 3.1, 2),
('HB119', 'H', 'B', 'BAMBU MOZA*', 0, 3, 2.15, 2),
('HB120', 'H', 'B', '(B) HATI AD PINK*', 0, 3, 1.92, 2),
('HB121', 'H', 'B', 'VAR PTH*', 0, 2, 2.73, 2),
('HB122', 'H', 'B', 'VAR PTH*', 0, 2, 2.73, 2),
('HB123', 'H', 'B', 'VAR PTH DAIN*', 0, 3, 3.3, 2),
('HM001', 'H', 'M', '2MN CAT 2HATI', 4, 2, 1.73, 3),
('HM002', 'H', 'M', '2MN CAT 2HATI', 4, 2, 1.72, 3),
('HM003', 'H', 'M', 'FANCY 2 BEL', 0, 3, 2.07, 3),
('HM004', 'H', 'M', '2MN CAT 2HATI', 4, 2, 1.75, 3),
('HM0041', 'H', 'M', 'HOLLOW PATAH MOZA', 2, 2, 1.98, 2),
('HM0042', 'H', 'M', 'FNC 2BEL', 0, 3, 2.07, 3),
('HM0043', 'H', 'M', 'PLAT HT CAT HT AD', 0, 2, 2.08, 2),
('HM005', 'H', 'M', '6MN', 0, 1, 2.4, 3),
('HM006', 'H', 'M', 'FANCY 2 BEL', 0, 3, 2.1, 3),
('HM007', 'H', 'M', 'FANCY 2 BEL', 0, 3, 2.3, 3),
('HM008', 'H', 'M', 'FANCY 2 BEL', 0, 3, 2.15, 3),
('HM009', 'H', 'M', 'FANCY 2 BEL', 0, 3, 2.35, 3),
('HM010', 'H', 'M', 'FANCY 2 BEL', 0, 3, 3.1, 3),
('HM011', 'H', 'M', 'FANCY 4MN ', 0, 3, 2.75, 3),
('HM012', 'H', 'M', 'FANCY 4MN', 0, 3, 2.7, 3),
('HM013', 'H', 'M', 'FANCY 5MN', 0, 3, 3.1, 3),
('HM014', 'H', 'M', 'FANCY 4MN', 0, 3, 3.1, 3),
('HM015', 'H', 'M', 'FANCY 6MN', 0, 3, 4.3, 3),
('HM016', 'H', 'M', 'FNC 4MN  DEWASA', 0, 3, 2.7, 3),
('HM017', 'H', 'M', 'FNC 4MN DEWASA', 0, 3, 3.05, 3),
('HM018', 'H', 'M', 'FNC 4MN DEWASA', 0, 3, 2.72, 3),
('HM019', 'H', 'M', 'FNC 4MN DEWASA', 0, 3, 3.08, 3),
('HM020', 'H', 'M', 'FANCY 2BEL*', 0, 3, 2.13, 3),
('HM021', 'H', 'M', 'TSUM 2MN CAT 2BTG', 0, 2, 4.5, 3),
('HM022', 'H', 'M', '1 MINI CAT 3BTG', 0, 2, 1.95, 3),
('HM023', 'H', 'M', '2MELODY CAT 2BLT', 0, 2, 2.85, 2),
('HM024', 'H', 'M', '1HK CAT 1PITA CAT 4BLT', 0, 2, 2.38, 3),
('HM025', 'H', 'M', 'FNC HK + PITA CAT 4MN', 0, 2, 2.38, 3),
('HM026', 'H', 'M', '4BTG 1MINNIE CAT', 0, 2, 1.92, 3),
('HM027', 'H', 'M', '6MN HK CAT', 0, 2, 2.34, 2),
('HM029', 'H', 'M', 'FNC 6MN HK CAT', 0, 2, 2.36, 3),
('HM030', 'H', 'M', '5MN 4BNG 1MINNIE*', 0, 2, 1.93, 3),
('HM031', 'H', 'M', 'HATI CAT AD', 0, 2, 2.06, 3),
('HM032', 'H', 'M', 'DISNEY 6MN', 0, 2, 2.32, 2),
('HM033', 'H', 'M', 'DISNEY MICKEY 5MN', 0, 2, 1.9, 3),
('HM034', 'H', 'M', 'HLW PATAH', 3, 2, 1.99, 3),
('HM035', 'H', 'M', 'FNC 2 TOMAT 2 HATI PLAT', 4, 2, 1.7, 3),
('HM036', 'H', 'M', 'FNC 2 TOMAT 2 HATI PLAT', 4, 2, 1.72, 3),
('HM037', 'H', 'M', 'HATI AD CAT*', 0, 2, 2.06, 3),
('HM038', 'H', 'M', 'FNC 2BEL 14CM', 0, 2, 3.06, 3),
('HM039', 'H', 'M', 'HOLLOW PATAH*', 2, 2, 2, 3),
('HM040', 'H', 'M', 'FNC TOMAT CAT*', 0, 2, 1.75, 3),
('HP001', 'H', 'P', 'HLW PATAH', 0, 2, 2.05, 3),
('HP002', 'H', 'P', 'HLW PATAH', 0, 2, 2.05, 3),
('HP003', 'H', 'P', 'HLW PATAH', 0, 2, 3.03, 2),
('HP004', 'H', 'P', 'HLW PATAH', 0, 2, 3.05, 2),
('HP005', 'H', 'P', 'FNC 2BEL', 0, 3, 3.05, 3),
('HP006', 'H', 'P', 'HLW PATAH*', 3, 2, 2.04, 3),
('HP007', 'H', 'P', 'FNC 2BEL', 0, 3, 3.02, 3),
('HP009', 'H', 'P', 'FNC 2BEL 14CM', 0, 3, 3.03, 3),
('HP010', 'H', 'P', 'FNC 2BEL 14CM', 0, 3, 3.09, 3),
('HP011', 'H', 'P', 'FNC 2BEL 13CM', 0, 3, 2.12, 3),
('HP012', 'H', 'P', 'FNC 2BEL 13CM', 0, 3, 2.08, 3),
('HP013', 'H', 'P', 'FNC 2BEL', 0, 3, 2.94, 3),
('HP014', 'H', 'P', '*HP012', 0, 3, 2.06, 3),
('IB001', 'I', 'B', 'VAR CAT HK', 3, 2, 2.08, 3),
('IB002', 'I', 'B', 'VAR CAT HK', 3, 2, 2.12, 3),
('IB003', 'I', 'B', 'VAR CAT HK', 3, 2, 2.12, 3),
('IB004', 'I', 'B', 'VAR CAT HK', 3, 2, 1.45, 3),
('IB005', 'I', 'B', 'VAR CAT DORA', 3, 2, 1.51, 3),
('IB006', 'I', 'B', 'VAR CAT HK', 3, 2, 1.54, 3),
('IB007', 'I', 'B', 'VAR CAT HK', 3, 2, 1.6, 3),
('IB008', 'I', 'B', 'VAR CAT DORA', 3, 2, 2.07, 2),
('IB009', 'I', 'B', 'VAR CAT BONEKA', 3, 2, 1.52, 3),
('IB010', 'I', 'B', 'VAR CAT STROBERI', 3, 2, 1.54, 3),
('IB011', 'I', 'B', 'VAR CAT 2AD', 3, 2, 2.19, 3),
('IB012', 'I', 'B', 'VAR CAT AD BLT', 3, 2, 2.05, 3),
('IB0129', 'I', 'B', 'VELG DOUBLE 3,5CM', 7, 4, 1.98, 2),
('IB013', 'I', 'B', 'VAR CAT 2AD BTG', 2, 2, 2.07, 3),
('IB0130', 'I', 'B', 'VELG DOUBLE 3,5CM', 7, 4, 1.95, 2),
('IB0131', 'I', 'B', 'VELG DOUBLE 3,5CM', 7, 4, 2.05, 2),
('IB0132', 'I', 'B', 'VAR PTH*', 0, 2, 2.5, 3),
('IB0133', 'I', 'B', 'MOZA 3WNA*', 0, 2, 1.98, 2),
('IB0134', 'I', 'B', 'WAJIK AD*', 0, 2, 2.18, 2),
('IB0135', 'I', 'B', 'MICKEY AD', 0, 2, 1.65, 2),
('IB014', 'I', 'B', 'VAR CAT 2AD BTG', 3, 2, 2.1, 3),
('IB015', 'I', 'B', 'VAR CAT AD BLT', 3, 2, 2.11, 3),
('IB017', 'I', 'B', 'VAR PTH+AD BUNGA', 3, 2, 2.06, 3),
('IB018', 'I', 'B', 'VAR PTH+AD BUNGA', 3, 2, 2.13, 3),
('IB020', 'I', 'B', 'VAR 5BOLA', 0, 2, 2.63, 3),
('IB021', 'I', 'B', 'VAR 5BOLA', 0, 2, 2.43, 3),
('IB022', 'I', 'B', 'VAR 5BOLA', 0, 2, 2.55, 3),
('IB023', 'I', 'B', 'VAR 5BOLA', 0, 2, 2.44, 3),
('IB024', 'I', 'B', 'VAR PTH', 0, 2, 2.81, 3),
('IB025', 'I', 'B', 'VAR PTH', 0, 2, 2.82, 3),
('IB026', 'I', 'B', 'VAR PTH', 0, 2, 2.27, 3),
('IB027', 'I', 'B', 'VAR PTH', 0, 2, 1.97, 3),
('IB028', 'I', 'B', 'VAR PTH', 0, 2, 2, 3),
('IB029', 'I', 'B', 'VAR PTH', 0, 2, 2.22, 3),
('IB030', 'I', 'B', 'VAR PTH', 0, 2, 2.82, 3),
('IB031', 'I', 'B', 'VAR PTH', 0, 2, 2.25, 3),
('IB032', 'I', 'B', 'VAR PTH', 0, 2, 1.98, 3),
('IB033', 'I', 'B', 'VAR AD WAJIK', 0, 2, 2.2, 3),
('IB034', 'I', 'B', 'VAR AD WAJIK', 0, 2, 2.18, 3),
('IB035', 'I', 'B', 'ULIR VAR AD HATI', 0, 2, 2.08, 3),
('IB036', 'I', 'B', 'ULIR VAR AD HATI', 0, 2, 2.12, 3),
('IB037', 'I', 'B', 'ULIR VAR AD OVAL', 0, 2, 2, 3),
('IB038', 'I', 'B', 'VAR BTG+AD', 4, 2, 2.08, 2),
('IB039', 'I', 'B', 'VAR MOZAIK', 1, 2, 1.76, 3),
('IB040', 'I', 'B', 'VAR MOZAIK', 1, 2, 1.76, 3),
('IB041', 'I', 'B', 'STGH PIPA', 3, 2, 3.03, 2),
('IB042', 'I', 'B', 'STGH PIPA', 3, 2, 3.03, 2),
('IB043', 'I', 'B', 'STGH PIPA', 3, 3, 3.03, 3),
('IB044', 'I', 'B', 'STGH PIPA', 3, 2, 2.12, 3),
('IB045', 'I', 'B', 'STGH PIPA', 5, 2, 2.2, 3),
('IB046', 'I', 'B', 'VAR PUTIH PINK', 0, 3, 2.82, 3),
('IB047', 'I', 'B', 'DAUN MOZAIK', 0, 3, 3.3, 3),
('IB048', 'I', 'B', 'DAUN MOZAIK', 0, 3, 3.3, 3),
('IB049', 'I', 'B', 'DAUN MOZAIK', 0, 3, 3.35, 2),
('IB050', 'I', 'B', 'WAJIK KUNING VAR PTH', 8, 3, 2.15, 3),
('IB051', 'I', 'B', 'WAJIK KUNING VAR PTH', 8, 3, 2.08, 3),
('IB052', 'I', 'B', 'WAJIK KUNING VAR PTH', 8, 3, 2, 3),
('IB053', 'I', 'B', 'STGH PIPA VAR PTH', 0, 3, 2.5, 3),
('IB054', 'I', 'B', 'STGH PIPA VAR PTH', 0, 3, 2.45, 3),
('IB056', 'I', 'B', 'VAR PTH MRH MOZAIK 3.5 *', 0, 2, 1.96, 3),
('IB057', 'I', 'B', 'VAR PTH MERAH MOZAIK 4 *', 0, 2, 2.8, 2),
('IB058', 'I', 'B', 'MOZAIK *', 1, 2, 1.76, 3),
('IB059', 'I', 'B', 'MOZAIK 3WNA 4MM D3,5CM ', 0, 3, 2.45, 3),
('IB060', 'I', 'B', 'MOZAIK 3WNA 4MM D3,5CM', 0, 3, 2.3, 3),
('IB061', 'I', 'B', 'MOZAIK 3WNA 4MM D3,5CM', 0, 3, 2.3, 3),
('IB062', 'I', 'B', 'MOZAIK 3WNA 4MM D3,5CM', 0, 3, 2.3, 3),
('IB063', 'I', 'B', 'MOZAIK 3WNA 4MM D3,5CM', 0, 3, 2.42, 3),
('IB064', 'I', 'B', 'VAR PTH BAMBU  0.5CM', 0, 3, 2.02, 3),
('IB065', 'I', 'B', 'VAR PTH BAMBU  0.5CM', 0, 3, 2.02, 3),
('IB066', 'I', 'B', 'VAR PTH GLMBANG 0.5CM', 0, 3, 2.13, 3),
('IB067', 'I', 'B', 'VAR PTH GLMBANG 0.5CM', 0, 3, 2.07, 3),
('IB068', 'I', 'B', 'VAR PTH GLMBNG 0.8CM', 3, 3, 3.03, 3),
('IB069', 'I', 'B', 'VAR PTH GLMBNG 0.8CM', 3, 3, 3.08, 3),
('IB070', 'I', 'B', 'VAR PTH*', 0, 2, 2.82, 2),
('IB071', 'I', 'B', 'HK CAT', 0, 2, 2.25, 1),
('IB072', 'I', 'B', 'BNK BNGA CAT', 3, 2, 2.04, 3),
('IB073', 'I', 'B', 'BINTANG MOZAIK 3WNA', 0, 3, 2.28, 3),
('IB074', 'I', 'B', 'VAR PTH MOZAIK*', 3, 3, 2.03, 2),
('IB075', 'I', 'B', 'VAR PTH MOZAIK*', 3, 3, 2.03, 2),
('IB076', 'I', 'B', '5BOLA MOZAIK *', 0, 2, 2.56, 3),
('IB077', 'I', 'B', 'VAR PTH MOZAIK*', 0, 2, 2.79, 2),
('IB078', 'I', 'B', 'VAR PTH MOZAIK*', 0, 2, 2.79, 2),
('IB079', 'I', 'B', 'VAR PTH', 8, 3, 2.1, 2),
('IB080', 'I', 'B', 'VAR PTH MOZAIK*', 0, 3, 2.43, 3),
('IB081', 'I', 'B', 'VAR PTH MOZAIK*', 0, 3, 2.3, 3),
('IB082', 'I', 'B', 'VAR PTH WAJIK*', 8, 3, 2.03, 2),
('IB083', 'I', 'B', 'VAR PTH WAJIK*', 8, 3, 1.94, 2),
('IB084', 'I', 'B', '(B) SAPI 2 BUNGA AD', 3, 2, 2, 3),
('IB085', 'I', 'B', 'MOZA*', 0, 3, 2.03, 3),
('IB086', 'I', 'B', 'MOZA*', 0, 3, 2.08, 3),
('IB087', 'I', 'B', 'BNK CAT*', 3, 2, 1.48, 3),
('IB088', 'I', 'B', 'BTG MOZAIK VAR PTH*', 0, 3, 2.28, 3),
('IB089', 'I', 'B', 'MOZA', 0, 3, 2.25, 3),
('IB090', 'I', 'B', 'VAR PTH MOZA*', 0, 3, 2.44, 3),
('IB091', 'I', 'B', '(B) CAT AD BINTNG', 0, 2, 2.02, 3),
('IB092', 'I', 'B', 'BONEKA CAT KITTY SALIPAN*', 3, 2, 1.44, 3),
('IB093', 'I', 'B', 'MOZA 3.5 CM', 0, 3, 2.23, 3),
('IB094', 'I', 'B', '5BOLA MOZA PASIRAN 4CM', 0, 2, 2.54, 3),
('IB095', 'I', 'B', 'VAR PTH MOZA 4 CM', 0, 3, 2.05, 3),
('IB096', 'I', 'B', 'VAR PTH MOZA 4 CM', 0, 3, 2.11, 3),
('IB097', 'I', 'B', 'KELINCI AD', 3, 2, 1.96, 3),
('IB098', 'I', 'B', 'MOZA 4CM', 3, 3, 3.03, 2),
('IB099', 'I', 'B', 'VAR PTH MOZA 4CM', 5, 2, 2.16, 3),
('IB100', 'I', 'B', 'STGH AD SALIPAN', 0, 3, 2.8, 2),
('IB101', 'I', 'B', 'MOZA VAR PTH MRH 4CM', 0, 2, 2.48, 3),
('IB102', 'I', 'B', 'MOZA VAR PTH MRH 4CM', 0, 2, 2.51, 3),
('IB103', 'I', 'B', 'MOZA VAR PTH MRH 4CM', 0, 2, 2.44, 3),
('IB104', 'I', 'B', 'MOZA VAR PTH MRH 4CM', 0, 2, 2.47, 3),
('IB105', 'I', 'B', 'MOZA VAR PTH MRH 4CM', 0, 2, 2.53, 2),
('IB106', 'I', 'B', 'MOZA VAR PTH MRH 4CM', 0, 2, 2.52, 2),
('IB107', 'I', 'B', 'KG PELINTIR 4.5CM *RETUR', 0, 2, 7.52, 4),
('IB108', 'I', 'B', '(B) BNK CAT', 3, 2, 2.06, 3),
('IB109', 'I', 'B', '(B) MOZA 4CM', 3, 3, 2.92, 2),
('IB110', 'I', 'B', 'VAR PTH MOZA*', 0, 3, 2.42, 3),
('IB111', 'I', 'B', 'ULIR HATI AD PINK*', 0, 2, 2.06, 2),
('IB112', 'I', 'B', '5 BOLA MOZA PASIRAN*', 0, 2, 2.54, 3),
('IB113', 'I', 'B', 'VAR PTH MOZA*', 0, 3, 2.3, 2),
('IB114', 'I', 'B', 'HK CAT', 3, 2, 1.49, 3),
('IB115', 'I', 'B', 'BNK CAT', 3, 2, 1.48, 3),
('IB116', 'I', 'B', 'HK CAT', 3, 2, 2.07, 3),
('IB117', 'I', 'B', 'KUDA PONI CAT BIRU', 3, 2, 1.91, 2),
('IB118', 'I', 'B', 'VAR PTH MOZA 4CM*', 5, 2, 2.16, 2),
('IB119', 'I', 'B', 'HK CAT OSROT*', 3, 2, 2.07, 2),
('IB120', 'I', 'B', 'MOZA', 0, 2, 1.96, 2),
('IB121', 'I', 'B', 'MOZA', 0, 2, 1.95, 2),
('IB122', 'I', 'B', '(B) BUNGA BNK ', 3, 2, 2, 2),
('IB123', 'I', 'B', 'STRAW 2AD', 3, 2, 2.08, 3),
('IB124', 'I', 'B', 'STRAW 2AD', 3, 2, 2.06, 3),
('IB125', 'I', 'B', 'BUNGA VAR PTH 4AD', 3, 2, 2.09, 2),
('IB126', 'I', 'B', 'VAR PTH BUNGA 7AD', 3, 2, 1.96, 3),
('IB127', 'I', 'B', 'VAR PTH BUNGA 4AD', 3, 2, 2.09, 3),
('IB128', 'I', 'B', 'BNK CAT OSROT*', 3, 2, 1.52, 3),
('KC001', 'K', 'C', '', 0, 2, 10, 3),
('KC002', 'K', 'C', '', 0, 2, 9.82, 3),
('KC003', 'K', 'C', 'KECIL', 0, 1, 3.95, 3),
('KC004', 'K', 'C', 'KECIL', 0, 1, 4.06, 3),
('KC005', 'K', 'C', '*KC001', 0, 2, 10, 2),
('KC006', 'K', 'C', '*', 0, 1, 3.95, 3),
('KC007', 'K', 'C', '*', 0, 1, 4.07, 2),
('KC008', 'K', 'C', '*', 0, 2, 9.84, 3),
('KF001', 'K', 'F', NULL, 0, 2, 4.96, 1),
('KF002', 'K', 'F', '', 0, 2, 5.1, 3),
('KF003', 'K', 'F', '', 0, 2, 10.14, 3),
('KF004', 'K', 'F', '', 0, 2, 6.94, 3),
('KF005', 'K', 'F', '', 0, 2, 7.92, 1),
('KF006', 'K', 'F', '', 0, 2, 4.98, 3),
('KF007', 'K', 'F', 'ANAK', 0, 2, 4.08, 3),
('KF008', 'K', 'F', '', 0, 2, 3, 3),
('KF009', 'K', 'F', 'ANAK', 0, 2, 4.08, 1),
('KF010', 'K', 'F', '', 0, 2, 4.05, 3),
('KF011', 'K', 'F', '', 0, 2, 2, 3),
('KF012', 'K', 'F', '', 0, 2, 7.15, 3),
('KF014', 'K', 'F', '', 0, 2, 8.13, 3),
('KF015', 'K', 'F', '', 0, 2, 2, 3),
('KF016', 'K', 'F', '', 0, 2, 4.11, 3),
('KF017', 'K', 'F', '', 0, 2, 3.12, 3),
('KF018', 'K', 'F', '', 0, 2, 6.09, 2),
('KF019', 'K', 'F', '', 0, 2, 3.12, 3),
('KF020', 'K', 'F', 'ANAK', 0, 2, 3.05, 3),
('KF021', 'K', 'F', '', 0, 2, 1.59, 3),
('KF022', 'K', 'F', '', 0, 2, 3.05, 3),
('KF023', 'K', 'F', 'ANAK', 0, 2, 3.09, 3),
('KF024', 'K', 'F', '', 0, 2, 1.59, 3),
('KF025', 'K', 'F', '', 0, 2, 3.12, 3),
('KF026', 'K', 'F', '', 0, 2, 1.57, 3),
('KF027', 'K', 'F', '', 0, 2, 10.14, 2),
('KF028', 'K', 'F', 'KOKOT S', 0, 2, 8.13, 2),
('KF029', 'K', 'F', '*', 0, 2, 1.6, 3),
('KF030', 'K', 'F', '*', 0, 2, 3.2, 3),
('KF031', 'K', 'F', '', 0, 2, 6.89, 3),
('KF032', 'K', 'F', '', 0, 2, 1.57, 3),
('KF033', 'K', 'F', '', 0, 2, 1.56, 3),
('KF034', 'K', 'F', '', 0, 2, 1.59, 3),
('KF035', 'K', 'F', '', 0, 2, 1.54, 3),
('KF036', 'K', 'F', '*', 0, 2, 1.65, 3),
('KF037', 'K', 'F', '*', 0, 2, 3.1, 3),
('KF038', 'K', 'F', '*', 0, 2, 3.11, 3),
('KF039', 'K', 'F', '*', 0, 2, 4.12, 3),
('KF040', 'K', 'F', '*', 0, 2, 3.12, 3),
('KF041', 'K', 'F', '*', 0, 2, 4.03, 3),
('KF042', 'K', 'F', '*', 0, 2, 1.57, 3),
('KF043', 'K', 'F', '*KF036', 0, 2, 1.58, 3),
('KF044', 'K', 'F', '*', 0, 2, 1.56, 3),
('KF045', 'K', 'F', '', 0, 2, 2.1, 3),
('KF046', 'K', 'F', '', 0, 2, 2.1, 1),
('KF047', 'K', 'F', '', 0, 2, 2.1, 1),
('KF048', 'K', 'F', '', 0, 2, 2.1, 3),
('KF049', 'K', 'F', 'KOKOT S*', 0, 2, 1.57, 3),
('KF050', 'K', 'F', 'KOKOT S*', 0, 2, 1.6, 3),
('KF051', 'K', 'F', 'KOKOT S*', 0, 2, 1.65, 3),
('KG001', 'K', 'G', '', 0, 1, 2.1, 3),
('KG002', 'K', 'G', '', 0, 1, 2.1, 1),
('KG003', 'K', 'G', '', 0, 1, 5.1, 3),
('KG004', 'K', 'G', '', 0, 1, 5.06, 1),
('KG005', 'K', 'G', '*', 0, 1, 2.08, 2),
('KG006', 'K', 'G', 'KOKOT PER*', 0, 1, 5.1, 2),
('KH0008', 'K', 'H', 'KOKOT S KUNING*', 0, 1, 6.14, 2),
('KH001', 'K', 'H', '', 0, 1, 6.11, 3),
('KH002', 'K', 'H', NULL, 0, 1, 7.06, 1),
('KH003', 'K', 'H', NULL, 0, 1, 7.05, 2),
('KH004', 'K', 'H', NULL, 0, 1, 6.11, 1),
('KH005', 'K', 'H', NULL, 0, 1, 2.06, 2),
('KH006', 'K', 'H', '*RETUR', 0, 1, 6.16, 4),
('KH007', 'K', 'H', '', 0, 1, 2.11, 1),
('KI001', 'K', 'I', '', 0, 1, 2.05, 3),
('KI002', 'K', 'I', '', 0, 1, 2.1, 3),
('KI003', 'K', 'I', '*', 0, 1, 2.02, 3),
('KI0032', 'K', 'I', 'KOKOT PER BULAT*', 0, 1, 3.03, 3),
('KI004', 'K', 'I', '*', 0, 1, 2.05, 3),
('KI005', 'K', 'I', '*', 0, 1, 2.02, 3),
('KI006', 'K', 'I', '', 0, 1, 3.03, 3),
('KI007', 'K', 'I', '', 0, 1, 2.08, 3),
('KI008', 'K', 'I', '', 0, 1, 2.05, 3),
('KI009', 'K', 'I', '*', 0, 1, 2.03, 3),
('KI010', 'K', 'I', '*', 0, 1, 2.05, 3),
('KI011', 'K', 'I', '*', 0, 1, 2.07, 3),
('KI012', 'K', 'I', '*', 0, 1, 2, 3),
('KI013', 'K', 'I', '', 0, 1, 2.95, 3),
('KI014', 'K', 'I', '', 0, 1, 5.04, 3),
('KI015', 'K', 'I', '', 0, 1, 4, 3),
('KI016', 'K', 'I', '*', 0, 1, 3.03, 3),
('KI017', 'K', 'I', '*KI015', 0, 1, 4, 3),
('KI018', 'K', 'I', '*', 0, 1, 5.04, 3),
('KI019', 'K', 'I', '*', 0, 1, 3, 3),
('KI020', 'K', 'I', '*', 0, 1, 4.03, 3),
('KI021', 'K', 'I', '', 0, 1, 2.05, 1),
('KI022', 'K', 'I', '', 0, 1, 2.01, 3),
('KI023', 'K', 'I', '', 0, 1, 1.99, 1),
('KI024', 'K', 'I', '', 0, 1, 3.02, 1),
('KI025', 'K', 'I', '', 0, 1, 3.08, 3),
('KI026', 'K', 'I', '', 0, 1, 3, 3),
('KI027', 'K', 'I', '*', 0, 1, 4.05, 2),
('KI028', 'K', 'I', 'KOKOT S', 0, 1, 7.06, 2),
('KI029', 'K', 'I', 'KOKOT PER', 0, 1, 8.06, 2),
('KI030', 'K', 'I', 'KOKOT PER', 0, 1, 6.05, 2),
('KI031', 'K', 'I', 'KOKOT PER', 0, 1, 5.06, 2),
('KL001', 'K', 'L', '', 0, 2, 7.93, 3),
('KL0015', 'K', 'L', 'KOKOT S*', 0, 2, 5.1, 2),
('KL002', 'K', 'L', '', 0, 2, 6.11, 3),
('KL003', 'K', 'L', '', 0, 2, 7.1, 3),
('KL004', 'K', 'L', '', 0, 2, 6.07, 3),
('KL005', 'K', 'L', '', 0, 2, 5.1, 3),
('KL006', 'K', 'L', '', 0, 2, 10.13, 3),
('KL007', 'K', 'L', '', 0, 2, 5.07, 2),
('KL008', 'K', 'L', '', 0, 2, 5.93, 3),
('KL009', 'K', 'L', '*', 0, 2, 3.29, 3),
('KL010', 'K', 'L', '*', 0, 2, 5.1, 3),
('KL011', 'K', 'L', '*', 0, 2, 5.08, 3),
('KL012', 'K', 'L', '*', 0, 2, 3.19, 2),
('KL013', 'K', 'L', 'KOKOT S*', 0, 2, 6.11, 2),
('KL014', 'K', 'L', 'KOKOT S*', 0, 2, 6.08, 2),
('KM001', 'K', 'M', '', 0, 1, 3.09, 3),
('KM002', 'K', 'M', '', 0, 1, 3.1, 3),
('KM003', 'K', 'M', '', 0, 1, 5.12, 3),
('KM004', 'K', 'M', '', 0, 1, 6.24, 3),
('KM005', 'K', 'M', '', 0, 1, 5.05, 1),
('KM006', 'K', 'M', '', 0, 1, 6.12, 3),
('KM007', 'K', 'M', '', 0, 1, 5.08, 3),
('KM008', 'K', 'M', '', 0, 1, 3.03, 3),
('KM009', 'K', 'M', 'ANAK', 0, 1, 5.06, 3),
('KM010', 'K', 'M', '', 0, 1, 4, 3),
('KM0100', 'K', 'M', 'KOKOT PER*', 0, 1, 3.08, 3),
('KM0101', 'K', 'M', 'KOKOT PER*', 0, 1, 4.12, 2),
('KM0102', 'K', 'M', 'KOKOT PER*', 0, 1, 3.03, 3),
('KM0103', 'K', 'M', 'KOKOT PER*', 0, 1, 2.1, 2),
('KM0104', 'K', 'M', 'KOKOT PER BLT*', 0, 1, 2.1, 2),
('KM011', 'K', 'M', 'ANAK', 0, 1, 5.06, 2),
('KM012', 'K', 'M', '', 0, 1, 4.08, 3),
('KM013', 'K', 'M', '', 0, 1, 4.11, 3),
('KM014', 'K', 'M', 'ANAK', 0, 1, 4, 2),
('KM015', 'K', 'M', '', 0, 1, 8.17, 3),
('KM016', 'K', 'M', '', 0, 1, 5.05, 3),
('KM017', 'K', 'M', '', 0, 1, 2.97, 3),
('KM018', 'K', 'M', NULL, 0, 1, 7.04, 2),
('KM019', 'K', 'M', '', 0, 1, 8.12, 3),
('KM020', 'K', 'M', NULL, 0, 1, 10.06, 2),
('KM021', 'K', 'M', '', 0, 1, 4.15, 3),
('KM022', 'K', 'M', '', 0, 1, 3.07, 3),
('KM023', 'K', 'M', '', 0, 1, 2.05, 3),
('KM024', 'K', 'M', '', 0, 1, 3.05, 3),
('KM025', 'K', 'M', '', 0, 1, 2.07, 3),
('KM026', 'K', 'M', NULL, 0, 1, 9.84, 2),
('KM027', 'K', 'M', '', 0, 1, 2.08, 3),
('KM028', 'K', 'M', '', 0, 1, 2.1, 3),
('KM030', 'K', 'M', '', 0, 1, 2.05, 3),
('KM031', 'K', 'M', '', 0, 1, 2.15, 3),
('KM032', 'K', 'M', '*', 0, 1, 2.1, 3),
('KM033', 'K', 'M', '', 0, 1, 2.05, 3),
('KM034', 'K', 'M', '', 0, 1, 2.05, 3),
('KM035', 'K', 'M', '', 0, 1, 2.15, 3),
('KM036', 'K', 'M', '', 0, 1, 2.1, 3),
('KM037', 'K', 'M', '*', 0, 1, 2.05, 3),
('KM038', 'K', 'M', '*', 0, 1, 4.15, 3),
('KM039', 'K', 'M', '*', 0, 1, 2.05, 3),
('KM040', 'K', 'M', '*', 0, 1, 8.2, 2),
('KM041', 'K', 'M', '', 0, 1, 2.03, 3),
('KM042', 'K', 'M', '', 0, 1, 5.06, 1),
('KM043', 'K', 'M', '', 0, 1, 5.15, 3),
('KM044', 'K', 'M', '*', 0, 1, 2.02, 3),
('KM045', 'K', 'M', '', 0, 1, 2.04, 3),
('KM046', 'K', 'M', '', 0, 1, 2.11, 3),
('KM047', 'K', 'M', '', 0, 1, 2.98, 3),
('KM048', 'K', 'M', '', 0, 1, 3, 3),
('KM049', 'K', 'M', '*', 0, 1, 6.24, 3),
('KM050', 'K', 'M', '*', 0, 1, 2, 3),
('KM051', 'K', 'M', '*', 0, 1, 2.02, 3),
('KM052', 'K', 'M', '*', 0, 1, 2.1, 3),
('KM053', 'K', 'M', '*', 0, 1, 8.1, 3),
('KM054', 'K', 'M', '*', 0, 1, 5.06, 2),
('KM055', 'K', 'M', '*', 0, 1, 4.1, 3),
('KM056', 'K', 'M', '*', 0, 1, 2.1, 3),
('KM057', 'K', 'M', '', 0, 1, 3.03, 3),
('KM058', 'K', 'M', '', 0, 1, 3.03, 3),
('KM059', 'K', 'M', '*', 0, 1, 2, 3),
('KM060', 'K', 'M', '*', 0, 1, 2.03, 3),
('KM061', 'K', 'M', '*', 0, 1, 5.12, 2),
('KM062', 'K', 'M', '', 0, 1, 2.05, 1),
('KM063', 'K', 'M', '', 0, 1, 6.04, 1),
('KM064', 'K', 'M', '', 0, 1, 3, 3),
('KM065', 'K', 'M', '', 0, 1, 3.04, 1),
('KM066', 'K', 'M', '', 0, 1, 3.02, 1),
('KM067', 'K', 'M', '', 0, 1, 2.04, 1),
('KM068', 'K', 'M', '', 0, 1, 2.02, 1),
('KM069', 'K', 'M', '', 0, 1, 2, 3),
('KM070', 'K', 'M', '*KM057', 0, 1, 3.03, 3),
('KM071', 'K', 'M', '*KM056', 0, 1, 2.09, 3),
('KM072', 'K', 'M', '', 0, 1, 3.02, 3),
('KM073', 'K', 'M', '', 0, 1, 2.07, 3),
('KM074', 'K', 'M', '', 0, 1, 2.09, 3),
('KM075', 'K', 'M', '*KM053', 0, 1, 8.21, 1),
('KM076', 'K', 'M', '', 0, 1, 2.07, 3),
('KM077', 'K', 'M', '', 0, 1, 2.02, 1),
('KM079', 'K', 'M', '', 0, 1, 2.95, 1),
('KM080', 'K', 'M', '*', 0, 1, 2, 3),
('KM081', 'K', 'M', '*', 0, 1, 2.05, 3),
('KM082', 'K', 'M', '*', 0, 1, 2.03, 3),
('KM083', 'K', 'M', '#', 0, 1, 2.08, 3),
('KM084', 'K', 'M', '#', 0, 1, 2.04, 1),
('KM085', 'K', 'M', '#', 0, 1, 2.02, 3),
('KM086', 'K', 'M', '#', 0, 1, 1.97, 3),
('KM087', 'K', 'M', '#', 0, 1, 2, 3),
('KM088', 'K', 'M', '#', 0, 1, 2.96, 3),
('KM089', 'K', 'M', '#', 0, 1, 2.08, 3),
('KM090', 'K', 'M', '*', 0, 1, 3.02, 3),
('KM091', 'K', 'M', '', 0, 1, 2.04, 1),
('KM092', 'K', 'M', 'KOKOT PER*', 0, 1, 2.08, 3),
('KM093', 'K', 'M', 'KOKOT S*', 0, 1, 3, 3),
('KM094', 'K', 'M', 'KOKOT PER BULAT*', 0, 1, 4.15, 2),
('KM095', 'K', 'M', '*', 0, 1, 2.1, 3),
('KM096', 'K', 'M', '*', 0, 1, 3, 3),
('KM097', 'K', 'M', 'KOKOT PER BLT*', 0, 1, 2.07, 3),
('KM098', 'K', 'M', 'KOKOT PER*', 0, 1, 2.1, 3),
('KM099', 'K', 'M', 'KOKOT PER BLT', 0, 1, 3.1, 3),
('KN001', 'K', 'N', 'ALFABET F', 0, 2, 1.97, 3),
('KN002', 'K', 'N', 'ALFABET D', 0, 2, 2.09, 3),
('KN003', 'K', 'N', 'ALFABET R', 0, 2, 2.15, 3),
('KN004', 'K', 'N', 'ALFABET T', 0, 2, 2.31, 3),
('KN005', 'K', 'N', 'ALFABET M', 0, 2, 2.33, 3),
('KN006', 'K', 'N', 'ALFABET E', 0, 2, 2.04, 3),
('KN007', 'K', 'N', 'ALFABET B', 0, 2, 2.29, 3),
('KN0079', 'K', 'N', 'ALFABET R', 0, 2, 2.18, 3),
('KN008', 'K', 'N', 'ALFABET C', 0, 2, 2.28, 3),
('KN0080', 'K', 'N', '3BOLA MOZA 3WNA', 4, 1, 3.7, 2),
('KN0081', 'K', 'N', 'ALFABET M*', 0, 2, 2.31, 2),
('KN009', 'K', 'N', 'ALFABET G', 0, 2, 2.1, 3),
('KN010', 'K', 'N', 'ALFABET M', 0, 2, 2.23, 3),
('KN011', 'K', 'N', 'HATI LAYER AD', 0, 1, 2.47, 3),
('KN012', 'K', 'N', 'HATI LAYER AD', 0, 1, 2.46, 2),
('KN013', 'K', 'N', 'FNC LOVE 2MAINAN', 0, 2, 2.04, 3),
('KN014', 'K', 'N', 'SANTA GEMBOK HATI AD', 1, 1, 2.7, 3),
('KN015', 'K', 'N', 'SANTA AD BLT', 1, 1, 2.8, 3),
('KN016', 'K', 'N', 'SANTA BLT AD LOVE', 1, 1, 4.59, 3),
('KN017', 'K', 'N', 'SANTA PITA AD 2MAINAN', 0, 1, 2.92, 3),
('KN019', 'K', 'N', 'SANTA PITA AD 2MAINAN', 0, 1, 2.9, 3),
('KN020', 'K', 'N', 'ALFABET F', 0, 2, 1.97, 3),
('KN022', 'K', 'N', 'GEMBOK HATI FULL AD *KN01', 1, 1, 2.7, 3),
('KN023', 'K', 'N', 'GMBOK HATI AD CAT HITAM', 1, 1, 2.7, 3),
('KN024', 'K', 'N', '3 BOLA 3WNA', 4, 1, 3.8, 3),
('KN025', 'K', 'N', 'BLT FULL AD *', 1, 1, 2.85, 3),
('KN026', 'K', 'N', 'HATI AD *', 0, 1, 2.5, 2),
('KN027', 'K', 'N', 'ALFABET M *', 0, 2, 2.35, 3),
('KN028', 'K', 'N', 'DISNEY GEMBOK HATI AD LUB', 0, 2, 2.42, 3),
('KN029', 'K', 'N', 'ALFABET R *', 0, 2, 2.15, 3),
('KN030', 'K', 'N', 'DISNEY MICKEY AD PINK', 0, 1, 2.7, 3),
('KN031', 'K', 'N', 'DISNEY MICKEY LBG+MICKEY ', 0, 2, 2.9, 3),
('KN032', 'K', 'N', 'DISNEY GEMBOK HATI MICKEY', 0, 2, 2.4, 3),
('KN033', 'K', 'N', '3BOLA MOZAIK 3WNA', 0, 1, 3.75, 3),
('KN034', 'K', 'N', 'ALFABET C*', 0, 2, 2.28, 3),
('KN035', 'K', 'N', '3BOLA MOZAIK 3WNA', 4, 1, 3.7, 3),
('KN036', 'K', 'N', 'DISNEY MICKEY', 0, 2, 2.92, 3),
('KN037', 'K', 'N', 'SANTA MELODY CAT', 0, 1, 2.78, 3),
('KN038', 'K', 'N', 'SANTA HK CAT', 0, 1, 2.88, 2),
('KN039', 'K', 'N', 'SANTA HK CAT 1AD PENDEMAN', 0, 1, 3.1, 2),
('KN040', 'K', 'N', 'SANTA MIKI CAT', 0, 1, 2.26, 3),
('KN041', 'K', 'N', 'FNC MINI CAT 1AD PENDEM', 0, 2, 2.9, 3),
('KN042', 'K', 'N', 'FNC HK PITA 1AD+1AD PNDEM', 0, 2, 2.8, 3),
('KN043', 'K', 'N', '3BOLA MOZAIK 3WNA*', 0, 1, 3.7, 3),
('KN044', 'K', 'N', '3BOLA MOZAIK 3WNA *', 4, 1, 3.7, 3),
('KN045', 'K', 'N', 'GEMBOK AD CAT*', 1, 1, 2.69, 3),
('KN046', 'K', 'N', 'PITA AD*', 0, 1, 2.92, 3),
('KN047', 'K', 'N', 'ALFABET R*', 0, 2, 2.16, 3),
('KN048', 'K', 'N', '3BTORAN 3WNA*', 4, 1, 3.68, 3),
('KN049', 'K', 'N', 'HATI AD', 0, 2, 2.21, 3),
('KN050', 'K', 'N', 'LOVE AD*', 1, 1, 4.58, 3),
('KN051', 'K', 'N', 'BUNGA 1AD BESAR', 0, 2, 2.42, 3),
('KN052', 'K', 'N', 'LOVE KUNCI HATI', 0, 2, 2.43, 3),
('KN053', 'K', 'N', 'HATI GEMBOK MICKEY', 0, 2, 2.33, 3),
('KN054', 'K', 'N', '2BLT 1AD', 0, 2, 4.02, 3),
('KN055', 'K', 'N', '2BLT 1AD', 0, 2, 4.03, 3),
('KN056', 'K', 'N', 'ALFABET M*', 0, 2, 2.31, 3),
('KN057', 'K', 'N', 'ALFABET B*', 0, 2, 2.28, 3),
('KN058', 'K', 'N', 'ALFABET T*', 0, 2, 2.3, 3),
('KN059', 'K', 'N', 'DISNEY MICKEY*', 0, 1, 2.66, 3),
('KN060', 'K', 'N', 'BLT AD', 0, 1, 3.06, 3),
('KN061', 'K', 'N', '1AD BESAR + AD KECIL *KN0', 0, 1, 3.06, 3),
('KN062', 'K', 'N', 'ALFABET L', 0, 2, 2.15, 3),
('KN063', 'K', 'N', '*KN051', 0, 2, 2.42, 3),
('KN064', 'K', 'N', 'SANTA DISNEY*', 0, 1, 2.14, 2),
('KN065', 'K', 'N', 'MICKEY CAT *KN040', 0, 1, 2.25, 3),
('KN066', 'K', 'N', 'ALFABET B *KN057', 0, 2, 2.28, 3),
('KN067', 'K', 'N', 'DISNEY MICKEY', 0, 2, 2.86, 3),
('KN068', 'K', 'N', '*', 0, 2, 2.1, 3),
('KN069', 'K', 'N', 'MICKEY PITA AD PINK*', 0, 1, 2.66, 2),
('KN070', 'K', 'N', 'MICKEY DISNEY*', 0, 2, 2.9, 2),
('KN071', 'K', 'N', 'LOVE AD KOKOT PER*', 1, 1, 4.58, 2),
('KN072', 'K', 'N', 'HATI GEMBOK CAT AD*', 1, 1, 2.69, 3),
('KN073', 'K', 'N', '3BOLA MOZA 3WNA*', 4, 1, 3.68, 3),
('KN074', 'K', 'N', 'GEMBOK HATI MICKEY AD*', 0, 2, 2.33, 2),
('KN075', 'K', 'N', 'SANTA PITA 1AD PNDM 2BOT*', 0, 1, 2.9, 3),
('KN076', 'K', 'N', 'HATI AD PITA*', 0, 2, 2.21, 3),
('KN077', 'K', 'N', 'GEMBOK HATI FULL AD*', 0, 1, 2.7, 3),
('KN078', 'K', 'N', 'HATI AD*', 0, 2, 2.22, 3),
('KQ001', 'K', 'Q', '', 4, 1, 6.96, 3),
('KQ002', 'K', 'Q', '*', 4, 1, 6.95, 3),
('KQ003', 'K', 'Q', '', 0, 1, 6.96, 3),
('KQ004', 'K', 'Q', '*', 4, 1, 6.96, 3),
('KR001', 'K', 'R', '', 0, 1, 2.06, 3),
('KR002', 'K', 'R', '', 0, 1, 2.02, 3),
('KR0026', 'K', 'R', 'KOKOT S*', 0, 1, 6, 2),
('KR0027', 'K', 'R', 'KOKOT S KUNING*', 0, 1, 7.3, 2),
('KR0028', 'K', 'R', 'KOKOT S KUNING*', 0, 1, 8.08, 2),
('KR003', 'K', 'R', '', 0, 1, 3.11, 1),
('KR004', 'K', 'R', '', 0, 1, 7.12, 1),
('KR005', 'K', 'R', '', 0, 1, 5.05, 3),
('KR006', 'K', 'R', '', 0, 1, 3.08, 3),
('KR007', 'K', 'R', NULL, 0, 1, 9.98, 2),
('KR008', 'K', 'R', '', 0, 1, 7.98, 3),
('KR009', 'K', 'R', NULL, 0, 1, 10.07, 2),
('KR010', 'K', 'R', '', 0, 1, 7.04, 3),
('KR011', 'K', 'R', '', 0, 1, 5.97, 3),
('KR012', 'K', 'R', '', 0, 1, 4.07, 3),
('KR013', 'K', 'R', '', 0, 1, 6.01, 1),
('KR014', 'K', 'R', '', 0, 1, 3.14, 2),
('KR015', 'K', 'R', '', 0, 1, 4.13, 1),
('KR016', 'K', 'R', '', 0, 1, 3.14, 3),
('KR017', 'K', 'R', '*KR001', 2, 1, 2.05, 3),
('KR018', 'K', 'R', '*', 0, 1, 3.08, 3),
('KR019', 'K', 'R', '', 0, 1, 4.05, 3),
('KR020', 'K', 'R', '', 0, 1, 2.1, 2),
('KR021', 'K', 'R', '', 0, 1, 2.1, 1),
('KR022', 'K', 'R', '*', 0, 1, 3.15, 3),
('KR023', 'K', 'R', '*', 0, 1, 2.1, 3),
('KR024', 'K', 'R', '*', 0, 1, 5.06, 3),
('KR025', 'K', 'R', 'KOKOT S*', 0, 1, 3.2, 2),
('KS001', 'K', 'S', '', 3, 1, 3.9, 3),
('KS002', 'K', 'S', '', 0, 1, 5.03, 3),
('KS003', 'K', 'S', '', 0, 1, 2.9, 3),
('KS004', 'K', 'S', '', 0, 1, 5.02, 3),
('KS005', 'K', 'S', '', 0, 1, 2.07, 3),
('KS006', 'K', 'S', '', 0, 1, 4.18, 3),
('KS007', 'K', 'S', '', 0, 1, 3.08, 3),
('KS008', 'K', 'S', '', 0, 1, 8.03, 3),
('KS009', 'K', 'S', 'SDG', 0, 1, 9.93, 3),
('KS010', 'K', 'S', '', 0, 1, 4.94, 3),
('KS011', 'K', 'S', '', 0, 1, 4.92, 3),
('KS012', 'K', 'S', '', 0, 1, 2.05, 3),
('KS013', 'K', 'S', '', 0, 1, 2.9, 3),
('KS014', 'K', 'S', 'SDG *RETUR', 0, 1, 6.04, 4),
('KS0148', 'K', 'S', 'KOKOT PER*', 0, 1, 4.97, 2),
('KS0149', 'K', 'S', 'KOKOT PER*', 4, 1, 2, 2),
('KS015', 'K', 'S', '', 0, 1, 2.88, 3),
('KS0150', 'K', 'S', 'KOKOT PER BLT*', 0, 1, 2.04, 2),
('KS0151', 'K', 'S', 'KOKOT PER BLT*', 0, 1, 2.9, 2),
('KS0152', 'K', 'S', 'KOKOT PER BULAT*', 0, 1, 4.08, 3),
('KS0153', 'K', 'S', 'KOKOT PER*', 0, 1, 2.91, 2),
('KS016', 'K', 'S', '', 0, 1, 8, 3),
('KS017', 'K', 'S', '', 0, 1, 11.9, 3),
('KS018', 'K', 'S', '', 0, 1, 2.03, 3),
('KS019', 'K', 'S', 'SDG', 0, 1, 7.1, 3),
('KS020', 'K', 'S', 'SDG', 0, 1, 5.06, 3),
('KS021', 'K', 'S', 'SDG', 0, 1, 4.84, 3),
('KS022', 'K', 'S', 'SDG', 0, 1, 6.05, 3),
('KS023', 'K', 'S', '', 0, 1, 2.05, 3),
('KS024', 'K', 'S', '', 0, 1, 4.96, 3),
('KS025', 'K', 'S', '', 0, 1, 5.09, 3),
('KS026', 'K', 'S', '', 0, 1, 6.87, 3),
('KS027', 'K', 'S', '', 0, 1, 2.91, 3),
('KS028', 'K', 'S', '', 0, 1, 5.11, 3),
('KS029', 'K', 'S', '', 0, 1, 2.99, 3),
('KS030', 'K', 'S', '', 0, 1, 2.04, 3),
('KS031', 'K', 'S', '', 0, 1, 4.96, 3),
('KS032', 'K', 'S', '', 0, 1, 2, 3),
('KS033', 'K', 'S', '', 0, 1, 7.08, 3),
('KS034', 'K', 'S', 'SDG', 0, 1, 6.08, 1),
('KS035', 'K', 'S', 'SDG', 0, 1, 9.89, 3),
('KS036', 'K', 'S', '', 0, 1, 8.02, 2),
('KS037', 'K', 'S', '', 0, 1, 10.09, 1),
('KS038', 'K', 'S', '*KS003', 0, 1, 2.9, 3),
('KS039', 'K', 'S', '', 0, 1, 4.1, 3),
('KS040', 'K', 'S', '', 0, 1, 2.1, 3),
('KS041', 'K', 'S', '', 0, 1, 4, 3),
('KS042', 'K', 'S', '', 0, 1, 2.11, 3),
('KS043', 'K', 'S', '', 0, 1, 2.9, 3),
('KS044', 'K', 'S', '', 0, 1, 2.96, 3),
('KS045', 'K', 'S', '', 4, 1, 2.1, 3),
('KS046', 'K', 'S', '', 0, 1, 2.07, 3),
('KS047', 'K', 'S', 'SEMI', 0, 1, 5.06, 1),
('KS048', 'K', 'S', '', 0, 1, 2.95, 3),
('KS049', 'K', 'S', '', 4, 1, 2.1, 3),
('KS050', 'K', 'S', '', 0, 1, 2.1, 3),
('KS051', 'K', 'S', '', 0, 1, 2, 3),
('KS052', 'K', 'S', '*', 0, 1, 2.9, 3),
('KS053', 'K', 'S', '*', 0, 1, 2.05, 3),
('KS054', 'K', 'S', '*', 0, 1, 5.11, 3),
('KS055', 'K', 'S', '*', 0, 1, 4.2, 3),
('KS056', 'K', 'S', '*', 0, 1, 2.9, 3),
('KS057', 'K', 'S', '*', 0, 1, 2.05, 3),
('KS058', 'K', 'S', '*', 0, 1, 2.07, 3),
('KS059', 'K', 'S', '*', 4, 1, 2.1, 3),
('KS060', 'K', 'S', '', 0, 1, 2.02, 3),
('KS061', 'K', 'S', '* ANAK', 0, 1, 3.08, 3),
('KS062', 'K', 'S', '*', 0, 1, 6.86, 3),
('KS063', 'K', 'S', '', 0, 1, 8, 1),
('KS064', 'K', 'S', '', 0, 1, 7.11, 2),
('KS065', 'K', 'S', '', 0, 1, 9.95, 3),
('KS066', 'K', 'S', '', 0, 1, 7.05, 3),
('KS067', 'K', 'S', '', 0, 1, 6, 3),
('KS068', 'K', 'S', '*RETUR', 0, 1, 8.1, 4),
('KS069', 'K', 'S', '', 0, 1, 10.04, 3),
('KS070', 'K', 'S', '', 0, 1, 4.08, 3),
('KS071', 'K', 'S', '', 0, 1, 6, 1),
('KS072', 'K', 'S', '', 0, 1, 4.03, 3),
('KS073', 'K', 'S', '', 0, 1, 1.92, 3),
('KS074', 'K', 'S', '', 0, 1, 1.98, 3),
('KS075', 'K', 'S', '', 0, 1, 1.95, 3),
('KS077', 'K', 'S', '*', 0, 1, 5.11, 3),
('KS078', 'K', 'S', '*', 0, 1, 4.05, 3),
('KS079', 'K', 'S', '', 0, 1, 1.92, 3),
('KS080', 'K', 'S', '', 0, 1, 2.03, 3),
('KS081', 'K', 'S', '', 0, 1, 1.96, 3),
('KS082', 'K', 'S', '', 0, 1, 6.86, 2),
('KS083', 'K', 'S', '*', 0, 1, 2.9, 3),
('KS084', 'K', 'S', '*', 0, 1, 2.03, 3),
('KS086', 'K', 'S', '*', 0, 1, 2.9, 3),
('KS087', 'K', 'S', '', 0, 1, 2.98, 3),
('KS088', 'K', 'S', '*', 0, 1, 9.95, 3),
('KS089', 'K', 'S', '*', 0, 1, 4.03, 3),
('KS090', 'K', 'S', '*', 0, 1, 2.9, 3),
('KS091', 'K', 'S', '*', 0, 1, 2.03, 3),
('KS092', 'K', 'S', '*', 0, 1, 2.88, 3),
('KS093', 'K', 'S', '*', 0, 1, 2.9, 3),
('KS094', 'K', 'S', '*', 0, 1, 1.96, 3),
('KS095', 'K', 'S', '*', 0, 1, 2.04, 3),
('KS096', 'K', 'S', '', 0, 1, 2.95, 3),
('KS097', 'K', 'S', '*', 1, 1, 2.98, 3),
('KS098', 'K', 'S', '*', 0, 1, 2.02, 3),
('KS099', 'K', 'S', '*', 0, 1, 2.07, 3),
('KS100', 'K', 'S', '*', 0, 1, 1.97, 3),
('KS101', 'K', 'S', '', 0, 1, 3, 3),
('KS102', 'K', 'S', '', 0, 1, 3.03, 3),
('KS103', 'K', 'S', '', 0, 1, 3, 3),
('KS104', 'K', 'S', '*', 0, 1, 2.95, 3),
('KS105', 'K', 'S', '*', 0, 1, 1.91, 3),
('KS106', 'K', 'S', '*', 0, 1, 4.16, 3),
('KS107', 'K', 'S', '*', 4, 1, 2, 3),
('KS109', 'K', 'S', '* ANAK', 0, 1, 1.96, 3),
('KS110', 'K', 'S', '*', 0, 1, 4.92, 3),
('KS111', 'K', 'S', '*', 0, 1, 1.98, 3),
('KS112', 'K', 'S', '*', 0, 1, 3, 3),
('KS113', 'K', 'S', '*KS095', 0, 1, 2.04, 3),
('KS114', 'K', 'S', '*', 0, 1, 4.03, 3),
('KS115', 'K', 'S', '*', 0, 1, 4.95, 3),
('KS116', 'K', 'S', '*KS104', 0, 1, 2.95, 3),
('KS117', 'K', 'S', '*KS069', 0, 1, 10.04, 2),
('KS118', 'K', 'S', '', 0, 1, 2.02, 3),
('KS119', 'K', 'S', '', 0, 1, 3.95, 1),
('KS120', 'K', 'S', '', 0, 1, 4.21, 3),
('KS121', 'K', 'S', '*', 4, 1, 2, 3),
('KS122', 'K', 'S', '*', 0, 1, 4.03, 3),
('KS123', 'K', 'S', '*KS091', 0, 1, 2.03, 3),
('KS124', 'K', 'S', '*KS111', 0, 1, 1.96, 3),
('KS125', 'K', 'S', '*KS116', 0, 1, 2.95, 3),
('KS126', 'K', 'S', '*', 0, 1, 2.86, 3),
('KS127', 'K', 'S', '*', 0, 1, 11.87, 1),
('KS128', 'K', 'S', '*', 0, 1, 4.95, 3),
('KS129', 'K', 'S', '*', 0, 1, 5.08, 3),
('KS130', 'K', 'S', '#', 0, 1, 1.91, 3),
('KS131', 'K', 'S', '*', 0, 1, 4.94, 3),
('KS132', 'K', 'S', '*', 0, 1, 2.05, 3),
('KS133', 'K', 'S', '*', 0, 1, 2, 3),
('KS134', 'K', 'S', 'ANAK*', 0, 1, 2.98, 3),
('KS135', 'K', 'S', '*', 0, 1, 2.05, 3),
('KS136', 'K', 'S', '*', 0, 1, 2.04, 3),
('KS137', 'K', 'S', '*', 0, 1, 4.91, 3),
('KS138', 'K', 'S', '', 0, 1, 3.86, 3),
('KS139', 'K', 'S', '*', 0, 1, 2.04, 3),
('KS140', 'K', 'S', 'KOKOT PER*', 0, 1, 6, 2),
('KS141', 'K', 'S', 'KOKOT PER BULAT*', 0, 1, 2, 3),
('KS142', 'K', 'S', '', 0, 1, 3.83, 3),
('KS143', 'K', 'S', '', 0, 1, 3.91, 1),
('KS144', 'K', 'S', 'KOKOT PER*', 0, 1, 4.08, 3),
('KS145', 'K', 'S', 'MRH*', 0, 1, 3.9, 3),
('KS146', 'K', 'S', 'KOKOT PER*#', 0, 1, 1.95, 3),
('KS147', 'K', 'S', 'KOKOT PER BULAT*', 0, 1, 2.04, 3),
('LL0003', 'L', 'L', 'KOKOT S', 0, 2, 4.98, 2),
('LL001', 'L', 'L', '', 0, 2, 7.1, 3),
('LL002', 'L', 'L', '', 0, 2, 5, 3),
('LS001', 'L', 'S', '', 0, 1, 5.04, 3),
('LS002', 'L', 'S', '', 0, 1, 15.08, 3),
('LS003', 'L', 'S', '*', 0, 1, 5.05, 2),
('LS004', 'L', 'S', '*', 0, 1, 15.04, 2),
('MH001', 'M', 'H', 'SQ DOBEL', 0, 1, 7.16, 2),
('MH002', 'M', 'H', 'SQ DOBEL *RETUR', 0, 1, 7.16, 4),
('MH003', 'M', 'H', 'SQ DOBEL', 0, 1, 5.23, 2),
('MH004', 'M', 'H', 'SQ DOBEL', 0, 1, 15.12, 2),
('MH005', 'M', 'H', 'SQ DOBEL', 0, 1, 8.16, 2),
('MH006', 'M', 'H', 'SQ DOBEL', 0, 1, 5.16, 1),
('MH007', 'M', 'H', 'SQ DOBEL', 0, 1, 12.19, 3),
('MH008', 'M', 'H', 'SQ DOBEL', 0, 1, 8.15, 1),
('MI001', 'M', 'I', '', 0, 1, 6.03, 3),
('MI002', 'M', 'I', '', 0, 1, 7.96, 3),
('MI003', 'M', 'I', '', 0, 1, 4.07, 3),
('MI004', 'M', 'I', '', 0, 1, 7.01, 3),
('MI005', 'M', 'I', 'MILANO ICE *', 0, 1, 4.1, 3),
('MI006', 'M', 'I', '*', 0, 1, 6.03, 3),
('MI007', 'M', 'I', '*', 0, 1, 4.08, 3),
('MI008', 'M', 'I', '*', 0, 1, 6.03, 3),
('MI009', 'M', 'I', '*', 0, 1, 7.01, 2),
('MI010', 'M', 'I', 'KOKOT PER*', 0, 1, 8, 2),
('ML001', 'M', 'L', '', 0, 2, 5.07, 3),
('ML002', 'M', 'L', '', 0, 2, 3.14, 3),
('ML003', 'M', 'L', '', 0, 2, 3.17, 3),
('MM001', 'M', 'M', '', 0, 1, 8, 2),
('MM002', 'M', 'M', '*RETUR', 0, 1, 8.05, 4),
('MM003', 'M', 'M', '', 0, 1, 12.21, 3),
('MM004', 'M', 'M', '', 0, 1, 7.13, 1),
('MM005', 'M', 'M', '', 0, 1, 10.03, 3),
('MM006', 'M', 'M', '', 0, 1, 6.1, 1),
('MM007', 'M', 'M', '', 0, 1, 6.08, 2),
('MM008', 'M', 'M', '', 0, 1, 7.06, 3),
('MM009', 'M', 'M', '', 0, 1, 12.26, 2),
('MM011', 'M', 'M', '', 0, 1, 9.95, 2),
('MM012', 'M', 'M', '*RETUR', 0, 1, 7.11, 4),
('MM013', 'M', 'M', '', 0, 1, 7.15, 1),
('MM014', 'M', 'M', '*RETUR', 0, 1, 8.13, 4),
('MM015', 'M', 'M', '*RETUR', 0, 1, 5.05, 4),
('MM016', 'M', 'M', '', 0, 1, 5, 3),
('MM017', 'M', 'M', '', 0, 1, 8.05, 1),
('MM018', 'M', 'M', '', 0, 1, 10, 1),
('MM019', 'M', 'M', '*', 0, 1, 5.02, 3),
('MM020', 'M', 'M', '*', 0, 1, 11.6, 2),
('MM021', 'M', 'M', '*', 0, 1, 7.06, 2),
('MM022', 'M', 'M', '*', 0, 1, 9.89, 2),
('MM023', 'M', 'M', '*', 0, 1, 9.94, 3),
('MR001', 'M', 'R', '', 0, 1, 6.9, 3),
('MR002', 'M', 'R', '', 0, 1, 10.09, 3),
('MR003', 'M', 'R', '', 0, 1, 7.01, 3),
('MR004', 'M', 'R', '', 0, 1, 6.9, 3),
('MR005', 'M', 'R', '', 0, 1, 6.09, 2),
('MR006', 'M', 'R', '*', 0, 1, 6.97, 3),
('MR007', 'M', 'R', 'KOKOT S*', 0, 1, 10.09, 2),
('MS001', 'M', 'S', '', 0, 1, 3.91, 3),
('MS0014', 'M', 'S', 'KOKOT S', 0, 1, 3.98, 2),
('MS002', 'M', 'S', '', 0, 1, 3.95, 3),
('MS003', 'M', 'S', '*', 0, 1, 7.1, 3),
('MS004', 'M', 'S', '*RETUR', 0, 1, 5, 4),
('MS005', 'M', 'S', '', 0, 1, 4.08, 1),
('MS006', 'M', 'S', '', 0, 1, 7.12, 1),
('MS007', 'M', 'S', '', 0, 1, 4.14, 1),
('MS008', 'M', 'S', '*RETUR', 0, 1, 4.96, 4),
('MS009', 'M', 'S', '', 0, 1, 6.88, 2),
('MS010', 'M', 'S', '*MS003', 0, 1, 7.08, 2),
('MS011', 'M', 'S', '*', 0, 1, 7.1, 3),
('MS012', 'M', 'S', '*', 0, 1, 9.93, 3),
('MS013', 'M', 'S', '*', 0, 1, 7.1, 2),
('NF001', 'N', 'F', '', 4, 2, 2, 3),
('NF002', 'N', 'F', '*', 0, 2, 1.57, 3),
('NF003', 'N', 'F', 'BNK CAT*', 0, 2, 2.45, 3),
('NF0030', 'N', 'F', 'KOKOT PER', 4, 2, 1.95, 3),
('NF0031', 'N', 'F', 'KOKOT S*', 0, 2, 2.07, 2),
('NF0032', 'N', 'F', 'KOKOT S*', 0, 2, 1.65, 3),
('NF0033', 'N', 'F', 'KOKOT S*', 0, 2, 3.1, 2),
('NF004', 'N', 'F', 'ALFBET S CAT*', 1, 1, 1.9, 3),
('NF005', 'N', 'F', '', 0, 2, 1.65, 3),
('NF006', 'N', 'F', '', 0, 2, 1.68, 3),
('NF007', 'N', 'F', '', 0, 2, 1.62, 3),
('NF008', 'N', 'F', '', 0, 2, 1.61, 3),
('NF009', 'N', 'F', '', 0, 2, 1.65, 3),
('NF010', 'N', 'F', '', 0, 2, 1.63, 3),
('NF011', 'N', 'F', '*', 4, 2, 2, 3),
('NF012', 'N', 'F', '*', 0, 2, 1.63, 3),
('NF013', 'N', 'F', '*', 0, 2, 1.61, 3),
('NF014', 'N', 'F', '*', 0, 2, 1.63, 3),
('NF015', 'N', 'F', '*', 0, 2, 1.55, 3),
('NF016', 'N', 'F', '*', 0, 2, 1.75, 3),
('NF017', 'N', 'F', '*', 4, 2, 2, 3),
('NF018', 'N', 'F', '*', 0, 2, 1.71, 3),
('NF019', 'N', 'F', '*', 0, 2, 1.65, 3),
('NF020', 'N', 'F', '*NF019', 0, 2, 1.64, 3),
('NF021', 'N', 'F', '*KF029', 0, 2, 1.6, 3),
('NF022', 'N', 'F', '*', 0, 2, 1.61, 3),
('NF023', 'N', 'F', 'BNK CAT*', 0, 2, 2.32, 3),
('NF024', 'N', 'F', '*', 0, 2, 1.65, 3),
('NF025', 'N', 'F', '*', 0, 2, 1.6, 3),
('NF026', 'N', 'F', 'KOKOT PER*', 4, 2, 2.02, 3),
('NF027', 'N', 'F', '', 0, 2, 2.02, 3),
('NF028', 'N', 'F', '', 0, 2, 2.1, 3),
('NF029', 'N', 'F', '', 0, 2, 2.04, 3),
('NG002', 'N', 'G', '', 0, 1, 3.05, 3),
('NG003', 'N', 'G', '', 0, 1, 2.04, 3),
('NG004', 'N', 'G', '', 2, 1, 3.1, 3),
('NG005', 'N', 'G', 'GUCCI PELINTIR', 0, 1, 3.1, 3),
('NG006', 'N', 'G', 'GUCCI PELINTIR', 0, 1, 2.05, 3),
('NG007', 'N', 'G', 'GUCCI PELINTIR', 0, 1, 2.05, 3),
('NG008', 'N', 'G', '*', 0, 1, 2.02, 3),
('NG009', 'N', 'G', '*', 0, 1, 2.03, 2),
('NG010', 'N', 'G', 'GUCCI PELINTIR*', 0, 1, 2.03, 1),
('NG011', 'N', 'G', '*', 0, 1, 2.02, 2),
('NL001', 'N', 'L', '', 0, 2, 3.08, 3),
('NL002', 'N', 'L', '', 0, 2, 2.06, 3),
('NL003', 'N', 'L', '', 0, 2, 2.1, 3),
('NL004', 'N', 'L', '', 0, 2, 3.17, 1),
('NL005', 'N', 'L', '', 0, 2, 2.06, 3),
('NL006', 'N', 'L', '', 0, 2, 3.14, 3),
('NL007', 'N', 'L', '', 0, 2, 2.12, 3),
('NL008', 'N', 'L', '', 0, 2, 2.13, 1),
('NL009', 'N', 'L', '', 0, 2, 3.1, 1),
('NL010', 'N', 'L', '*', 0, 2, 2.07, 3),
('NL011', 'N', 'L', '*', 0, 2, 2.1, 3),
('NL012', 'N', 'L', '*', 0, 2, 2.1, 3),
('NL013', 'N', 'L', '', 0, 2, 3.1, 1);
INSERT INTO `master_items` (`id`, `category`, `subcategory`, `nama`, `supplier`, `karat`, `berat`, `stocks`) VALUES
('NL014', 'N', 'L', '*', 0, 2, 2.08, 3),
('NM001', 'N', 'M', '', 0, 1, 2.1, 3),
('NM002', 'N', 'M', '', 0, 1, 2.1, 3),
('NM003', 'N', 'M', '', 0, 1, 3.1, 3),
('NM004', 'N', 'M', '', 0, 1, 2.9, 3),
('NM005', 'N', 'M', '', 0, 1, 2.06, 3),
('NM006', 'N', 'M', '', 0, 1, 2.09, 3),
('NM007', 'N', 'M', '', 0, 1, 2.1, 1),
('NM008', 'N', 'M', '', 0, 1, 2.08, 3),
('NM009', 'N', 'M', '*', 0, 1, 2.91, 3),
('NN001', 'N', 'N', 'BNK CAT TIMBUL', 0, 2, 2.32, 3),
('NN002', 'N', 'N', 'BNK CAT', 0, 2, 2.4, 3),
('NN003', 'N', 'N', 'BNK CAT 1BTG', 0, 2, 2.38, 3),
('NN004', 'N', 'N', 'BNK CAT TIMBUL', 0, 2, 2.4, 3),
('NN005', 'N', 'N', 'BNK CAT 1HATI', 0, 2, 1.92, 3),
('NN006', 'N', 'N', 'BNK CAT 1HATI', 0, 2, 2.16, 3),
('NN007', 'N', 'N', 'CAT S', 1, 1, 1.88, 3),
('NN008', 'N', 'N', 'CAT M', 1, 1, 2.01, 3),
('NN009', 'N', 'N', 'CAT P', 1, 1, 1.88, 3),
('NN010', 'N', 'N', 'SANTA DISNEY', 0, 1, 2.2, 3),
('NN011', 'N', 'N', 'SANTA DISNEY', 0, 1, 2.1, 3),
('NN012', 'N', 'N', 'DISNEY ', 0, 1, 2.1, 3),
('NN013', 'N', 'N', '*', 1, 1, 2.01, 3),
('NN014', 'N', 'N', 'P CAT *', 1, 1, 1.88, 3),
('NN015', 'N', 'N', 'DISNEY DONALD', 0, 2, 1.85, 3),
('NN016', 'N', 'N', 'DISNEY MINNIE', 0, 2, 1.75, 3),
('NN017', 'N', 'N', 'BNK CAT*', 0, 2, 2.45, 3),
('NN018', 'N', 'N', 'JERAPAH*', 0, 2, 2.16, 3),
('NN019', 'N', 'N', 'S*', 1, 1, 1.89, 3),
('NN021', 'N', 'N', 'MICKEY MINNIE', 0, 2, 2.38, 3),
('NN022', 'N', 'N', 'MELODY CAT', 0, 1, 2.8, 2),
('NN023', 'N', 'N', 'HK AD', 0, 2, 2.67, 3),
('NN024', 'N', 'N', 'DISNEY MINNIE*', 0, 2, 1.75, 3),
('NN025', 'N', 'N', 'DONALD CAT*', 0, 2, 1.82, 3),
('NN026', 'N', 'N', 'MELODY CAT*', 0, 1, 2.76, 2),
('NN027', 'N', 'N', 'BNK CAT', 0, 2, 2.36, 3),
('NN028', 'N', 'N', 'BNK CAT', 0, 2, 1.89, 3),
('NN029', 'N', 'N', '*', 0, 2, 1.89, 3),
('NN030', 'N', 'N', 'STRAWBERRY CAT', 0, 1, 2.58, 3),
('NN031', 'N', 'N', 'BNK CAT MRH PTH*', 0, 2, 2.36, 3),
('NN032', 'N', 'N', 'MICKEY CAT TAK HINGGA*', 0, 2, 2.39, 2),
('NN033', 'N', 'N', 'BNK CAT+HATI*', 0, 2, 1.9, 3),
('NN034', 'N', 'N', 'BNK CAT KOKOT PER* PUTUS', 0, 2, 2, 4),
('NN035', 'N', 'N', 'FNC MN CAT 2BOT*', 0, 2, 2.35, 3),
('NR001', 'N', 'R', '', 0, 1, 3.1, 3),
('NR002', 'N', 'R', '', 0, 1, 2.1, 3),
('NR003', 'N', 'R', '', 0, 1, 3.1, 3),
('NR004', 'N', 'R', '', 0, 1, 2.1, 3),
('NR005', 'N', 'R', '*', 0, 1, 3.02, 3),
('NR006', 'N', 'R', 'KOKOT S*', 0, 1, 3.11, 2),
('NS002', 'N', 'S', '', 0, 1, 2, 3),
('NS003', 'N', 'S', '', 0, 1, 4.05, 3),
('NS004', 'N', 'S', '', 0, 1, 4.05, 3),
('NS005', 'N', 'S', '', 0, 1, 1.94, 3),
('NS006', 'N', 'S', '', 0, 1, 1.95, 3),
('NS007', 'N', 'S', '', 0, 1, 1.95, 3),
('NS008', 'N', 'S', '', 0, 1, 1.94, 3),
('NS009', 'N', 'S', '*', 0, 1, 2.04, 3),
('NS010', 'N', 'S', '*', 0, 1, 5.01, 2),
('NS011', 'N', 'S', '*', 0, 1, 1.95, 3),
('NS012', 'N', 'S', '*', 0, 1, 1.96, 3),
('NS013', 'N', 'S', 'KOKOT S*', 0, 1, 1.95, 3),
('NS014', 'N', 'S', 'KOKOT PER*', 0, 1, 1.96, 3),
('NS015', 'N', 'S', '*', 0, 1, 2, 3),
('NS016', 'N', 'S', 'KOKOT PER*', 0, 1, 4.08, 2),
('NS017', 'N', 'S', 'KOKOT PER BLT*', 0, 1, 2, 3),
('TA001', 'T', 'A', 'OWL CAT', 1, 2, 0.53, 3),
('TA002', 'T', 'A', 'OWL CAT', 1, 2, 0.54, 3),
('TA003', 'T', 'A', 'OWL CAT', 1, 2, 0.53, 3),
('TA004', 'T', 'A', 'KUDA PONI UNGU CAT', 3, 3, 0.5, 3),
('TA005', 'T', 'A', 'KUDA PONI BIRU CAT', 1, 3, 0.51, 3),
('TA0057', 'T', 'A', 'HK FULL AD', 3, 3, 1.18, 2),
('TA0058', 'T', 'A', 'PONI CAT PTH*', 3, 3, 0.45, 2),
('TA006', 'T', 'A', 'KEROPI CAT', 1, 3, 0.5, 3),
('TA007', 'T', 'A', 'BONEKA CAT', 1, 3, 1.15, 3),
('TA008', 'T', 'A', 'HK FULL AD', 3, 3, 0.55, 3),
('TA009', 'T', 'A', 'PONI PTH UNGU', 3, 3, 0.5, 3),
('TA010', 'T', 'A', 'KUDA PONI *', 3, 3, 0.52, 3),
('TA011', 'T', 'A', 'HK FULL AD', 3, 3, 1.08, 3),
('TA012', 'T', 'A', 'HK FULL AD', 3, 3, 1.18, 3),
('TA013', 'T', 'A', 'PONI PTH+UNGU', 3, 3, 0.44, 3),
('TA014', 'T', 'A', 'HK FULL AD', 3, 3, 0.52, 3),
('TA015', 'T', 'A', 'PONI BIRU', 3, 3, 0.47, 3),
('TA016', 'T', 'A', 'HK FULL AD', 3, 3, 0.51, 3),
('TA017', 'T', 'A', 'PIYO KUNING', 3, 3, 0.55, 3),
('TA018', 'T', 'A', 'PONI UNGU', 3, 3, 0.43, 3),
('TA019', 'T', 'A', 'HK FULL AD', 3, 3, 0.51, 3),
('TA020', 'T', 'A', 'OWL*', 1, 2, 0.52, 3),
('TA021', 'T', 'A', 'KUDA PONI UNGU', 3, 3, 0.45, 3),
('TA022', 'T', 'A', 'KUDA PONI UNGU', 3, 3, 0.45, 3),
('TA023', 'T', 'A', 'HK AD', 3, 3, 0.51, 3),
('TA024', 'T', 'A', 'PIYO KUNING*', 3, 3, 0.55, 3),
('TA025', 'T', 'A', 'HK AD*', 3, 3, 0.51, 3),
('TA026', 'T', 'A', 'FROZEN CAT', 3, 2, 0.65, 3),
('TA027', 'T', 'A', 'BONEKA CAT', 3, 2, 0.46, 3),
('TA028', 'T', 'A', 'BONEKA CAT', 3, 2, 0.55, 3),
('TA029', 'T', 'A', 'BONEKA CAT', 3, 2, 0.5, 3),
('TA030', 'T', 'A', 'STRAW CAT', 3, 2, 0.6, 3),
('TA031', 'T', 'A', 'HK FULL AD', 3, 3, 0.5, 3),
('TA032', 'T', 'A', 'OWL ORANGE*', 1, 2, 0.52, 3),
('TA033', 'T', 'A', 'KUDA PONI BIRU*', 3, 3, 0.47, 3),
('TA034', 'T', 'A', 'FROZEN CAT*', 0, 2, 0.65, 3),
('TA035', 'T', 'A', 'BNK CAT', 3, 3, 1.12, 3),
('TA036', 'T', 'A', '(B) PONI PTH UNGU*', 3, 3, 0.45, 3),
('TA037', 'T', 'A', 'PIYO KUNING CAT*', 3, 3, 0.54, 3),
('TA038', 'T', 'A', 'HK AD*', 3, 3, 0.51, 3),
('TA039', 'T', 'A', 'CAT BNK', 3, 3, 0.53, 3),
('TA040', 'T', 'A', 'CAT BNK', 3, 3, 0.37, 3),
('TA041', 'T', 'A', 'PONI CAT PTH', 3, 3, 0.46, 3),
('TA042', 'T', 'A', 'PONI CAT BIRU', 3, 3, 0.5, 3),
('TA043', 'T', 'A', 'KEROPI CAT', 3, 3, 0.45, 3),
('TA044', 'T', 'A', 'PONI CAT BIRU', 3, 3, 0.47, 3),
('TA045', 'T', 'A', 'PONI CAT PTH', 3, 3, 0.45, 3),
('TA046', 'T', 'A', 'BNK CAT', 3, 3, 0.36, 3),
('TA047', 'T', 'A', 'PIYO CAT KUNING*', 3, 3, 0.54, 2),
('TA048', 'T', 'A', 'HK BSR FULL AD', 2, 3, 1.17, 3),
('TA049', 'T', 'A', 'BNK CAT*', 0, 3, 0.6, 3),
('TA050', 'T', 'A', 'BNK CAT*', 3, 3, 1.12, 3),
('TA051', 'T', 'A', 'BNK CAT*', 3, 2, 0.6, 3),
('TA052', 'T', 'A', 'PONI BIRU CAT*', 3, 3, 0.55, 2),
('TA053', 'T', 'A', 'KEROPI CAT*', 0, 3, 0.5, 2),
('TA054', 'T', 'A', 'HK AD*', 10, 3, 0.55, 2),
('TA055', 'T', 'A', 'HK FULL AD', 3, 3, 0.58, 3),
('TA056', 'T', 'A', 'PONI CAT BIRU*', 0, 3, 0.53, 2),
('TD001', 'T', 'D', 'BOLA MOZAIK', 0, 2, 0.6, 3),
('TD002', 'T', 'D', 'BOLA MOZAIK', 0, 2, 0.65, 3),
('TD003', 'T', 'D', 'BOLA MOZAIK', 0, 2, 0.76, 3),
('TD004', 'T', 'D', 'BOLA MOZAIK PASIRAN', 0, 2, 0.9, 3),
('TD005', 'T', 'D', 'BOLA MOZAIK PASIRAN', 0, 2, 0.82, 3),
('TD006', 'T', 'D', 'TETES MOZAIK', 0, 2, 0.57, 3),
('TD007', 'T', 'D', 'HATI MOZAIK', 0, 2, 0.7, 3),
('TD008', 'T', 'D', 'HATI MOZAIK', 0, 2, 0.42, 3),
('TD009', 'T', 'D', 'HATI MOZAIK', 0, 2, 0.38, 3),
('TD010', 'T', 'D', 'HATI MOZAIK', 0, 2, 0.7, 3),
('TD011', 'T', 'D', 'BOLA MOZAIK', 0, 2, 0.55, 3),
('TD012', 'T', 'D', 'HATI AD PINK', 0, 2, 0.98, 3),
('TD013', 'T', 'D', 'HATI AD PINK', 0, 2, 1, 2),
('TD014', 'T', 'D', 'HATI AD PINK', 0, 2, 1.05, 2),
('TD015', 'T', 'D', 'HATI AD PINK', 0, 2, 0.98, 3),
('TD016', 'T', 'D', 'HATI AD PUTIH', 0, 2, 1, 2),
('TD017', 'T', 'D', 'HATI AD PUTIH', 0, 2, 1.04, 2),
('TD018', 'T', 'D', 'HATI AD PUTIH', 0, 2, 1, 2),
('TD019', 'T', 'D', 'MERAK AD PUTIH', 0, 2, 1.46, 2),
('TD020', 'T', 'D', 'MERAK AD PUTIH', 0, 2, 1.45, 2),
('TD021', 'T', 'D', 'MERAK AD PUTIH', 0, 2, 1.46, 2),
('TD022', 'T', 'D', 'DAUN VAR PTH AD', 0, 2, 1.3, 3),
('TD023', 'T', 'D', 'DAUN VAR PTH AD *RETUR', 0, 2, 1.26, 4),
('TD024', 'T', 'D', 'DAUN VAR PTH AD PINK', 0, 2, 1.27, 2),
('TD025', 'T', 'D', 'DAUN VAR PTH AD PINK', 0, 2, 1.23, 3),
('TD026', 'T', 'D', 'HATI VAR PTH AD PINK', 0, 2, 1, 2),
('TD027', 'T', 'D', 'HATI VAR PTH AD PINK', 0, 2, 1, 2),
('TD028', 'T', 'D', 'HATI VAR PTH AD', 0, 2, 1.05, 2),
('TD029', 'T', 'D', 'HATI VAR PTH AD', 0, 2, 1.05, 2),
('TD030', 'T', 'D', 'HATI AD ', 0, 2, 1, 3),
('TD031', 'T', 'D', 'HATI AD ', 0, 2, 0.96, 3),
('TD032', 'T', 'D', 'HATI AD PINK', 0, 2, 1.05, 2),
('TD033', 'T', 'D', 'HATI AD PINK', 0, 2, 1.06, 2),
('TD034', 'T', 'D', 'HATI AD PINK', 0, 2, 0.96, 2),
('TD035', 'T', 'D', 'DOLPHIN RAINBOW', 0, 2, 1.23, 3),
('TD036', 'T', 'D', 'DOLPHIN RAINBOW', 0, 2, 1.32, 3),
('TD037', 'T', 'D', 'ANGSA RAINBOW', 0, 2, 1.3, 3),
('TD038', 'T', 'D', 'ANGSA RAINBOW', 0, 2, 1.35, 3),
('TD039', 'T', 'D', 'HATI VAR PTH AD PINK', 0, 2, 1.26, 2),
('TD040', 'T', 'D', 'DIAMOND LAYER PTH AD', 0, 2, 1.35, 2),
('TD0405', 'T', 'D', 'STGH BOLA FULL AD', 3, 2, 1.15, 3),
('TD0406', 'T', 'D', 'IKAN FULL AD*', 3, 2, 1.3, 3),
('TD0407', 'T', 'D', 'HATI DAUN VAR PTH STGH AD', 0, 2, 1.5, 2),
('TD0408', 'T', 'D', 'FULL AD PINK PTH TNP SERI', 3, 3, 0.9, 3),
('TD0409', 'T', 'D', 'TETES KERAWANG*', 0, 2, 1.53, 2),
('TD041', 'T', 'D', 'DIAMOND LAYER PTH AD', 0, 2, 1.35, 3),
('TD0410', 'T', 'D', 'TETES KUPU 1AD', 3, 3, 0.5, 3),
('TD0411', 'T', 'D', 'SEGI 7AD', 3, 3, 0.61, 2),
('TD0412', 'T', 'D', 'FULL AD PTH+HIJAU TNP SP*', 3, 3, 0.86, 2),
('TD0413', 'T', 'D', 'OVAL VAR PTH AD*', 3, 3, 1.27, 2),
('TD0414', 'T', 'D', 'FULL AD HIJAU TNP SP*', 3, 3, 0.9, 2),
('TD0415', 'T', 'D', 'TABUNG FULL AD RAINBOW*', 3, 3, 0.85, 2),
('TD0416', 'T', 'D', 'BOLA FULL AD HTAM TNPA SP', 3, 3, 0.82, 2),
('TD0417', 'T', 'D', 'DAUN VAR PTH AD PINK* RET', 0, 2, 1.23, 4),
('TD0418', 'T', 'D', 'LT WARU VAR PTH AD PINK*', 0, 2, 1.52, 2),
('TD0419', 'T', 'D', 'PONI PTH UNGU', 3, 3, 0.45, 2),
('TD042', 'T', 'D', 'DIAMOND LAYER PTH AD', 0, 2, 1.36, 2),
('TD0420', 'T', 'D', 'HATI BLT FULL AD', 10, 3, 1.2, 2),
('TD0421', 'T', 'D', 'HATI AD*', 0, 2, 1, 2),
('TD0422', 'T', 'D', 'BSR VAR PTH MOZA AD PINK', 0, 2, 2.38, 2),
('TD0423', 'T', 'D', 'BSR BUNGA VAR PTH AD PINK', 0, 2, 1.9, 2),
('TD0424', 'T', 'D', 'BSR TETES 3HATI AD PINK', 0, 2, 3.18, 2),
('TD0425', 'T', 'D', 'BUNGA VAR PTH+AD', 0, 2, 1.6, 3),
('TD0426', 'T', 'D', 'BSR VAR PTH+AD', 0, 2, 2.12, 2),
('TD0427', 'T', 'D', 'KUPU AD PTH', 0, 2, 1.58, 2),
('TD0428', 'T', 'D', 'HATI KRWNG AD PTH', 0, 2, 1.35, 2),
('TD0429', 'T', 'D', 'BUNGA VAR PTH 1AD', 0, 2, 1.23, 2),
('TD043', 'T', 'D', 'DIAMOND LAYER PTH AD*RETU', 0, 2, 1.3, 4),
('TD0430', 'T', 'D', 'HATI TUMPUK AD PINK', 0, 2, 1.06, 2),
('TD0431', 'T', 'D', 'HATI VAR PTH+HATI FULL AD', 0, 2, 1.37, 2),
('TD0432', 'T', 'D', 'DAUN VAR PTH AD BULAT', 0, 2, 1.28, 2),
('TD0433', 'T', 'D', 'SEPATU AD PINK', 0, 2, 1.59, 3),
('TD0434', 'T', 'D', 'BUNGA AD BULAT', 0, 2, 1.16, 2),
('TD0435', 'T', 'D', 'BULAT VAR PTH AD TETES', 0, 2, 1.18, 3),
('TD0436', 'T', 'D', 'HATI TUMPUK HATI AD', 0, 2, 1.26, 2),
('TD0437', 'T', 'D', 'HATI AD HATI 1AD', 0, 2, 1.43, 2),
('TD0438', 'T', 'D', 'HATI VAR PTH AD TETES', 0, 2, 0.98, 3),
('TD0439', 'T', 'D', 'HATI LBG 5AD', 0, 2, 1.07, 2),
('TD044', 'T', 'D', 'TETES JARING VAR PTH AD', 0, 2, 1.27, 3),
('TD0440', 'T', 'D', 'HATI TPK VAR PTH AD ', 0, 2, 1.27, 2),
('TD0441', 'T', 'D', 'BNGA KRWNG KG*', 0, 2, 1.54, 2),
('TD0442', 'T', 'D', 'BOLA MOZA*', 0, 2, 0.6, 3),
('TD0443', 'T', 'D', 'HT FULL AD', 0, 3, 0.88, 2),
('TD0444', 'T', 'D', 'AD BRU BSAR + AD KCIL PTH', 3, 3, 0.9, 2),
('TD0445', 'T', 'D', 'BOLA FULL AD BRU PTH*', 3, 3, 0.88, 2),
('TD0446', 'T', 'D', 'KRWANG TETES KNING*', 0, 2, 1.3, 2),
('TD0447', 'T', 'D', 'BUNGA 1AD*', 3, 3, 0.55, 2),
('TD0448', 'T', 'D', 'BOLA FULL AD TNPA SP', 3, 3, 0.85, 3),
('TD045', 'T', 'D', 'TETES JARING VAR PTH AD', 0, 2, 1.3, 2),
('TD046', 'T', 'D', 'OVAL VAR PTH AD', 0, 2, 1.75, 3),
('TD047', 'T', 'D', 'OVAL VAR PTH AD *RETUR', 0, 2, 1.73, 4),
('TD048', 'T', 'D', 'NADA VAR PTH AD', 0, 2, 1.2, 3),
('TD049', 'T', 'D', 'NADA VAR PTH AD', 0, 2, 1.17, 3),
('TD050', 'T', 'D', 'WARU AD *RETUR', 0, 2, 1.55, 4),
('TD051', 'T', 'D', 'WARU AD', 0, 2, 1.65, 2),
('TD052', 'T', 'D', 'WARU AD PINK', 0, 2, 1.55, 3),
('TD053', 'T', 'D', 'WARU AD PINK', 0, 2, 1.58, 3),
('TD054', 'T', 'D', 'HATI AD PINK', 0, 2, 1.02, 3),
('TD055', 'T', 'D', 'HATI AD PINK', 0, 2, 1.05, 2),
('TD056', 'T', 'D', 'KUPU AD PINK', 0, 2, 1.09, 3),
('TD057', 'T', 'D', 'KUPU AD PINK', 0, 2, 1.11, 3),
('TD058', 'T', 'D', 'DIAMOND VAR PTH AD', 0, 2, 0.97, 2),
('TD059', 'T', 'D', 'DIAMOND VAR PTH AD *RETUR', 0, 2, 0.92, 4),
('TD060', 'T', 'D', 'DIAMOND VAR PTH AD', 0, 2, 0.95, 3),
('TD061', 'T', 'D', 'DIAMOND VAR PTH AD *RETUR', 0, 2, 0.96, 4),
('TD062', 'T', 'D', 'DIAMOND VAR PTH AD', 0, 2, 0.92, 2),
('TD063', 'T', 'D', 'ANGGUR VAR PTH AD', 0, 2, 1.21, 3),
('TD064', 'T', 'D', 'ANGSA AD PINK', 0, 2, 1.68, 3),
('TD065', 'T', 'D', 'ANGSA AD ', 0, 2, 1.69, 2),
('TD066', 'T', 'D', 'ANGSA AD ', 0, 2, 1.64, 2),
('TD067', 'T', 'D', 'DIAMOND AD', 0, 2, 1.13, 2),
('TD068', 'T', 'D', 'DIAMOND AD', 0, 2, 1.13, 2),
('TD069', 'T', 'D', 'HATI VAR PTH AD', 0, 2, 1.07, 2),
('TD070', 'T', 'D', 'HATI VAR PTH AD', 0, 2, 1.03, 2),
('TD071', 'T', 'D', 'KG TETES CAT', 0, 2, 1.35, 2),
('TD072', 'T', 'D', 'KG TETES CAT *RETUR', 0, 2, 1.32, 4),
('TD073', 'T', 'D', 'KG TETES CAT', 0, 2, 1.28, 3),
('TD074', 'T', 'D', 'KG TETES CAT *RETUR', 0, 2, 1.31, 4),
('TD075', 'T', 'D', 'KG TETES TIMBUL', 0, 2, 1.52, 3),
('TD076', 'T', 'D', 'KG TETES TIMBUL', 0, 2, 1.43, 3),
('TD077', 'T', 'D', 'KG BLT TIMBUL', 0, 2, 1.42, 3),
('TD078', 'T', 'D', 'KG BLT TIMBUL', 0, 2, 1.54, 3),
('TD079', 'T', 'D', 'KG HATI TIMBUL', 0, 2, 1.6, 3),
('TD080', 'T', 'D', 'KG HATI TIMBUL', 0, 2, 1.45, 3),
('TD081', 'T', 'D', 'HATI VAR PTH AD', 1, 2, 1.11, 3),
('TD082', 'T', 'D', 'OWL AD', 1, 2, 1.75, 3),
('TD083', 'T', 'D', 'OWL AD', 1, 2, 1.73, 2),
('TD084', 'T', 'D', 'KG BUNGA ', 3, 2, 3.68, 3),
('TD085', 'T', 'D', 'KG BOLA VAR CAT', 0, 2, 2.21, 3),
('TD086', 'T', 'D', 'BUNGA AD PINK', 3, 2, 0.47, 3),
('TD087', 'T', 'D', 'BUNGA AD PINK', 3, 2, 0.56, 3),
('TD088', 'T', 'D', 'BUNGA AD PINK', 3, 2, 0.54, 3),
('TD089', 'T', 'D', 'RODA AD', 3, 2, 1.4, 2),
('TD090', 'T', 'D', 'RODA AD', 3, 2, 1.35, 3),
('TD091', 'T', 'D', 'RODA AD', 3, 2, 1.5, 3),
('TD092', 'T', 'D', 'BUNGA VAR PTH AD', 3, 2, 0.95, 3),
('TD093', 'T', 'D', 'BUNGA VAR PTH AD', 3, 2, 1.12, 2),
('TD094', 'T', 'D', 'STGH DIAMOND AD', 3, 2, 0.47, 3),
('TD095', 'T', 'D', 'NADA VAR PTH AD', 3, 2, 2.52, 3),
('TD096', 'T', 'D', 'JARING LABA VAR PTH AD', 3, 2, 1.09, 2),
('TD097', 'T', 'D', 'BLT LBG AD', 0, 2, 1.56, 3),
('TD098', 'T', 'D', 'ANGGUR VAR PTH AD', 0, 2, 1.15, 2),
('TD100', 'T', 'D', 'BUNGA VAR PTH AD', 3, 2, 1.12, 2),
('TD101', 'T', 'D', 'HATI VAR PTH AD', 3, 2, 1.72, 2),
('TD102', 'T', 'D', 'HATI AD', 0, 2, 1, 2),
('TD103', 'T', 'D', 'KUPU AD PINK *TD058', 0, 2, 1.09, 3),
('TD104', 'T', 'D', 'BLT LBG FULL AD', 3, 2, 0.94, 3),
('TD105', 'T', 'D', 'PERSEGI PANJANG RAINBOW', 0, 2, 2.38, 3),
('TD106', 'T', 'D', 'NADA AD', 3, 2, 1.03, 2),
('TD107', 'T', 'D', 'BOLA FULL AD', 0, 3, 1.85, 3),
('TD108', 'T', 'D', 'DAUN VAR PTH 3ADPTH 3AD P', 0, 2, 1.23, 3),
('TD109', 'T', 'D', 'BOLA MOZAIK PASIRAN *TD00', 0, 2, 0.9, 2),
('TD110', 'T', 'D', 'ALFABET A', 3, 3, 1.15, 3),
('TD111', 'T', 'D', 'ALFABET E', 3, 3, 1.15, 3),
('TD112', 'T', 'D', 'ALFABET H', 3, 3, 1.1, 3),
('TD113', 'T', 'D', 'ALFABET R', 3, 3, 1.12, 3),
('TD114', 'T', 'D', 'ALFABET S', 3, 3, 1.1, 3),
('TD115', 'T', 'D', 'ALFABET Y ', 3, 3, 1.2, 3),
('TD116', 'T', 'D', 'BUNGA AD', 3, 3, 0.62, 3),
('TD117', 'T', 'D', 'BULAT LUBANG', 3, 3, 0.95, 3),
('TD118', 'T', 'D', 'BUNGA AD', 3, 3, 0.5, 3),
('TD119', 'T', 'D', 'VAR PTH BUNGA AD', 3, 3, 0.52, 3),
('TD120', 'T', 'D', 'BSR VAR PTH BUNGA AD', 3, 3, 1.85, 3),
('TD121', 'T', 'D', 'BSR VAR PTH OVAL AD', 3, 3, 1.3, 3),
('TD122', 'T', 'D', 'BSR VAR PTH BUNGA AD', 3, 3, 2.75, 3),
('TD123', 'T', 'D', 'BSR VAR PTH BNGA TETES AD', 3, 3, 1.71, 3),
('TD124', 'T', 'D', 'BSR BUNGA LBG AD', 3, 3, 2.35, 2),
('TD125', 'T', 'D', 'BSR DAUN SEMBUR AD', 3, 3, 3.17, 3),
('TD126', 'T', 'D', 'OVAL VAR PTH AD', 0, 2, 1.75, 3),
('TD127', 'T', 'D', 'KUPU AD PINK', 0, 2, 1.11, 2),
('TD128', 'T', 'D', 'TETES AD PINK *TD053', 0, 2, 1.58, 3),
('TD129', 'T', 'D', 'MOZAIK', 0, 2, 0.55, 3),
('TD130', 'T', 'D', 'NADA VAR PTH 14AD *TD048', 0, 2, 1.2, 2),
('TD131', 'T', 'D', 'LUMBA RAINBOW *TD035', 0, 2, 1.23, 3),
('TD132', 'T', 'D', 'KUNCI HATI AD PINK', 0, 3, 1.2, 3),
('TD133', 'T', 'D', 'HATI LBG MOZAIK AD PINK ', 0, 3, 0.85, 3),
('TD134', 'T', 'D', 'KUPU FULL AD +AD PINK *', 0, 2, 1.1, 2),
('TD135', 'T', 'D', 'ALFABET D', 0, 3, 1.15, 3),
('TD136', 'T', 'D', 'BLT LBG AD PINK', 3, 3, 0.95, 3),
('TD137', 'T', 'D', 'BLT LBG AD', 3, 3, 0.95, 3),
('TD138', 'T', 'D', 'KUPU VAR PTH +1AD', 3, 3, 0.55, 3),
('TD139', 'T', 'D', 'PITA FULL AD+BLT', 10, 3, 1.2, 3),
('TD140', 'T', 'D', 'KIPAS GARIS AD', 10, 3, 1.3, 2),
('TD141', 'T', 'D', 'BUNGA FULL AD', 10, 3, 1.4, 3),
('TD142', 'T', 'D', '3BLT FULL AD', 10, 3, 1.25, 3),
('TD143', 'T', 'D', 'BLT 4AD', 3, 3, 0.5, 3),
('TD144', 'T', 'D', 'WAJIK BUNGA AD', 3, 3, 0.6, 3),
('TD145', 'T', 'D', 'BOLA FULL AD', 0, 3, 2.05, 3),
('TD146', 'T', 'D', 'BOLA FULL AD', 0, 3, 2, 3),
('TD147', 'T', 'D', 'BLT FULL AD TNP SERIPERI', 0, 3, 0.9, 3),
('TD148', 'T', 'D', 'BLT FULL AD TNP SERIPERI', 0, 3, 0.9, 3),
('TD149', 'T', 'D', 'BLT FULL AD PINK TNP SERI', 0, 3, 0.95, 3),
('TD150', 'T', 'D', 'LUMBA RAINBOW *', 0, 2, 1.3, 3),
('TD151', 'T', 'D', 'BLT FULL AD TNPA SERIPERI', 3, 3, 0.95, 3),
('TD152', 'T', 'D', 'BOLA FULL AD+SERIPERI', 3, 3, 1.15, 3),
('TD153', 'T', 'D', 'BOLA FULL AD+SERIPERI', 3, 3, 1.1, 3),
('TD154', 'T', 'D', 'BOLA AD PINK TANPA SERIPE', 3, 3, 0.98, 3),
('TD155', 'T', 'D', 'BOLA AD PUTIH TANPA SERIP', 3, 3, 0.95, 3),
('TD156', 'T', 'D', 'BOLA AD PUTIH TANPA SERIP', 3, 3, 0.98, 3),
('TD157', 'T', 'D', 'BOLA AD PUTIH TANPA SERIP', 3, 3, 0.95, 3),
('TD158', 'T', 'D', 'BOLA AD PTH PINK TANPA SE', 3, 3, 1, 3),
('TD159', 'T', 'D', 'BOLA AD PTH PINK TANPA SE', 3, 3, 0.9, 3),
('TD160', 'T', 'D', 'BOLA AD PTH PINK TANPA SE', 3, 3, 0.9, 3),
('TD161', 'T', 'D', 'HK FULL AD', 2, 3, 0.55, 3),
('TD162', 'T', 'D', 'HK FULL AD', 2, 3, 0.6, 3),
('TD163', 'T', 'D', 'CAT PONI PTH UNGU', 2, 3, 0.5, 3),
('TD164', 'T', 'D', 'CAT PONI PTH UNGU', 2, 3, 0.5, 3),
('TD165', 'T', 'D', 'CAT PIYO KUNING', 2, 3, 0.6, 3),
('TD166', 'T', 'D', 'TETES FULL AD', 3, 3, 1.1, 3),
('TD167', 'T', 'D', 'BULAT AD PTH+ 1AD BIRU', 0, 3, 0.9, 3),
('TD168', 'T', 'D', 'BULAT AD PTH+ 1AD BIRU', 3, 3, 0.9, 3),
('TD169', 'T', 'D', 'ALFABET M+AD', 3, 3, 1.1, 3),
('TD170', 'T', 'D', 'ALFABET A+AD', 3, 3, 1.05, 3),
('TD171', 'T', 'D', 'ALFABET N+AD', 3, 3, 1.1, 3),
('TD172', 'T', 'D', 'ALFABET V+AD', 3, 3, 1.05, 3),
('TD173', 'T', 'D', 'ALFABET R+AD', 3, 3, 1.1, 3),
('TD174', 'T', 'D', 'ALFABET D+AD', 3, 3, 1.05, 3),
('TD175', 'T', 'D', 'VAR PTH AD *', 3, 3, 1.3, 3),
('TD176', 'T', 'D', 'BUNGA AD MERAH *', 3, 2, 0.6, 2),
('TD177', 'T', 'D', 'BOLA FULL AD TNPA SERIPER', 0, 3, 0.95, 3),
('TD178', 'T', 'D', 'BOLA FULL AD TNPA SERIPER', 0, 3, 0.95, 3),
('TD179', 'T', 'D', 'BOLA FULL AD TNPA SERIPER', 0, 3, 0.95, 3),
('TD180', 'T', 'D', 'ALFABET N*', 3, 3, 1.1, 3),
('TD181', 'T', 'D', 'ALFABET E*', 3, 3, 1.15, 3),
('TD182', 'T', 'D', 'BOLA MOZAIK *', 0, 2, 0.82, 2),
('TD183', 'T', 'D', 'BOLA FULL AD PINK TANPA S', 0, 3, 0.95, 3),
('TD184', 'T', 'D', 'BLT LBG FULL AD', 0, 2, 1.56, 3),
('TD185', 'T', 'D', 'TETES EMBUN MOZAIK*', 0, 2, 0.57, 3),
('TD186', 'T', 'D', 'VAR PTH BNGA AD', 3, 2, 0.52, 3),
('TD187', 'T', 'D', 'HATI MOZAIK*', 0, 2, 0.42, 3),
('TD188', 'T', 'D', 'HATI STGH FULL AD STGH DA', 0, 2, 1.49, 3),
('TD189', 'T', 'D', 'HATI LAYER AD', 0, 2, 0.92, 2),
('TD190', 'T', 'D', 'HATI LAYER AD', 0, 2, 0.87, 3),
('TD191', 'T', 'D', 'BUNGA TETES VAR PTH+AD', 0, 2, 1.9, 3),
('TD192', 'T', 'D', 'BUNGA TETES VAR PTH+AD', 0, 2, 1.77, 2),
('TD193', 'T', 'D', 'KUPU HATI AD', 0, 2, 0.93, 3),
('TD194', 'T', 'D', 'KUPU HATI AD', 0, 2, 0.9, 3),
('TD195', 'T', 'D', 'KUPU STGH AD STGH DAUN VA', 0, 2, 1.48, 3),
('TD196', 'T', 'D', 'BOLA FULL AD +SERIPERI', 0, 3, 1.85, 3),
('TD197', 'T', 'D', 'WAJIK KRWNG VAR PTH AD', 0, 3, 1.08, 3),
('TD198', 'T', 'D', 'WAJIK KRWNG VAR PTH AD', 0, 3, 1.05, 3),
('TD199', 'T', 'D', 'WAJIK KRWNG VAR PTH AD', 0, 3, 1.06, 2),
('TD200', 'T', 'D', 'TABUNG FULL AD - SERIPERI', 0, 3, 1.46, 3),
('TD201', 'T', 'D', 'TABUNG FULL AD - SERIPERI', 0, 3, 1.47, 3),
('TD202', 'T', 'D', 'TABUNG FULL AD - SERIPERI', 0, 3, 1.47, 3),
('TD203', 'T', 'D', 'TABUNG FULL AD - SERIPERI', 0, 3, 1.46, 3),
('TD204', 'T', 'D', 'BOLA BSR FULL AD - SERIPE', 0, 3, 1.48, 3),
('TD205', 'T', 'D', 'BOLA BSR FULL AD - SERIPE', 0, 3, 1.47, 3),
('TD206', 'T', 'D', 'BOLA BSR FULL AD - SERIPE', 0, 3, 1.5, 3),
('TD207', 'T', 'D', 'BOLA BSR FULL AD + SERIPE', 0, 3, 2.72, 3),
('TD208', 'T', 'D', 'BOLA BSR FULL AD +SERIPER', 0, 3, 2.71, 3),
('TD209', 'T', 'D', 'KG BUNGA ', 0, 2, 1.53, 3),
('TD210', 'T', 'D', 'TETES BUNGA VAR PTH 1AD', 0, 2, 0.52, 3),
('TD211', 'T', 'D', '1AD BIRU', 3, 3, 0.9, 3),
('TD212', 'T', 'D', 'HATI AD PINK*', 0, 2, 0.98, 2),
('TD213', 'T', 'D', 'VAR PTH ANGGUR*', 0, 2, 1.18, 2),
('TD214', 'T', 'D', 'BOLA AD TANPASERIPERI', 0, 3, 1.46, 3),
('TD215', 'T', 'D', 'VAR PTH AD PINK', 0, 2, 1.5, 3),
('TD216', 'T', 'D', 'ANGSA AD PINK*', 0, 2, 1.65, 3),
('TD217', 'T', 'D', 'HATI AD*', 0, 2, 0.96, 3),
('TD218', 'T', 'D', 'BSR VAR PTH BNGA*', 3, 3, 2.72, 3),
('TD219', 'T', 'D', 'HATI MOZAIK*', 0, 2, 0.7, 2),
('TD220', 'T', 'D', 'ALFABET M*', 3, 3, 1.05, 3),
('TD221', 'T', 'D', 'BOLA MOZAIK', 0, 2, 0.55, 3),
('TD222', 'T', 'D', 'BOLA FULL AD', 0, 3, 2.69, 3),
('TD223', 'T', 'D', 'HATI AD PINK*', 0, 2, 0.95, 2),
('TD224', 'T', 'D', 'HATI MOZAIK AD*', 0, 2, 0.81, 3),
('TD225', 'T', 'D', '1AD HIJAU+AD', 3, 3, 0.83, 3),
('TD226', 'T', 'D', '1AD BIRU MUDA ', 3, 3, 0.92, 3),
('TD227', 'T', 'D', 'STGH BOLA AD HITAM', 3, 3, 0.94, 3),
('TD228', 'T', 'D', 'HATI TUMPUK FULL AD', 3, 3, 0.89, 3),
('TD229', 'T', 'D', 'BUNGA FULL AD', 3, 3, 0.48, 3),
('TD230', 'T', 'D', 'BULAT FULL AD', 3, 3, 0.96, 3),
('TD231', 'T', 'D', 'BOLA FULL AD PTH+BIRU', 3, 3, 1.03, 3),
('TD232', 'T', 'D', 'BULAT AD TUMPUK', 3, 3, 0.88, 3),
('TD233', 'T', 'D', 'BULAT AD DAUN VAR PTH', 3, 3, 1.51, 2),
('TD234', 'T', 'D', 'BITANG AD TNP SERIPERI', 3, 3, 1.19, 3),
('TD235', 'T', 'D', 'BOLA FULL AD HIJAU TNP SE', 3, 3, 0.9, 3),
('TD236', 'T', 'D', 'BOLA FULL AD PTH+HJAU TNP', 3, 3, 0.88, 3),
('TD237', 'T', 'D', 'BOLA FULL AD HTM TNP SERI', 3, 3, 0.81, 3),
('TD238', 'T', 'D', 'BOLA FULL AD PTH+BIRU TNP', 3, 3, 0.89, 3),
('TD239', 'T', 'D', 'BOLA FULL AD UNGU TNP SER', 3, 3, 0.91, 3),
('TD240', 'T', 'D', 'BOLA FULL AD PTH+HTM TNP ', 3, 3, 0.87, 3),
('TD241', 'T', 'D', 'HURUF M', 3, 3, 1.15, 3),
('TD242', 'T', 'D', 'BNK AD PTH', 3, 3, 1.15, 3),
('TD243', 'T', 'D', 'BNK AD PTH+PINK', 3, 3, 1.21, 3),
('TD244', 'T', 'D', 'ALFABET V*', 3, 3, 1, 2),
('TD245', 'T', 'D', 'BOLA FULL AD', 3, 3, 1.04, 3),
('TD246', 'T', 'D', 'BOLA AD MERAH*', 3, 3, 0.88, 3),
('TD247', 'T', 'D', 'ALFABET M*', 3, 3, 1.04, 3),
('TD248', 'T', 'D', 'ALFABET A*', 3, 3, 0.98, 3),
('TD249', 'T', 'D', 'TABUNG LBG RAINBOW', 3, 3, 0.85, 3),
('TD250', 'T', 'D', 'BOLA FULL AD UNGU TNP SER', 3, 3, 0.88, 3),
('TD251', 'T', 'D', 'BLT FULL AD PTH+HIJAU', 3, 3, 0.83, 3),
('TD252', 'T', 'D', 'BOLA FULL AD PTH+HITAM TN', 3, 3, 0.86, 3),
('TD253', 'T', 'D', 'BOLA FULL AD+SERIPERI*', 0, 3, 1.94, 3),
('TD254', 'T', 'D', '1AD HIJAU + PTH*', 0, 3, 0.83, 3),
('TD255', 'T', 'D', 'BUNGA AD*', 3, 3, 0.46, 3),
('TD256', 'T', 'D', 'BOLA FULL AD TANPA SERIPE', 3, 3, 1.46, 3),
('TD257', 'T', 'D', '1AD BIRU+AD PTH', 3, 3, 0.83, 2),
('TD258', 'T', 'D', 'BOLA FULL ADA + SERIPERI*', 3, 3, 1.1, 3),
('TD259', 'T', 'D', 'HATI MOZAIK 3AD*', 0, 2, 0.84, 2),
('TD260', 'T', 'D', 'AD BIRU + PTH TNPASERIPER', 3, 3, 1, 3),
('TD261', 'T', 'D', 'KG HATI KRWANG*', 0, 2, 1.57, 3),
('TD262', 'T', 'D', 'LUMBA RAINBOW*', 0, 2, 1.2, 3),
('TD263', 'T', 'D', 'BOLA LBG AD HITAM TNP SER', 3, 3, 0.78, 3),
('TD264', 'T', 'D', 'BOLA LBG AD TNPASERIPERI*', 3, 3, 0.94, 3),
('TD265', 'T', 'D', 'BINTANG FULL AD', 3, 3, 1.27, 3),
('TD266', 'T', 'D', 'TETES FULL AD TUMPUK', 3, 3, 1.03, 3),
('TD267', 'T', 'D', 'BNTG LBG AD TNPASERPERII*', 3, 3, 1.17, 2),
('TD268', 'T', 'D', 'BLG LBG AD*', 3, 3, 0.87, 3),
('TD269', 'T', 'D', 'BOLA FULL AD TNP SERIPERI', 3, 2, 0.91, 3),
('TD270', 'T', 'D', 'HURUF R', 3, 3, 1.03, 3),
('TD271', 'T', 'D', 'BLT FULL AD*', 0, 3, 0.94, 3),
('TD272', 'T', 'D', 'BUNGA AD*', 3, 3, 0.46, 3),
('TD273', 'T', 'D', 'LUMBA RAINBOW*', 0, 2, 1.21, 3),
('TD274', 'T', 'D', 'BOLA FULL AD + SERIPERI', 0, 2, 1.82, 3),
('TD275', 'T', 'D', 'OWL AD*', 1, 2, 1.73, 2),
('TD276', 'T', 'D', 'BOLA MOZAIK*', 0, 2, 0.72, 3),
('TD277', 'T', 'D', 'VAR PTH AD*', 0, 2, 1.16, 3),
('TD278', 'T', 'D', 'BUNGA AD*', 3, 3, 0.58, 3),
('TD279', 'T', 'D', 'BOLA FULL AD TANPA SERIPE', 3, 3, 0.82, 3),
('TD280', 'T', 'D', 'ALFABET F', 3, 3, 1.02, 3),
('TD281', 'T', 'D', 'KUPU FULL AD', 3, 2, 1.18, 3),
('TD282', 'T', 'D', 'IKAN FULL AD', 3, 2, 1.3, 3),
('TD283', 'T', 'D', 'BLT FULL AD VAR PTH', 3, 2, 1.24, 3),
('TD284', 'T', 'D', 'ICE CREAM AD', 3, 2, 1.21, 3),
('TD285', 'T', 'D', '1AD HIJAU + AD KECIL', 3, 3, 0.82, 3),
('TD286', 'T', 'D', 'BOLA MOZAIK*', 0, 2, 0.55, 3),
('TD287', 'T', 'D', 'BOLA OZAIK BSR*', 0, 2, 1.1, 2),
('TD288', 'T', 'D', 'HURUF S*', 3, 3, 1.09, 3),
('TD289', 'T', 'D', 'BOLA FULL AD TANPA SERIPE', 3, 2, 0.91, 3),
('TD290', 'T', 'D', 'KG TETES KERAWANG*', 0, 2, 1.51, 3),
('TD291', 'T', 'D', 'BOLA FULL AD + SERIPERI*', 0, 3, 1.92, 3),
('TD292', 'T', 'D', 'HATI MOZAIK*', 0, 2, 0.86, 3),
('TD293', 'T', 'D', 'BSR VAR PTH BUNGA AD*', 3, 3, 2.72, 3),
('TD294', 'T', 'D', 'ANGSA AD PINK MRH*', 0, 2, 1.65, 2),
('TD295', 'T', 'D', 'TABUNG FULL AD', 0, 3, 1.45, 3),
('TD296', 'T', 'D', 'HURUF R*', 3, 3, 1.03, 3),
('TD297', 'T', 'D', 'BOLA FULL AD TNPA SERIPER', 3, 2, 0.91, 3),
('TD298', 'T', 'D', 'BOLA FULL AD TNPA SERIPER', 3, 3, 0.92, 3),
('TD299', 'T', 'D', 'BOLA FULL AD HIJAU TNPA S', 3, 3, 0.88, 3),
('TD300', 'T', 'D', 'HATI AD MOZA*', 0, 3, 0.81, 3),
('TD301', 'T', 'D', '1AD HIJAU + AD KECIL PTH', 3, 3, 0.82, 3),
('TD302', 'T', 'D', 'KG HATI KERAWANG*', 0, 2, 1.44, 3),
('TD303', 'T', 'D', 'HATI FULL AD', 0, 3, 0.87, 3),
('TD304', 'T', 'D', 'HK FULL AD *ANAK', 0, 3, 0.48, 3),
('TD305', 'T', 'D', 'BOLA FULL AD', 3, 3, 1.11, 3),
('TD306', 'T', 'D', 'STGH BOLA AD HITAM', 3, 3, 0.93, 3),
('TD307', 'T', 'D', 'HATI MOZA', 0, 2, 0.39, 3),
('TD308', 'T', 'D', 'VAR PTH BLT FULL AD', 3, 2, 1.23, 3),
('TD309', 'T', 'D', 'BLT 1AD BIRU + AD PTH KCI', 3, 3, 0.91, 3),
('TD310', 'T', 'D', 'TABUNG FULL AD TNPA SERIP', 3, 3, 0.85, 3),
('TD311', 'T', 'D', 'BOLA FULL AD HITAM PTH ', 3, 3, 0.87, 3),
('TD312', 'T', 'D', 'VAR PTH AD*', 0, 2, 1.75, 2),
('TD313', 'T', 'D', 'ALFABET E', 3, 3, 1.11, 2),
('TD314', 'T', 'D', 'KUPU FULL AD*', 0, 2, 1.18, 3),
('TD315', 'T', 'D', '1AD HIJAU + AD KCIL PTH', 3, 3, 0.84, 3),
('TD316', 'T', 'D', '(B) BOLA FULL AD HITAM ', 3, 3, 0.8, 3),
('TD317', 'T', 'D', 'BOLA FULL AD *', 3, 3, 0.83, 3),
('TD318', 'T', 'D', 'BOLA FULL AD *', 3, 3, 0.9, 3),
('TD319', 'T', 'D', 'VAR PTH BNGA', 3, 3, 0.47, 3),
('TD320', 'T', 'D', '3BLT SGTIGA AD*', 3, 2, 1.5, 3),
('TD321', 'T', 'D', 'BSR VAR PTH BNGA AD*', 3, 2, 1.8, 2),
('TD322', 'T', 'D', 'BOLA AD HIJAU + PTH', 3, 3, 0.86, 3),
('TD323', 'T', 'D', 'BSR BUNDA AD', 3, 3, 3.13, 2),
('TD324', 'T', 'D', 'HATI AD', 0, 3, 0.87, 3),
('TD325', 'T', 'D', 'GEMBOK HATI AD PINK', 0, 3, 1.19, 3),
('TD326', 'T', 'D', 'GEMBOK HATI AD PINK', 0, 3, 1.21, 3),
('TD327', 'T', 'D', 'BULAT AD LBG 1AD SERIPERI', 3, 3, 0.87, 3),
('TD328', 'T', 'D', 'TABUNG FULL AD TNPASERIPE', 0, 3, 1.44, 3),
('TD329', 'T', 'D', 'H AD *TD112', 3, 3, 1.07, 3),
('TD330', 'T', 'D', 'BUNGA AD MRH', 3, 2, 0.45, 3),
('TD331', 'T', 'D', 'HK AD', 3, 3, 0.51, 3),
('TD332', 'T', 'D', 'BTG FULL AD TNPA SERIPERI', 3, 3, 1.27, 3),
('TD333', 'T', 'D', 'BOLA FULL AD + SERIPERI', 0, 3, 1.82, 3),
('TD334', 'T', 'D', 'BOLA FULL AD HITAM+PTH*', 3, 3, 0.86, 3),
('TD335', 'T', 'D', 'BOLA BSR FULL AD*TD208', 0, 3, 2.69, 3),
('TD336', 'T', 'D', 'BLT AD KERAWANG*TD184', 0, 2, 1.51, 2),
('TD337', 'T', 'D', 'HK AD', 3, 3, 0.51, 3),
('TD338', 'T', 'D', 'ALFABET R*', 3, 3, 1.03, 3),
('TD339', 'T', 'D', 'HK AD*', 3, 3, 1.17, 3),
('TD340', 'T', 'D', 'VAR PTH DAUN AD*', 0, 2, 0.91, 3),
('TD341', 'T', 'D', 'TABUNG FULL AD TNPA SERIP', 0, 3, 1.45, 3),
('TD342', 'T', 'D', 'STGH DIAMOND 5AD*', 3, 2, 0.45, 3),
('TD343', 'T', 'D', 'STGH BOLA FULL AD HITAM*', 3, 3, 0.93, 3),
('TD344', 'T', 'D', 'BOLA FULL AD+SERI PERI', 3, 3, 1.11, 3),
('TD345', 'T', 'D', 'ANGSA RAINBOW', 0, 2, 1.34, 2),
('TD346', 'T', 'D', 'BOLA FULL AD TNPA SERIPER', 3, 3, 0.92, 3),
('TD347', 'T', 'D', 'BUNGA 4AD *TD272', 3, 3, 0.46, 3),
('TD348', 'T', 'D', 'BOLA FULL AD +SP *TD335', 0, 3, 2.69, 3),
('TD349', 'T', 'D', 'BOLA FULL AD + SP *TD258', 3, 3, 1.1, 3),
('TD350', 'T', 'D', 'ALFABET D *TD274', 3, 3, 1.01, 3),
('TD351', 'T', 'D', 'DIAMOND VAR PTH AD *TD041', 0, 2, 1.31, 2),
('TD352', 'T', 'D', 'BUNGA AD *TD278', 3, 3, 0.58, 2),
('TD353', 'T', 'D', 'TBUNG FULL AD TNPA SP *TD', 0, 3, 1.44, 2),
('TD354', 'T', 'D', 'BOLA FULL AD BIRU PTH *TD', 3, 3, 0.87, 3),
('TD355', 'T', 'D', 'GEMBOK HATI AD PINK*', 0, 2, 1.18, 2),
('TD356', 'T', 'D', 'BOLA FULL AD +SP *', 3, 3, 1.09, 3),
('TD357', 'T', 'D', 'BOLA FULL AD + SP', 0, 3, 1.82, 3),
('TD358', 'T', 'D', 'BOLA AD PINK PTH TNPA SP', 3, 3, 0.88, 3),
('TD359', 'T', 'D', 'BOLA AD HTM PTH TNPA SP*', 3, 3, 0.86, 3),
('TD360', 'T', 'D', 'KG BOLA MOZA', 0, 2, 2.19, 3),
('TD361', 'T', 'D', 'ALFABET S', 3, 3, 1.08, 3),
('TD362', 'T', 'D', 'KG BUNGA KRWNG*', 0, 2, 1.52, 3),
('TD363', 'T', 'D', 'BOLA FULL AD TNPA SP*', 3, 3, 0.82, 3),
('TD364', 'T', 'D', 'HURUF R AD', 3, 3, 1.02, 3),
('TD365', 'T', 'D', 'ALFABET H AD', 3, 3, 1.05, 3),
('TD366', 'T', 'D', 'BOLA AD BIRU PTH + SP', 3, 3, 1, 3),
('TD367', 'T', 'D', 'BOLA FULL AD TANPA SP', 3, 3, 0.93, 3),
('TD368', 'T', 'D', 'DAUN VAR PTH', 0, 2, 1.24, 2),
('TD369', 'T', 'D', 'BOLA FULL AD TNPA SP', 3, 3, 0.82, 3),
('TD370', 'T', 'D', 'BOLA FULL AD TNPA SP*', 3, 3, 0.86, 3),
('TD371', 'T', 'D', 'TETES EMBUN KRWANG*', 0, 3, 1.06, 2),
('TD372', 'T', 'D', 'BUNGA 1 AD', 3, 3, 0.5, 3),
('TD373', 'T', 'D', 'HATI GEMBOK AD PINK', 0, 3, 1.16, 3),
('TD374', 'T', 'D', 'BOLA FULL AD TNPA SP', 0, 3, 1.44, 3),
('TD375', 'T', 'D', 'BUNGA AD', 3, 2, 0.9, 3),
('TD376', 'T', 'D', 'HATI AD MOZA GANDENG', 0, 3, 0.8, 3),
('TD377', 'T', 'D', 'HURUF \"D\" *', 3, 3, 1.01, 3),
('TD378', 'T', 'D', 'HATI 3AD BESAR + AD K', 0, 3, 0.88, 2),
('TD379', 'T', 'D', 'BOLA AD PTH BIRU + SP*', 3, 3, 1, 3),
('TD380', 'T', 'D', 'GEMBOK HATI AD PINK*', 0, 3, 1.16, 3),
('TD381', 'T', 'D', 'BUNGA 1 AD*', 3, 3, 0.5, 3),
('TD382', 'T', 'D', 'BOLA MOZA*', 0, 2, 0.72, 2),
('TD383', 'T', 'D', 'TETES EMBUN VAR PTH AD*', 0, 2, 1.87, 2),
('TD384', 'T', 'D', 'BUNGA KRWANG*', 3, 2, 3.68, 3),
('TD385', 'T', 'D', 'HURUF R', 3, 3, 1.08, 3),
('TD386', 'T', 'D', 'BOLA FULL AD BSR*', 0, 3, 1.5, 3),
('TD387', 'T', 'D', 'BOLA FULL AD TNP SP*', 3, 3, 0.86, 3),
('TD388', 'T', 'D', 'BUNGA 4AD*', 3, 3, 0.46, 3),
('TD389', 'T', 'D', 'HURUF A*', 3, 3, 1, 3),
('TD390', 'T', 'D', 'TETES MOZA*', 0, 2, 0.6, 2),
('TD391', 'T', 'D', 'BSR BUNGA AD', 3, 3, 2.7, 2),
('TD392', 'T', 'D', 'HATI MOZA HATI AD*', 0, 3, 0.8, 3),
('TD393', 'T', 'D', 'HATI STGH FULL AD*', 0, 2, 1.47, 2),
('TD394', 'T', 'D', 'IKAN AD', 3, 2, 1.28, 3),
('TD395', 'T', 'D', 'KUPU AD', 3, 2, 1.16, 3),
('TD396', 'T', 'D', 'BOLA MOZA*', 0, 2, 0.57, 3),
('TD397', 'T', 'D', 'BNGA AD*', 3, 3, 0.55, 3),
('TD398', 'T', 'D', 'KUPU FULL AD*', 0, 2, 1.17, 3),
('TD399', 'T', 'D', 'BOLA FULL AD BSR*', 0, 3, 2.7, 3),
('TD400', 'T', 'D', 'BOLA FULL AD PTH BRU*', 3, 3, 1.03, 3),
('TD401', 'T', 'D', 'BOLA MOZA*', 0, 2, 0.6, 3),
('TD402', 'T', 'D', 'BOLA FULL AD TNPA SP*', 0, 3, 1.46, 3),
('TD403', 'T', 'D', 'VAR PTH AD*', 0, 2, 1.18, 2),
('TD404', 'T', 'D', 'FULL AD HTM', 3, 3, 1.12, 3);

-- --------------------------------------------------------

--
-- Table structure for table `master_items_delete`
--

CREATE TABLE `master_items_delete` (
  `id` varchar(6) NOT NULL,
  `category` char(1) NOT NULL,
  `subcategory` char(1) NOT NULL,
  `nama` varchar(25) DEFAULT NULL,
  `supplier` int(11) NOT NULL DEFAULT 0,
  `karat` int(11) NOT NULL,
  `berat` float NOT NULL,
  `stocks` int(11) NOT NULL DEFAULT 1,
  `timestamp` timestamp NOT NULL DEFAULT current_timestamp()
) ENGINE=InnoDB DEFAULT CHARSET=utf8;

--
-- Dumping data for table `master_items_delete`
--

INSERT INTO `master_items_delete` (`id`, `category`, `subcategory`, `nama`, `supplier`, `karat`, `berat`, `stocks`, `timestamp`) VALUES
('GB029', 'G', 'B', 'OVAL 2BOLA PASIRAN PISAH', 0, 2, 4.28, 4, '2019-11-14 02:51:14'),
('AD015', 'A', 'D', 'ULIR VAR PTH', 3, 2, 1.6, 4, '2019-11-23 07:19:35'),
('GP029', 'G', 'P', 'SQ DOUBLE', 0, 2, 10.09, 4, '2019-12-14 09:43:52'),
('KF029', 'K', 'F', '', 4, 2, 2, 4, '2019-12-14 09:43:52'),
('KM029', 'K', 'M', 'MILANO ICE *', 0, 1, 4.1, 4, '2019-12-14 09:43:52'),
('KN021', 'K', 'N', 'DISNEY MICKEY CAT', 0, 1, 2.1, 4, '2019-12-14 09:43:52'),
('KS053', 'K', 'S', '*', 0, 1, 2.1, 4, '2019-12-14 09:43:52'),
('NS001', 'N', 'S', '', 0, 1, 2.2, 4, '2019-12-14 09:43:52'),
('AD023', 'A', 'D', 'PER 2BLT AD', 0, 3, 0.81, 4, '2020-01-02 02:18:35'),
('AG032', 'A', 'G', 'BUNGA', 7, 3, 1.07, 4, '2020-01-02 02:18:35'),
('AG033', 'A', 'G', 'BUNGA', 7, 3, 1.07, 4, '2020-01-02 02:18:35'),
('AG035', 'A', 'G', 'BUNGA', 7, 3, 1.08, 4, '2020-01-02 02:18:35'),
('AG036', 'A', 'G', 'BUNGA', 7, 3, 1.06, 4, '2020-01-02 02:18:35'),
('AG037', 'A', 'G', 'BUNGA BINTANG', 7, 3, 1, 4, '2020-01-02 02:18:35'),
('AG038', 'A', 'G', 'BUNGA BINTANG', 7, 3, 1.3, 4, '2020-01-02 02:18:35'),
('AG039', 'A', 'G', 'BUNGA BINTANG', 7, 3, 0.97, 4, '2020-01-02 02:18:35'),
('AG041', 'A', 'G', 'BUNGA BINTANG', 7, 3, 1.04, 4, '2020-01-02 02:18:35'),
('AG043', 'A', 'G', 'STGH BLT', 7, 3, 1.05, 4, '2020-01-02 02:18:35'),
('AG044', 'A', 'G', 'STGH BLT', 7, 3, 1.05, 4, '2020-01-02 02:18:35'),
('AG045', 'A', 'G', 'STGH BLT', 7, 3, 1.04, 4, '2020-01-02 02:18:35'),
('AG046', 'A', 'G', 'STGH BLT', 7, 3, 1.08, 4, '2020-01-02 02:18:35'),
('CV029', 'C', 'V', 'CARTIER', 0, 2, 2.13, 4, '2020-01-02 02:18:35'),
('CV064', 'C', 'V', 'CARTIER', 0, 2, 2.04, 4, '2020-01-02 02:18:35'),
('GB024', 'G', 'B', 'OVAL ULIR 2BOLA AD', 0, 2, 8.83, 4, '2020-01-02 02:18:35'),
('GB025', 'G', 'B', 'OVAL ULIR VAR PTH 2BOLA', 0, 2, 8.13, 4, '2020-01-02 02:18:35'),
('GB027', 'G', 'B', 'OVAL 2BOLA BOTORAN', 0, 2, 8.87, 4, '2020-01-02 02:18:35'),
('GB050', 'G', 'B', 'OVAL SABUK RANTAI AD', 0, 2, 8.26, 4, '2020-01-02 02:18:35'),
('GB179', 'G', 'B', 'OVAL 2BOLA FULL AD TUMPUK', 0, 2, 6.83, 4, '2020-01-02 02:18:35'),
('GC001', 'G', 'C', 'BLT 6 3WNA', 0, 2, 7.15, 4, '2020-01-02 02:18:35'),
('GC002', 'G', 'C', 'BLT 6 3WNA', 0, 2, 5.52, 4, '2020-01-02 02:18:35'),
('GC003', 'G', 'C', '6PCS', 0, 2, 6.32, 4, '2020-01-02 02:18:35'),
('GP031', 'G', 'P', 'FNC 2BEL', 0, 2, 7.09, 4, '2020-01-02 02:18:35'),
('GP035', 'G', 'P', 'FNC 2BEL', 0, 2, 8.08, 4, '2020-01-02 02:18:35'),
('GP037', 'G', 'P', 'FNC 2BEL', 2, 2, 10.15, 4, '2020-01-02 02:18:35'),
('IB019', 'I', 'B', 'VAR MAHKOTA 5AD (PEROT)', 3, 2, 2.07, 4, '2020-01-02 02:18:35'),
('AD030', 'A', 'D', 'DISNEY MICKEY harusnya gi', 0, 2, 2.58, 4, '2020-01-18 01:22:12'),
('AJ005', 'A', 'J', 'VAR PTH retur rusak', 3, 2, 1, 4, '2020-01-18 01:22:12'),
('BG001', 'B', 'G', 'BOLA FULL AD* harusnya AG', 0, 3, 1.36, 4, '2020-01-18 01:22:12'),
('CV455', 'C', 'V', 'CARTIER CAT AD* S', 0, 2, 2.17, 4, '2020-01-18 01:22:12'),
('GB014', 'G', 'B', 'VAR BTG *RETURN', 0, 2, 5.08, 4, '2020-01-18 01:22:12'),
('GB015', 'G', 'B', 'VAR BUNGA *RETURN', 0, 2, 10.06, 4, '2020-01-18 01:22:12'),
('GB016', 'G', 'B', 'C VAR PTH MRH *RETURN', 0, 2, 7.1, 4, '2020-01-18 01:22:12'),
('GB017', 'G', 'B', 'C VAR PTH MRH *RETURN', 0, 2, 8, 4, '2020-01-18 01:22:12'),
('GB054', 'G', 'B', 'BLT RANTAI VAR PTH *RETUR', 0, 2, 9.31, 4, '2020-01-18 01:22:12'),
('GB070', 'G', 'B', 'OVAL 3 BUNGA TIMBUL *RETU', 0, 3, 7.05, 4, '2020-01-18 01:22:12'),
('GB129', 'G', 'B', 'CARTIER AD *RUSAK', 0, 3, 5.25, 4, '2020-01-18 01:22:12'),
('GB136', 'G', 'B', 'VAR PTH AD PINK * (s) SDH', 0, 2, 5.65, 4, '2020-01-18 01:22:12'),
('IB016', 'I', 'B', 'VAR PTH+AD PTH PINK *RUSA', 3, 2, 2.04, 4, '2020-01-18 01:22:12'),
('IB055', 'I', 'B', 'CAT BNK BINTANG AD * DOUB', 3, 2, 2.1, 4, '2020-01-18 01:22:12'),
('KN018', 'K', 'N', 'FNC ALFABET J RETUR', 1, 2, 6.53, 4, '2020-01-18 01:22:12'),
('KS076', 'K', 'S', 'GEMBOK AD CAT* HARUSNY KL', 1, 1, 2.69, 4, '2020-01-18 01:22:12'),
('MM010', 'M', 'M', '* harusny normaal', 0, 1, 4.08, 4, '2020-01-18 01:22:12'),
('NG001', 'N', 'G', 'TUKER', 0, 1, 3.15, 4, '2020-01-18 01:22:12'),
('TD099', 'T', 'D', 'HATI AD *RETURN', 0, 2, 1.04, 4, '2020-01-18 01:22:12'),
('DV111', 'D', 'V', '1AD BIRU + PTH* LIONTIN', 3, 3, 0.83, 4, '2020-02-13 05:38:09'),
('GB096', 'G', 'B', 'OVAL RANTAI VAR AD *RSK', 0, 2, 5.42, 4, '2020-02-13 05:38:09'),
('GM030', 'G', 'M', 'FNC 3BAMBU *RETUR', 6, 2, 7.9, 4, '2020-02-13 05:38:09'),
('NN020', 'N', 'N', 'ALFABET M* PUTUS', 1, 1, 2.01, 4, '2020-02-13 05:38:09'),
('CV670', 'C', 'V', 'BLT LBG AD *AD LEPAS', 1, 2, 1.68, 4, '2020-03-08 07:08:14'),
('DV142', 'D', 'V', 'BUNGA AD *AD HILANG', 0, 3, 0.68, 4, '2020-03-08 07:08:14'),
('GC054', 'G', 'C', 'MOZAIK 4CM* SALAH KODE', 1, 2, 1.75, 4, '2020-03-08 07:08:14'),
('GM013', 'G', 'M', 'ALFABET G *RETUR', 0, 2, 1.58, 4, '2020-03-08 07:08:14'),
('GM036', 'G', 'M', 'ALPHABET O *GM015 RETUR', 0, 2, 1.53, 4, '2020-03-08 07:08:14'),
('GP009', 'G', 'P', 'HLW *RETUR', 0, 1, 8.06, 4, '2020-03-08 07:08:14'),
('GP011', 'G', 'P', 'HLW *RETUR', 0, 1, 8.06, 4, '2020-03-08 07:08:14'),
('GP013', 'G', 'P', 'HLW *RETUR', 0, 1, 15.1, 4, '2020-03-08 07:08:14'),
('GP015', 'G', 'P', 'HLW *RETUR', 0, 1, 12.18, 4, '2020-03-08 07:08:14'),
('HB102', 'H', 'B', 'KUNING VAR PTH *DOUBLE*', 3, 2, 2.92, 4, '2020-03-08 07:08:14'),
('HP008', 'H', 'P', 'FNC 2BEL *RETUR BEL PESOK', 0, 3, 2.02, 4, '2020-03-08 07:08:14'),
('KS085', 'K', 'S', '* putus', 0, 1, 1.96, 4, '2020-03-08 07:08:14'),
('KS108', 'K', 'S', '*DIGNTI NAMA', 0, 1, 1.94, 4, '2020-03-08 07:08:14'),
('AD051', 'A', 'D', 'CARTIER*HARUSNYA KPA', 0, 2, 1.27, 4, '2020-04-12 01:15:23'),
('AP088', 'A', 'P', '7AD*', 1, 2, 0.92, 4, '2020-04-12 01:15:23'),
('CL070', 'C', 'L', '(B) VAR PTH 1AD *CU', 0, 3, 1.66, 4, '2020-04-12 01:15:23'),
('CL079', 'C', 'L', '(B) VAR PTH MOZAIK AD 16 ', 0, 3, 1.64, 4, '2020-04-12 01:15:23'),
('CL082', 'C', 'L', '(B) 1AD*CU', 0, 3, 1.6, 4, '2020-04-12 01:15:23'),
('CL084', 'C', 'L', '(B) VAR PTH 1AD* 17 CU', 0, 3, 1.65, 4, '2020-04-12 01:15:23'),
('CL087', 'C', 'L', '(B) VAR PTH MOZA CU', 0, 2, 1.45, 4, '2020-04-12 01:15:23'),
('CV068', 'C', 'V', 'BSR PTH +AD *RETURN', 0, 2, 4.07, 4, '2020-04-12 01:15:23'),
('CV362', 'C', 'V', 'BSR PTH+AD *RETUR', 0, 2, 4.08, 4, '2020-04-12 01:15:23'),
('CV428', 'C', 'V', 'T AD *', 0, 2, 1.51, 4, '2020-04-12 01:15:23'),
('CV440', 'C', 'V', 'HATI AD*', 0, 3, 0.95, 4, '2020-04-12 01:15:23'),
('CV443', 'C', 'V', 'KUPU STGH AD*', 0, 2, 1.39, 4, '2020-04-12 01:15:23'),
('CV444', 'C', 'V', 'SABUK AD*', 0, 2, 1.84, 4, '2020-04-12 01:15:23'),
('CV445', 'C', 'V', '(B) AD CAT HITAM* CU', 0, 2, 2.87, 4, '2020-04-12 01:15:23'),
('CV456', 'C', 'V', 'HATI LBG AD*', 0, 3, 1.14, 4, '2020-04-12 01:15:23'),
('CV457', 'C', 'V', '(B) ANGSA AD PINK* CU', 0, 2, 1.63, 4, '2020-04-12 01:15:23'),
('CV475', 'C', 'V', '(B) AD CAT MRH HJAU* CU', 0, 2, 2.17, 4, '2020-04-12 01:15:23'),
('CV477', 'C', 'V', 'BUNGA 2AD*', 0, 3, 0.8, 4, '2020-04-12 01:15:23'),
('CV487', 'C', 'V', 'BUNGA BLT AD*', 0, 3, 1.69, 4, '2020-04-12 01:15:23'),
('CV531', 'C', 'V', 'PETIR AD*', 0, 2, 1.27, 4, '2020-04-12 01:15:23'),
('CV603', 'C', 'V', 'MAHKOTA AD', 0, 3, 1, 4, '2020-04-12 01:15:23'),
('CV629', 'C', 'V', 'HATI LBG AD*', 0, 3, 1.21, 4, '2020-04-12 01:15:23'),
('CV651', 'C', 'V', 'VAR PTH GLMBG AD*', 0, 3, 1.82, 4, '2020-04-12 01:15:23'),
('CV684', 'C', 'V', '(B) GLMBG AD CU', 3, 2, 3.27, 4, '2020-04-12 01:15:23'),
('CV709', 'C', 'V', 'RAINBOW', 0, 2, 2.2, 4, '2020-04-12 01:15:23'),
('CV719', 'C', 'V', '(B) 1AD BSAR+KCIL CU', 0, 2, 2.19, 4, '2020-04-12 01:15:23'),
('GB043', 'G', 'B', 'OVAL CARTIER VAR PTH DIBA', 0, 2, 7.58, 4, '2020-04-12 01:15:23'),
('GB176', 'G', 'B', 'DISNEY BLT AD *RETUR', 0, 2, 3.2, 4, '2020-04-12 01:15:23'),
('GB264', 'G', 'B', 'CARTIER AD *RETUR OK', 0, 2, 6.92, 4, '2020-04-12 01:15:23'),
('GB275', 'G', 'B', 'OVAL LOVE 1AD *RETUR OK', 0, 2, 3.43, 4, '2020-04-12 01:15:23'),
('GB276', 'G', 'B', 'OVAL 7BOLA 3WNA *RETUR OK', 0, 2, 4.38, 4, '2020-04-12 01:15:23'),
('GB277', 'G', 'B', 'OVAL CARTIER *DIBAWA IBUK', 0, 2, 4.92, 4, '2020-04-12 01:15:23'),
('GB279', 'G', 'B', 'OVAL CARTIER *DIBAWA IBUK', 0, 2, 4.67, 4, '2020-04-12 01:15:23'),
('GB282', 'G', 'B', '(B) OVAL CARTIER *DIBAWA ', 0, 2, 4.51, 4, '2020-04-12 01:15:23'),
('GB284', 'G', 'B', 'OVAL PAKU AD*', 0, 2, 6.4, 4, '2020-04-12 01:15:23'),
('GP081', 'G', 'P', '(B) FNCY PLAKATO 4MN *DBW', 0, 3, 2.76, 4, '2020-04-12 01:15:23'),
('HB054', 'H', 'B', 'MELODY CAT *RETUR', 0, 2, 2.1, 4, '2020-04-12 01:15:23'),
('HB056', 'H', 'B', 'TSUM CAT CE *RETUR', 0, 2, 1.9, 4, '2020-04-12 01:15:23'),
('HB058', 'H', 'B', 'MINI FULL AD *RETUR', 0, 2, 1.65, 4, '2020-04-12 01:15:23'),
('HB059', 'H', 'B', 'MINI FULL AD *RETUR', 0, 2, 1.63, 4, '2020-04-12 01:15:23'),
('HM028', 'H', 'M', '5MN 2HATI 3MELODYCAT *RET', 0, 2, 2.98, 4, '2020-04-12 01:15:23'),
('KM078', 'K', 'M', 'retur', 0, 1, 1.98, 4, '2020-04-12 01:15:23'),
('KM090', 'K', 'M', '*PUTUS', 0, 1, 3.17, 4, '2020-04-12 01:15:23'),
('CV295', 'C', 'V', 'ALFABET H AD *', 1, 3, 0.95, 4, '2020-04-15 06:48:32'),
('CV392', 'C', 'V', '2AD BLT*', 0, 2, 2.5, 4, '2020-04-15 06:48:32'),
('CV430', 'C', 'V', 'AD CAT*', 3, 2, 2.16, 4, '2020-04-15 06:48:32'),
('CV454', 'C', 'V', 'BOTORAN*', 10, 3, 1.44, 4, '2020-04-15 06:48:32'),
('DV022', 'D', 'V', 'CAT TIMBUL STROBERI', 3, 2, 0.54, 4, '2020-04-15 06:48:32'),
('KF013', 'K', 'F', '', 4, 2, 3.02, 4, '2020-04-15 06:48:32'),
('BM059', 'B', 'M', '1MN HTI GYNG salah kode', 0, 2, 0.56, 4, '2020-05-23 10:06:29'),
('BM060', 'B', 'M', '1MN HTI GYNG salah kode', 0, 2, 0.56, 4, '2020-05-23 10:06:29'),
('BM061', 'B', 'M', '1MN HTI GYNG salah kode', 0, 2, 0.56, 4, '2020-05-23 10:06:29'),
('BM062', 'B', 'M', '1MN HTI GYNG salah kode', 0, 2, 0.56, 4, '2020-05-23 10:06:29'),
('BM063', 'B', 'M', '1MN HTI GYNG salah kode', 0, 2, 0.56, 4, '2020-05-23 10:06:29'),
('DV173', 'D', 'V', 'BUNGA AD rusak', 0, 3, 0.68, 4, '2020-05-23 10:06:29'),
('GM152', 'G', 'M', 'COR DOUBLE KG retur ok', 0, 2, 11.58, 4, '2020-05-23 10:06:29'),
('GP075', 'G', 'P', 'MOZAIK  7CM*', 1, 3, 2.7, 4, '2020-05-23 10:06:29');

-- --------------------------------------------------------

--
-- Table structure for table `master_price`
--

CREATE TABLE `master_price` (
  `id` int(11) NOT NULL,
  `id_carat` int(11) NOT NULL,
  `date_time` datetime NOT NULL DEFAULT current_timestamp(),
  `sell_price` int(11) NOT NULL,
  `buyback_price` int(11) NOT NULL
) ENGINE=InnoDB DEFAULT CHARSET=utf8;

--
-- Dumping data for table `master_price`
--

INSERT INTO `master_price` (`id`, `id_carat`, `date_time`, `sell_price`, `buyback_price`) VALUES
(1, 1, '2019-09-24 11:02:57', 300000, 260000);

-- --------------------------------------------------------

--
-- Table structure for table `master_status`
--

CREATE TABLE `master_status` (
  `id` int(11) NOT NULL,
  `status` varchar(20) NOT NULL
) ENGINE=InnoDB DEFAULT CHARSET=utf8;

-- --------------------------------------------------------

--
-- Table structure for table `master_subcategory`
--

CREATE TABLE `master_subcategory` (
  `id` char(1) NOT NULL,
  `category` char(1) NOT NULL,
  `nama` varchar(30) NOT NULL
) ENGINE=InnoDB DEFAULT CHARSET=utf8;

--
-- Dumping data for table `master_subcategory`
--

INSERT INTO `master_subcategory` (`id`, `category`, `nama`) VALUES
('B', 'G', 'BK'),
('B', 'H', 'BK'),
('B', 'I', 'BK'),
('C', 'G', 'KRCG'),
('C', 'K', 'CY'),
('C', 'M', 'CY'),
('C', 'L', 'CY'),
('C', 'N', 'CY'),
('D', 'A', 'DS'),
('D', 'B', 'DS'),
('F', 'K', 'FY'),
('F', 'L', 'FY'),
('F', 'M', 'FY'),
('F', 'N', 'FY'),
('G', 'A', 'GW'),
('G', 'B', 'GW'),
('H', 'K', 'HL'),
('H', 'L', 'HL'),
('H', 'M', 'HL'),
('H', 'N', 'HL'),
('K', 'A', 'KL'),
('K', 'G', 'KAKI'),
('L', 'K', 'LL'),
('L', 'L', 'LL'),
('L', 'M', 'LL'),
('L', 'N', 'LL'),
('M', 'A', 'MN'),
('M', 'B', 'MN'),
('M', 'G', 'MN'),
('M', 'H', 'MN'),
('M', 'K', 'MILANO'),
('M', 'L', 'MIL'),
('M', 'M', 'MIL'),
('M', 'N', 'MIL'),
('P', 'A', 'KPA'),
('P', 'G', 'PLS'),
('P', 'H', 'PLS'),
('R', 'K', 'RAMBO'),
('R', 'L', 'RO'),
('R', 'M', 'RO'),
('R', 'N', 'RO'),
('J', 'B', 'JP'),
('S', 'L', 'SAN'),
('S', 'M', 'SAN'),
('S', 'N', 'SAN'),
('V', 'C', 'VAR'),
('V', 'D', 'VAR'),
('V', 'E', 'VAR'),
('L', 'C', 'PLS'),
('L', 'E', 'PLS'),
('L', 'D', 'PLS'),
('J', 'A', 'JP'),
('D', 'T', 'DS'),
('A', 'T', 'AN'),
('N', 'K', 'MN'),
('N', 'N', 'MN'),
('G', 'N', 'GC'),
('I', 'M', 'ICE'),
('I', 'K', 'ICE'),
('S', 'A', 'SB'),
('Q', 'K', 'SQUARE'),
('S', 'K', 'SAN'),
('G', 'K', 'GC');

-- --------------------------------------------------------

--
-- Table structure for table `master_supplier`
--

CREATE TABLE `master_supplier` (
  `id` int(11) NOT NULL,
  `code` varchar(4) NOT NULL,
  `nama` varchar(20) NOT NULL
) ENGINE=InnoDB DEFAULT CHARSET=utf8;

--
-- Dumping data for table `master_supplier`
--

INSERT INTO `master_supplier` (`id`, `code`, `nama`) VALUES
(0, 'UBS', 'UBS'),
(1, 'HWT', 'HWT'),
(2, 'LT', 'LOTUS'),
(3, 'LG', 'LESTARI'),
(4, 'KING', 'KING'),
(5, 'MT', 'MATAHARI'),
(6, 'YT', 'YT'),
(7, 'NN', 'NN'),
(8, 'PM', 'PM'),
(9, 'KS', 'KS'),
(10, 'DKS', 'DKS'),
(11, 'GMC', 'GMC');

-- --------------------------------------------------------

--
-- Table structure for table `master_user`
--

CREATE TABLE `master_user` (
  `username` varchar(20) NOT NULL,
  `password` varchar(50) NOT NULL,
  `role` varchar(20) NOT NULL
) ENGINE=InnoDB DEFAULT CHARSET=utf8;

-- --------------------------------------------------------

--
-- Table structure for table `pma__bookmark`
--

CREATE TABLE `pma__bookmark` (
  `id` int(10) UNSIGNED NOT NULL,
  `dbase` varchar(255) COLLATE utf8_bin NOT NULL DEFAULT '',
  `user` varchar(255) COLLATE utf8_bin NOT NULL DEFAULT '',
  `label` varchar(255) CHARACTER SET utf8 NOT NULL DEFAULT '',
  `query` text COLLATE utf8_bin NOT NULL
) ENGINE=InnoDB DEFAULT CHARSET=utf8 COLLATE=utf8_bin COMMENT='Bookmarks';

-- --------------------------------------------------------

--
-- Table structure for table `pma__central_columns`
--

CREATE TABLE `pma__central_columns` (
  `db_name` varchar(64) COLLATE utf8_bin NOT NULL,
  `col_name` varchar(64) COLLATE utf8_bin NOT NULL,
  `col_type` varchar(64) COLLATE utf8_bin NOT NULL,
  `col_length` text COLLATE utf8_bin DEFAULT NULL,
  `col_collation` varchar(64) COLLATE utf8_bin NOT NULL,
  `col_isNull` tinyint(1) NOT NULL,
  `col_extra` varchar(255) COLLATE utf8_bin DEFAULT '',
  `col_default` text COLLATE utf8_bin DEFAULT NULL
) ENGINE=InnoDB DEFAULT CHARSET=utf8 COLLATE=utf8_bin COMMENT='Central list of columns';

-- --------------------------------------------------------

--
-- Table structure for table `pma__column_info`
--

CREATE TABLE `pma__column_info` (
  `id` int(5) UNSIGNED NOT NULL,
  `db_name` varchar(64) COLLATE utf8_bin NOT NULL DEFAULT '',
  `table_name` varchar(64) COLLATE utf8_bin NOT NULL DEFAULT '',
  `column_name` varchar(64) COLLATE utf8_bin NOT NULL DEFAULT '',
  `comment` varchar(255) CHARACTER SET utf8 NOT NULL DEFAULT '',
  `mimetype` varchar(255) CHARACTER SET utf8 NOT NULL DEFAULT '',
  `transformation` varchar(255) COLLATE utf8_bin NOT NULL DEFAULT '',
  `transformation_options` varchar(255) COLLATE utf8_bin NOT NULL DEFAULT '',
  `input_transformation` varchar(255) COLLATE utf8_bin NOT NULL DEFAULT '',
  `input_transformation_options` varchar(255) COLLATE utf8_bin NOT NULL DEFAULT ''
) ENGINE=InnoDB DEFAULT CHARSET=utf8 COLLATE=utf8_bin COMMENT='Column information for phpMyAdmin';

-- --------------------------------------------------------

--
-- Table structure for table `pma__designer_settings`
--

CREATE TABLE `pma__designer_settings` (
  `username` varchar(64) COLLATE utf8_bin NOT NULL,
  `settings_data` text COLLATE utf8_bin NOT NULL
) ENGINE=InnoDB DEFAULT CHARSET=utf8 COLLATE=utf8_bin COMMENT='Settings related to Designer';

-- --------------------------------------------------------

--
-- Table structure for table `pma__export_templates`
--

CREATE TABLE `pma__export_templates` (
  `id` int(5) UNSIGNED NOT NULL,
  `username` varchar(64) COLLATE utf8_bin NOT NULL,
  `export_type` varchar(10) COLLATE utf8_bin NOT NULL,
  `template_name` varchar(64) COLLATE utf8_bin NOT NULL,
  `template_data` text COLLATE utf8_bin NOT NULL
) ENGINE=InnoDB DEFAULT CHARSET=utf8 COLLATE=utf8_bin COMMENT='Saved export templates';

-- --------------------------------------------------------

--
-- Table structure for table `pma__favorite`
--

CREATE TABLE `pma__favorite` (
  `username` varchar(64) COLLATE utf8_bin NOT NULL,
  `tables` text COLLATE utf8_bin NOT NULL
) ENGINE=InnoDB DEFAULT CHARSET=utf8 COLLATE=utf8_bin COMMENT='Favorite tables';

-- --------------------------------------------------------

--
-- Table structure for table `pma__history`
--

CREATE TABLE `pma__history` (
  `id` bigint(20) UNSIGNED NOT NULL,
  `username` varchar(64) COLLATE utf8_bin NOT NULL DEFAULT '',
  `db` varchar(64) COLLATE utf8_bin NOT NULL DEFAULT '',
  `table` varchar(64) COLLATE utf8_bin NOT NULL DEFAULT '',
  `timevalue` timestamp NOT NULL DEFAULT current_timestamp(),
  `sqlquery` text COLLATE utf8_bin NOT NULL
) ENGINE=InnoDB DEFAULT CHARSET=utf8 COLLATE=utf8_bin COMMENT='SQL history for phpMyAdmin';

-- --------------------------------------------------------

--
-- Table structure for table `pma__navigationhiding`
--

CREATE TABLE `pma__navigationhiding` (
  `username` varchar(64) COLLATE utf8_bin NOT NULL,
  `item_name` varchar(64) COLLATE utf8_bin NOT NULL,
  `item_type` varchar(64) COLLATE utf8_bin NOT NULL,
  `db_name` varchar(64) COLLATE utf8_bin NOT NULL,
  `table_name` varchar(64) COLLATE utf8_bin NOT NULL
) ENGINE=InnoDB DEFAULT CHARSET=utf8 COLLATE=utf8_bin COMMENT='Hidden items of navigation tree';

-- --------------------------------------------------------

--
-- Table structure for table `pma__pdf_pages`
--

CREATE TABLE `pma__pdf_pages` (
  `db_name` varchar(64) COLLATE utf8_bin NOT NULL DEFAULT '',
  `page_nr` int(10) UNSIGNED NOT NULL,
  `page_descr` varchar(50) CHARACTER SET utf8 NOT NULL DEFAULT ''
) ENGINE=InnoDB DEFAULT CHARSET=utf8 COLLATE=utf8_bin COMMENT='PDF relation pages for phpMyAdmin';

-- --------------------------------------------------------

--
-- Table structure for table `pma__recent`
--

CREATE TABLE `pma__recent` (
  `username` varchar(64) COLLATE utf8_bin NOT NULL,
  `tables` text COLLATE utf8_bin NOT NULL
) ENGINE=InnoDB DEFAULT CHARSET=utf8 COLLATE=utf8_bin COMMENT='Recently accessed tables';

-- --------------------------------------------------------

--
-- Table structure for table `pma__relation`
--

CREATE TABLE `pma__relation` (
  `master_db` varchar(64) COLLATE utf8_bin NOT NULL DEFAULT '',
  `master_table` varchar(64) COLLATE utf8_bin NOT NULL DEFAULT '',
  `master_field` varchar(64) COLLATE utf8_bin NOT NULL DEFAULT '',
  `foreign_db` varchar(64) COLLATE utf8_bin NOT NULL DEFAULT '',
  `foreign_table` varchar(64) COLLATE utf8_bin NOT NULL DEFAULT '',
  `foreign_field` varchar(64) COLLATE utf8_bin NOT NULL DEFAULT ''
) ENGINE=InnoDB DEFAULT CHARSET=utf8 COLLATE=utf8_bin COMMENT='Relation table';

-- --------------------------------------------------------

--
-- Table structure for table `pma__savedsearches`
--

CREATE TABLE `pma__savedsearches` (
  `id` int(5) UNSIGNED NOT NULL,
  `username` varchar(64) COLLATE utf8_bin NOT NULL DEFAULT '',
  `db_name` varchar(64) COLLATE utf8_bin NOT NULL DEFAULT '',
  `search_name` varchar(64) COLLATE utf8_bin NOT NULL DEFAULT '',
  `search_data` text COLLATE utf8_bin NOT NULL
) ENGINE=InnoDB DEFAULT CHARSET=utf8 COLLATE=utf8_bin COMMENT='Saved searches';

-- --------------------------------------------------------

--
-- Table structure for table `pma__table_coords`
--

CREATE TABLE `pma__table_coords` (
  `db_name` varchar(64) COLLATE utf8_bin NOT NULL DEFAULT '',
  `table_name` varchar(64) COLLATE utf8_bin NOT NULL DEFAULT '',
  `pdf_page_number` int(11) NOT NULL DEFAULT 0,
  `x` float UNSIGNED NOT NULL DEFAULT 0,
  `y` float UNSIGNED NOT NULL DEFAULT 0
) ENGINE=InnoDB DEFAULT CHARSET=utf8 COLLATE=utf8_bin COMMENT='Table coordinates for phpMyAdmin PDF output';

-- --------------------------------------------------------

--
-- Table structure for table `pma__table_info`
--

CREATE TABLE `pma__table_info` (
  `db_name` varchar(64) COLLATE utf8_bin NOT NULL DEFAULT '',
  `table_name` varchar(64) COLLATE utf8_bin NOT NULL DEFAULT '',
  `display_field` varchar(64) COLLATE utf8_bin NOT NULL DEFAULT ''
) ENGINE=InnoDB DEFAULT CHARSET=utf8 COLLATE=utf8_bin COMMENT='Table information for phpMyAdmin';

-- --------------------------------------------------------

--
-- Table structure for table `pma__table_uiprefs`
--

CREATE TABLE `pma__table_uiprefs` (
  `username` varchar(64) COLLATE utf8_bin NOT NULL,
  `db_name` varchar(64) COLLATE utf8_bin NOT NULL,
  `table_name` varchar(64) COLLATE utf8_bin NOT NULL,
  `prefs` text COLLATE utf8_bin NOT NULL,
  `last_update` timestamp NOT NULL DEFAULT current_timestamp() ON UPDATE current_timestamp()
) ENGINE=InnoDB DEFAULT CHARSET=utf8 COLLATE=utf8_bin COMMENT='Tables'' UI preferences';

-- --------------------------------------------------------

--
-- Table structure for table `pma__tracking`
--

CREATE TABLE `pma__tracking` (
  `db_name` varchar(64) COLLATE utf8_bin NOT NULL,
  `table_name` varchar(64) COLLATE utf8_bin NOT NULL,
  `version` int(10) UNSIGNED NOT NULL,
  `date_created` datetime NOT NULL,
  `date_updated` datetime NOT NULL,
  `schema_snapshot` text COLLATE utf8_bin NOT NULL,
  `schema_sql` text COLLATE utf8_bin DEFAULT NULL,
  `data_sql` longtext COLLATE utf8_bin DEFAULT NULL,
  `tracking` set('UPDATE','REPLACE','INSERT','DELETE','TRUNCATE','CREATE DATABASE','ALTER DATABASE','DROP DATABASE','CREATE TABLE','ALTER TABLE','RENAME TABLE','DROP TABLE','CREATE INDEX','DROP INDEX','CREATE VIEW','ALTER VIEW','DROP VIEW') COLLATE utf8_bin DEFAULT NULL,
  `tracking_active` int(1) UNSIGNED NOT NULL DEFAULT 1
) ENGINE=InnoDB DEFAULT CHARSET=utf8 COLLATE=utf8_bin COMMENT='Database changes tracking for phpMyAdmin';

-- --------------------------------------------------------

--
-- Table structure for table `pma__userconfig`
--

CREATE TABLE `pma__userconfig` (
  `username` varchar(64) COLLATE utf8_bin NOT NULL,
  `timevalue` timestamp NOT NULL DEFAULT current_timestamp() ON UPDATE current_timestamp(),
  `config_data` text COLLATE utf8_bin NOT NULL
) ENGINE=InnoDB DEFAULT CHARSET=utf8 COLLATE=utf8_bin COMMENT='User preferences storage for phpMyAdmin';

-- --------------------------------------------------------

--
-- Table structure for table `pma__usergroups`
--

CREATE TABLE `pma__usergroups` (
  `usergroup` varchar(64) COLLATE utf8_bin NOT NULL,
  `tab` varchar(64) COLLATE utf8_bin NOT NULL,
  `allowed` enum('Y','N') COLLATE utf8_bin NOT NULL DEFAULT 'N'
) ENGINE=InnoDB DEFAULT CHARSET=utf8 COLLATE=utf8_bin COMMENT='User groups with configured menu items';

-- --------------------------------------------------------

--
-- Table structure for table `pma__users`
--

CREATE TABLE `pma__users` (
  `username` varchar(64) COLLATE utf8_bin NOT NULL,
  `usergroup` varchar(64) COLLATE utf8_bin NOT NULL
) ENGINE=InnoDB DEFAULT CHARSET=utf8 COLLATE=utf8_bin COMMENT='Users and their assignments to user groups';

--
-- Indexes for dumped tables
--

--
-- Indexes for table `activity_log`
--
ALTER TABLE `activity_log`
  ADD PRIMARY KEY (`id`);

--
-- Indexes for table `items_check`
--
ALTER TABLE `items_check`
  ADD PRIMARY KEY (`id`);

--
-- Indexes for table `items_check_detail`
--
ALTER TABLE `items_check_detail`
  ADD PRIMARY KEY (`id_stock_check`,`id_items`);

--
-- Indexes for table `master_carat`
--
ALTER TABLE `master_carat`
  ADD PRIMARY KEY (`id`);

--
-- Indexes for table `master_category`
--
ALTER TABLE `master_category`
  ADD PRIMARY KEY (`id`);

--
-- Indexes for table `master_items`
--
ALTER TABLE `master_items`
  ADD PRIMARY KEY (`id`);

--
-- Indexes for table `master_price`
--
ALTER TABLE `master_price`
  ADD PRIMARY KEY (`id`,`id_carat`) USING BTREE;

--
-- Indexes for table `master_status`
--
ALTER TABLE `master_status`
  ADD PRIMARY KEY (`id`);

--
-- Indexes for table `master_supplier`
--
ALTER TABLE `master_supplier`
  ADD PRIMARY KEY (`id`);

--
-- Indexes for table `master_user`
--
ALTER TABLE `master_user`
  ADD PRIMARY KEY (`username`);

--
-- Indexes for table `pma__bookmark`
--
ALTER TABLE `pma__bookmark`
  ADD PRIMARY KEY (`id`);

--
-- Indexes for table `pma__central_columns`
--
ALTER TABLE `pma__central_columns`
  ADD PRIMARY KEY (`db_name`,`col_name`);

--
-- Indexes for table `pma__column_info`
--
ALTER TABLE `pma__column_info`
  ADD PRIMARY KEY (`id`),
  ADD UNIQUE KEY `db_name` (`db_name`,`table_name`,`column_name`);

--
-- Indexes for table `pma__designer_settings`
--
ALTER TABLE `pma__designer_settings`
  ADD PRIMARY KEY (`username`);

--
-- Indexes for table `pma__export_templates`
--
ALTER TABLE `pma__export_templates`
  ADD PRIMARY KEY (`id`),
  ADD UNIQUE KEY `u_user_type_template` (`username`,`export_type`,`template_name`);

--
-- Indexes for table `pma__favorite`
--
ALTER TABLE `pma__favorite`
  ADD PRIMARY KEY (`username`);

--
-- Indexes for table `pma__history`
--
ALTER TABLE `pma__history`
  ADD PRIMARY KEY (`id`),
  ADD KEY `username` (`username`,`db`,`table`,`timevalue`);

--
-- Indexes for table `pma__navigationhiding`
--
ALTER TABLE `pma__navigationhiding`
  ADD PRIMARY KEY (`username`,`item_name`,`item_type`,`db_name`,`table_name`);

--
-- Indexes for table `pma__pdf_pages`
--
ALTER TABLE `pma__pdf_pages`
  ADD PRIMARY KEY (`page_nr`),
  ADD KEY `db_name` (`db_name`);

--
-- Indexes for table `pma__recent`
--
ALTER TABLE `pma__recent`
  ADD PRIMARY KEY (`username`);

--
-- Indexes for table `pma__relation`
--
ALTER TABLE `pma__relation`
  ADD PRIMARY KEY (`master_db`,`master_table`,`master_field`),
  ADD KEY `foreign_field` (`foreign_db`,`foreign_table`);

--
-- Indexes for table `pma__savedsearches`
--
ALTER TABLE `pma__savedsearches`
  ADD PRIMARY KEY (`id`),
  ADD UNIQUE KEY `u_savedsearches_username_dbname` (`username`,`db_name`,`search_name`);

--
-- Indexes for table `pma__table_coords`
--
ALTER TABLE `pma__table_coords`
  ADD PRIMARY KEY (`db_name`,`table_name`,`pdf_page_number`);

--
-- Indexes for table `pma__table_info`
--
ALTER TABLE `pma__table_info`
  ADD PRIMARY KEY (`db_name`,`table_name`);

--
-- Indexes for table `pma__table_uiprefs`
--
ALTER TABLE `pma__table_uiprefs`
  ADD PRIMARY KEY (`username`,`db_name`,`table_name`);

--
-- Indexes for table `pma__tracking`
--
ALTER TABLE `pma__tracking`
  ADD PRIMARY KEY (`db_name`,`table_name`,`version`);

--
-- Indexes for table `pma__userconfig`
--
ALTER TABLE `pma__userconfig`
  ADD PRIMARY KEY (`username`);

--
-- Indexes for table `pma__usergroups`
--
ALTER TABLE `pma__usergroups`
  ADD PRIMARY KEY (`usergroup`,`tab`,`allowed`);

--
-- Indexes for table `pma__users`
--
ALTER TABLE `pma__users`
  ADD PRIMARY KEY (`username`,`usergroup`);

--
-- AUTO_INCREMENT for dumped tables
--

--
-- AUTO_INCREMENT for table `pma__bookmark`
--
ALTER TABLE `pma__bookmark`
  MODIFY `id` int(10) UNSIGNED NOT NULL AUTO_INCREMENT;

--
-- AUTO_INCREMENT for table `pma__column_info`
--
ALTER TABLE `pma__column_info`
  MODIFY `id` int(5) UNSIGNED NOT NULL AUTO_INCREMENT;

--
-- AUTO_INCREMENT for table `pma__export_templates`
--
ALTER TABLE `pma__export_templates`
  MODIFY `id` int(5) UNSIGNED NOT NULL AUTO_INCREMENT;

--
-- AUTO_INCREMENT for table `pma__history`
--
ALTER TABLE `pma__history`
  MODIFY `id` bigint(20) UNSIGNED NOT NULL AUTO_INCREMENT;

--
-- AUTO_INCREMENT for table `pma__pdf_pages`
--
ALTER TABLE `pma__pdf_pages`
  MODIFY `page_nr` int(10) UNSIGNED NOT NULL AUTO_INCREMENT;

--
-- AUTO_INCREMENT for table `pma__savedsearches`
--
ALTER TABLE `pma__savedsearches`
  MODIFY `id` int(5) UNSIGNED NOT NULL AUTO_INCREMENT;
COMMIT;

/*!40101 SET CHARACTER_SET_CLIENT=@OLD_CHARACTER_SET_CLIENT */;
/*!40101 SET CHARACTER_SET_RESULTS=@OLD_CHARACTER_SET_RESULTS */;
/*!40101 SET COLLATION_CONNECTION=@OLD_COLLATION_CONNECTION */;
